file_path,line_number,symbol_type,symbol_name,parent_or_return,visibility,status,notes
integration_test/ai_orchestrator_integration_test.dart,4,Method/Function,main,void,Public,STATICALLY_VALID,Params: ()
integration_test/app_test.dart,6,Method/Function,main,void,Public,STATICALLY_VALID,Params: ()
integration_test/manus_live_verification_test.dart,10,Method/Function,main,void,Public,STATICALLY_VALID,Params: ()
integration_test/wave1a_live_verification_test.dart,9,Method/Function,main,void,Public,STATICALLY_VALID,Params: ()
lib/config.dart,2,Class,Config,,Public,STATICALLY_VALID,Base Class
lib/main.dart,44,Method/Function,main,Future<void>,Public,STATICALLY_VALID,Params: ()
lib/main.dart,128,Class,SmartContentCreatorApp,StatelessWidget,Public,STATICALLY_VALID,Extends StatelessWidget
lib/main.dart,129,Method/Function,SmartContentCreatorApp.SmartContentCreatorApp,const,Public,STATICALLY_VALID,Params: ({super.key})
lib/main.dart,132,Method/Function,SmartContentCreatorApp.build,Widget,Public,STATICALLY_VALID,Params: (BuildContext context)
lib/main.dart,146,Method/Function,SmartContentCreatorApp.Breakpoint,const,Public,STATICALLY_VALID,"Params: (start: 0, end: 450, name: MOBILE)"
lib/main.dart,147,Method/Function,SmartContentCreatorApp.Breakpoint,const,Public,STATICALLY_VALID,"Params: (start: 451, end: 800, name: TABLET)"
lib/main.dart,148,Method/Function,SmartContentCreatorApp.Breakpoint,const,Public,STATICALLY_VALID,"Params: (start: 801, end: 1920, name: DESKTOP)"
lib/main.dart,149,Method/Function,SmartContentCreatorApp.Breakpoint,const,Public,STATICALLY_VALID,"Params: (start: 1921, end: double.infinity, name:...)"
lib/main.dart,233,Method/Function,SmartContentCreatorApp.ProductPhotographyScreen,const,Public,STATICALLY_VALID,Params: ()
lib/main.dart,237,Method/Function,SmartContentCreatorApp.ProductCatalogScreen,const,Public,STATICALLY_VALID,Params: ()
scratch/inspect_excel.dart,9,Class,CatalogXlsxImportResult,,Public,STATICALLY_VALID,Base Class
scratch/inspect_excel.dart,25,Class,CatalogXlsxImportService,,Public,STATICALLY_VALID,Base Class
scratch/inspect_excel.dart,102,Method/Function,CatalogXlsxImportService.FormatException,throw,Public,STATICALLY_VALID,Params: ('No sheets found in workbook. Available:...)
scratch/inspect_excel.dart,104,Method/Function,CatalogXlsxImportService.FormatException,throw,Public,STATICALLY_VALID,"Params: ('Required sheet ""$targetSheetName"" was n...)"
scratch/inspect_excel.dart,110,Method/Function,CatalogXlsxImportService.FormatException,throw,Public,STATICALLY_VALID,"Params: ('Worksheet file ""$targetSheetPath"" not f...)"
scratch/inspect_excel.dart,128,Method/Function,CatalogXlsxImportService.getCellText,String,Public,STATICALLY_VALID,Params: (XmlElement c)
scratch/inspect_excel.dart,187,Method/Function,CatalogXlsxImportService.getVal,String,Public,STATICALLY_VALID,Params: (String colName)
scratch/inspect_excel.dart,263,Method/Function,CatalogXlsxImportService.main,void,Public,STATICALLY_VALID,Params: ()
test/ai_backend_router_test.dart,9,Class,MockFirebaseAiLogicService,FirebaseAiLogicService,Public,STATICALLY_VALID,Extends FirebaseAiLogicService
test/ai_backend_router_test.dart,52,Class,MockBack4AppGatewayService,Back4AppGatewayService,Public,STATICALLY_VALID,Extends Back4AppGatewayService
test/ai_backend_router_test.dart,77,Class,TestableAIBackendRouter,AIBackendRouter,Public,STATICALLY_VALID,Extends AIBackendRouter
test/ai_backend_router_test.dart,81,Method/Function,TestableAIBackendRouter.resolveBackend,Future<String>,Public,STATICALLY_VALID,Params: ()
test/ai_backend_router_test.dart,86,Method/Function,TestableAIBackendRouter.main,void,Public,STATICALLY_VALID,Params: ()
test/catalog_dual_read_verification_test.dart,7,Class,MockBack4AppCatalogRepository,,Public,STATICALLY_VALID,Base Class
test/catalog_dual_read_verification_test.dart,30,Method/Function,MockBack4AppCatalogRepository.getProduct,Future<CatalogProduct?>,Public,STATICALLY_VALID,Params: (String productId)
test/catalog_dual_read_verification_test.dart,32,Method/Function,MockBack4AppCatalogRepository.saveProduct,Future<bool>,Public,STATICALLY_VALID,Params: (CatalogProduct product)
test/catalog_dual_read_verification_test.dart,34,Method/Function,MockBack4AppCatalogRepository.updateProduct,Future<bool>,Public,STATICALLY_VALID,Params: (CatalogProduct product)
test/catalog_dual_read_verification_test.dart,36,Method/Function,MockBack4AppCatalogRepository.deleteProduct,Future<bool>,Public,STATICALLY_VALID,Params: (String productId)
test/catalog_dual_read_verification_test.dart,38,Method/Function,MockBack4AppCatalogRepository.restoreProduct,Future<bool>,Public,STATICALLY_VALID,Params: (String productId)
test/catalog_dual_read_verification_test.dart,40,Method/Function,MockBack4AppCatalogRepository.syncWithServer,Future<void>,Public,STATICALLY_VALID,Params: ()
test/catalog_dual_read_verification_test.dart,42,Method/Function,MockBack4AppCatalogRepository.getProductMedia,Future<List<CatalogProductMedia>>,Public,STATICALLY_VALID,Params: (String productId)
test/catalog_dual_read_verification_test.dart,44,Method/Function,MockBack4AppCatalogRepository.addProductMedia,Future<bool>,Public,STATICALLY_VALID,Params: (CatalogProductMedia media)
test/catalog_dual_read_verification_test.dart,46,Method/Function,MockBack4AppCatalogRepository.deleteProductMedia,Future<bool>,Public,STATICALLY_VALID,Params: (String mediaId)
test/catalog_dual_read_verification_test.dart,48,Method/Function,MockBack4AppCatalogRepository.batchSaveProducts,Future<int>,Public,STATICALLY_VALID,"Params: (List<CatalogProduct> products, {int batc...)"
test/catalog_dual_read_verification_test.dart,50,Method/Function,MockBack4AppCatalogRepository.getCategories,Future<List<CatalogCategory>>,Public,STATICALLY_VALID,Params: ()
test/catalog_dual_read_verification_test.dart,53,Method/Function,MockBack4AppCatalogRepository.main,void,Public,STATICALLY_VALID,Params: ()
test/catalog_excel_parser_test.dart,7,Method/Function,main,void,Public,STATICALLY_VALID,Params: ()
test/catalog_xlsx_import_service_test.dart,5,Method/Function,main,void,Public,STATICALLY_VALID,Params: ()
test/chinese_platform_query_test.dart,5,Method/Function,main,void,Public,STATICALLY_VALID,Params: ()
test/controlled_dual_write_test.dart,11,Class,Back4AppExclusiveMockRepository,,Public,STATICALLY_VALID,Base Class
test/controlled_dual_write_test.dart,28,Method/Function,Back4AppExclusiveMockRepository.Exception,throw,Public,STATICALLY_VALID,Params: ('Back4App network failure')
test/controlled_dual_write_test.dart,34,Method/Function,Back4AppExclusiveMockRepository.getProduct,Future<CatalogProduct?>,Public,STATICALLY_VALID,Params: (String productId)
test/controlled_dual_write_test.dart,39,Method/Function,Back4AppExclusiveMockRepository.saveProduct,Future<bool>,Public,STATICALLY_VALID,Params: (CatalogProduct product)
test/controlled_dual_write_test.dart,51,Method/Function,Back4AppExclusiveMockRepository.updateProduct,Future<bool>,Public,STATICALLY_VALID,Params: (CatalogProduct product)
test/controlled_dual_write_test.dart,65,Method/Function,Back4AppExclusiveMockRepository.deleteProduct,Future<bool>,Public,STATICALLY_VALID,Params: (String productId)
test/controlled_dual_write_test.dart,77,Method/Function,Back4AppExclusiveMockRepository.restoreProduct,Future<bool>,Public,STATICALLY_VALID,Params: (String productId)
test/controlled_dual_write_test.dart,88,Method/Function,Back4AppExclusiveMockRepository.syncWithServer,Future<void>,Public,STATICALLY_VALID,Params: ()
test/controlled_dual_write_test.dart,91,Method/Function,Back4AppExclusiveMockRepository.getProductMedia,Future<List<CatalogProductMedia>>,Public,STATICALLY_VALID,Params: (String productId)
test/controlled_dual_write_test.dart,96,Method/Function,Back4AppExclusiveMockRepository.addProductMedia,Future<bool>,Public,STATICALLY_VALID,Params: (CatalogProductMedia media)
test/controlled_dual_write_test.dart,112,Method/Function,Back4AppExclusiveMockRepository.deleteProductMedia,Future<bool>,Public,STATICALLY_VALID,Params: (String mediaId)
test/controlled_dual_write_test.dart,115,Method/Function,Back4AppExclusiveMockRepository.batchSaveProducts,Future<int>,Public,STATICALLY_VALID,"Params: (List<CatalogProduct> products, {int batc...)"
test/controlled_dual_write_test.dart,124,Method/Function,Back4AppExclusiveMockRepository.getCategories,Future<List<CatalogCategory>>,Public,STATICALLY_VALID,Params: ()
test/controlled_dual_write_test.dart,127,Class,MockLocalCache,,Public,STATICALLY_VALID,Base Class
test/controlled_dual_write_test.dart,130,Method/Function,MockLocalCache.save,void,Public,STATICALLY_VALID,Params: (CatalogProduct p)
test/controlled_dual_write_test.dart,134,Method/Function,MockLocalCache.delete,void,Public,STATICALLY_VALID,Params: (String id)
test/controlled_dual_write_test.dart,139,Method/Function,MockLocalCache.main,void,Public,STATICALLY_VALID,Params: ()
test/deterministic_router_test.dart,6,Method/Function,main,void,Public,STATICALLY_VALID,Params: ()
test/firebase_prompt_wave1a_test.dart,7,Method/Function,main,void,Public,STATICALLY_VALID,Params: ()
test/live_dual_read_runner_test.dart,17,Method/Function,main,void,Public,STATICALLY_VALID,Params: ()
test/live_dual_read_runner_test.dart,26,Method/Function,headers,"Map<String,",Public,STATICALLY_VALID,Params: ()
test/manus_ai_provider_test.dart,8,Method/Function,main,void,Public,STATICALLY_VALID,Params: ()
test/media_audit.dart,6,Method/Function,main,void,Public,STATICALLY_VALID,Params: ()
test/verify_llava.dart,4,Method/Function,main,void,Public,STATICALLY_VALID,Params: ()
test/whatsapp_sync_contract_test.dart,4,Method/Function,main,void,Public,STATICALLY_VALID,Params: ()
test/whatsapp_sync_contract_test.dart,89,Method/Function,isWhatsappCdn,bool,Public,STATICALLY_VALID,Params: (String url)
test/whatsapp_sync_contract_test.dart,115,Method/Function,normalize,String,Public,STATICALLY_VALID,Params: (String t)
test/widget_test.dart,4,Method/Function,main,void,Public,STATICALLY_VALID,Params: ()
test/core/utils/result_test.dart,8,Method/Function,main,void,Public,STATICALLY_VALID,Params: ()
lib/ai/ai_decision_engine.dart,11,Class,AiDecisionEngine,,Public,STATICALLY_VALID,Base Class
lib/ai/ai_orchestrator.dart,33,Class,AIOrchestrator,GetxService,Public,STATICALLY_VALID,Extends GetxService
lib/ai/ai_orchestrator.dart,45,Method/Function,AIOrchestrator.onInit,void,Public,STATICALLY_VALID,Params: ()
lib/ai/ai_orchestrator.dart,72,Method/Function,AIOrchestrator._buildContext,Future<AppContext>,Private,STATICALLY_VALID,Params: ()
lib/ai/ai_orchestrator.dart,390,Method/Function,AIOrchestrator.preAnalyze,await,Public,STATICALLY_VALID,"Params: (images.first, cancelToken: cancelToken)"
lib/ai/ai_orchestrator.dart,470,Method/Function,AIOrchestrator._buildPlan,AiPlan,Private,STATICALLY_VALID,"Params: (Map<String, dynamic> analysis)"
lib/ai/ai_orchestrator.dart,527,Method/Function,AIOrchestrator._reflectAndRefinePlan,Future<AiPlan>,Private,STATICALLY_VALID,"Params: (AiPlan plan, AppContext context)"
lib/ai/ai_orchestrator.dart,654,Method/Function,AIOrchestrator.preAnalyze,Future<dynamic>,Public,STATICALLY_VALID,"Params: (File image, {dio.CancelToken? cancelToke...)"
lib/ai/ai_orchestrator.dart,714,Method/Function,AIOrchestrator._containsUrl,bool,Private,STATICALLY_VALID,Params: (String text)
lib/ai/ai_orchestrator.dart,748,Method/Function,AIOrchestrator._normalizeArabic,String,Private,STATICALLY_VALID,Params: (String text)
lib/ai/ai_orchestrator.dart,760,Method/Function,AIOrchestrator._modeString,String,Private,STATICALLY_VALID,Params: (ExecutionMode mode)
lib/ai/ai_orchestrator.dart,774,Method/Function,AIOrchestrator._getBackend,String,Private,STATICALLY_VALID,Params: ()
lib/ai/ai_orchestrator.dart,782,Method/Function,AIOrchestrator._isMultiStepWorkflowRequest,bool,Private,STATICALLY_VALID,Params: (String text)
lib/ai/ai_orchestrator.dart,827,Method/Function,AIOrchestrator._containsImageGenRequest,bool,Private,STATICALLY_VALID,Params: (String text)
lib/ai/ai_orchestrator.dart,881,Method/Function,AIOrchestrator._containsVideoGenRequest,bool,Private,STATICALLY_VALID,Params: (String text)
lib/ai/chat_smart_agent.dart,44,Class,ChatSmartAgent,GetxService,Public,STATICALLY_VALID,Extends GetxService
lib/ai/chat_smart_agent.dart,113,Method/Function,ChatSmartAgent.checkVisualLimit,Future<bool>,Public,STATICALLY_VALID,Params: ()
lib/ai/chat_smart_agent.dart,148,Method/Function,ChatSmartAgent.incrementVisualCount,Future<void>,Public,STATICALLY_VALID,Params: ()
lib/ai/chat_smart_agent.dart,163,Method/Function,ChatSmartAgent.addAndSaveMessage,Future<int?>,Public,STATICALLY_VALID,Params: (ChatMessage message)
lib/ai/chat_smart_agent.dart,174,Method/Function,ChatSmartAgent.onInit,void,Public,STATICALLY_VALID,Params: ()
lib/ai/chat_smart_agent.dart,213,Method/Function,ChatSmartAgent.addAndSaveMessage,await,Public,STATICALLY_VALID,"Params: (ChatMessage.user(content: text, image: i...)"
lib/ai/chat_smart_agent.dart,230,Method/Function,ChatSmartAgent.respondNormally,await,Public,STATICALLY_VALID,"Params: (text, cancelToken: _cancelToken)"
lib/ai/chat_smart_agent.dart,252,Method/Function,ChatSmartAgent.handleGoogleLens,await,Public,STATICALLY_VALID,"Params: (effectiveImage, cancelToken: cancelToken)"
lib/ai/chat_smart_agent.dart,258,Method/Function,ChatSmartAgent.handleGoogleShortVideos,await,Public,STATICALLY_VALID,"Params: (text, cancelToken: cancelToken)"
lib/ai/chat_smart_agent.dart,269,Method/Function,ChatSmartAgent.addAndSaveMessage,await,Public,STATICALLY_VALID,Params: (msg)
lib/ai/chat_smart_agent.dart,272,Method/Function,ChatSmartAgent.addAndSaveMessage,await,Public,STATICALLY_VALID,Params: (msg)
lib/ai/chat_smart_agent.dart,285,Method/Function,ChatSmartAgent.handleImageGeneration,await,Public,STATICALLY_VALID,"Params: (text, cancelToken: cancelToken)"
lib/ai/chat_smart_agent.dart,289,Method/Function,ChatSmartAgent.handleYoutubeSearch,await,Public,STATICALLY_VALID,"Params: (text, cancelToken: cancelToken)"
lib/ai/chat_smart_agent.dart,293,Method/Function,ChatSmartAgent.handleAmazonSearch,await,Public,STATICALLY_VALID,"Params: (text, cancelToken: cancelToken)"
lib/ai/chat_smart_agent.dart,297,Method/Function,ChatSmartAgent.handleExpertResearch,await,Public,STATICALLY_VALID,"Params: (text, cancelToken: cancelToken)"
lib/ai/chat_smart_agent.dart,310,Method/Function,ChatSmartAgent.handleGoogleNews,await,Public,STATICALLY_VALID,"Params: (text, cancelToken: cancelToken)"
lib/ai/chat_smart_agent.dart,323,Method/Function,ChatSmartAgent.handleGoogleTrends,await,Public,STATICALLY_VALID,"Params: (text, cancelToken: cancelToken)"
lib/ai/chat_smart_agent.dart,326,Method/Function,ChatSmartAgent.handleGoogleShopping,await,Public,STATICALLY_VALID,"Params: (text, cancelToken: cancelToken)"
lib/ai/chat_smart_agent.dart,330,Method/Function,ChatSmartAgent.handleImageGeneration,await,Public,STATICALLY_VALID,"Params: (text, cancelToken: cancelToken)"
lib/ai/chat_smart_agent.dart,334,Method/Function,ChatSmartAgent.respondNormally,await,Public,STATICALLY_VALID,"Params: (text, cancelToken: cancelToken)"
lib/ai/chat_smart_agent.dart,340,Method/Function,ChatSmartAgent.respondNormally,await,Public,STATICALLY_VALID,"Params: (text, cancelToken: cancelToken)"
lib/ai/chat_smart_agent.dart,436,Method/Function,ChatSmartAgent.incrementVisualCount,await,Public,STATICALLY_VALID,Params: ()
lib/ai/chat_smart_agent.dart,487,Method/Function,ChatSmartAgent.generateCreatorImage,Future<void>,Public,STATICALLY_VALID,Params: (String prompt)
lib/ai/chat_smart_agent.dart,493,Method/Function,ChatSmartAgent.extractProductName,Future<dynamic>,Public,STATICALLY_VALID,Params: (File image)
lib/ai/chat_smart_agent.dart,506,Method/Function,ChatSmartAgent.searchTrendsForProduct,Future<void>,Public,STATICALLY_VALID,Params: (String name)
lib/ai/chat_smart_agent.dart,509,Method/Function,ChatSmartAgent.handleGoogleTrends,await,Public,STATICALLY_VALID,Params: (name)
lib/ai/chat_smart_agent.dart,513,Method/Function,ChatSmartAgent.autoDirectorMode,void,Public,STATICALLY_VALID,Params: ()
lib/ai/chat_smart_agent.dart,521,Method/Function,ChatSmartAgent.forceClearHistory,void,Public,STATICALLY_VALID,Params: ()
lib/ai/chat_smart_agent.dart,549,Method/Function,ChatSmartAgent.cancelCurrentOperation,void,Public,STATICALLY_VALID,Params: ()
lib/ai/chat_smart_agent.dart,591,Method/Function,ChatSmartAgent.respondNormally,await,Public,STATICALLY_VALID,"Params: (content, cancelToken: cancelToken)"
lib/ai/chat_smart_agent.dart,602,Method/Function,ChatSmartAgent.updateStage,void,Public,STATICALLY_VALID,"Params: (int index, int total, String msg)"
lib/ai/chat_smart_agent.dart,608,Method/Function,ChatSmartAgent.saveProductToMemory,void,Public,STATICALLY_VALID,Params: (String name)
lib/ai/chat_smart_agent.dart,617,Method/Function,ChatSmartAgent.clearHistory,void,Public,STATICALLY_VALID,Params: ()
lib/ai/chat_smart_agent.dart,651,Method/Function,ChatSmartAgent._loadExistingSession,Future<void>,Private,STATICALLY_VALID,Params: (int sessionId)
lib/ai/chat_smart_agent.dart,723,Method/Function,ChatSmartAgent.sendUserMessage,await,Public,STATICALLY_VALID,"Params: (prompt, skipHistory: skipHistory)"
lib/ai/chat_task_distributor.dart,11,Class,ChatTaskDistributor,GetxService,Public,STATICALLY_VALID,Extends GetxService
lib/ai/chat_task_distributor.dart,16,Method/Function,ChatTaskDistributor.getClassifiedIntent,Future<AIIntentResult>,Public,STATICALLY_VALID,"Params: (String text, {File? image, dio.CancelTok...)"
lib/ai/chat_task_distributor.dart,27,Method/Function,ChatTaskDistributor.handleNanoBanana,Future<ChatMessage>,Public,STATICALLY_VALID,"Params: (File originalImage, String prompt)"
lib/ai/chat_task_distributor.dart,78,Method/Function,ChatTaskDistributor.handleImageToVideo,Future<ChatMessage>,Public,STATICALLY_VALID,"Params: (File image, String prompt)"
lib/ai/chat_task_distributor.dart,140,Method/Function,ChatTaskDistributor.handleTextToVideo,Future<ChatMessage>,Public,STATICALLY_VALID,Params: (String prompt)
lib/ai/chat_task_distributor.dart,199,Method/Function,ChatTaskDistributor._updateStatus,void,Private,STATICALLY_VALID,"Params: (String msg, double progress)"
lib/ai/chat_task_distributor.dart,204,Method/Function,ChatTaskDistributor._resetStatus,void,Private,STATICALLY_VALID,Params: ()
lib/controllers/admin_controller.dart,15,Class,AdminController,GetxController,Public,STATICALLY_VALID,Extends GetxController
lib/controllers/admin_controller.dart,165,Method/Function,AdminController.revokeUserSubscription,Future<void>,Public,STATICALLY_VALID,Params: (String userId)
lib/controllers/admin_controller.dart,184,Method/Function,AdminController.updateGlobalAiSettings,Future<void>,Public,STATICALLY_VALID,"Params: ([Map<String, dynamic>? settings])"
lib/controllers/admin_controller.dart,207,Method/Function,AdminController.checkConfigStatus,Future<void>,Public,STATICALLY_VALID,Params: ()
lib/controllers/admin_controller.dart,213,Method/Function,AdminController.importPersonalKeys,Future<void>,Public,STATICALLY_VALID,Params: ()
lib/controllers/admin_controller.dart,221,Method/Function,AdminController.initializeGlobalConfig,Future<void>,Public,STATICALLY_VALID,Params: ()
lib/controllers/admin_controller.dart,241,Method/Function,AdminController.onInit,void,Public,STATICALLY_VALID,Params: ()
lib/controllers/admin_controller.dart,249,Method/Function,AdminController._setupNotificationListener,void,Private,STATICALLY_VALID,Params: ()
lib/controllers/admin_controller.dart,262,Method/Function,AdminController._playNotificationSound,Future<void>,Private,STATICALLY_VALID,Params: ()
lib/controllers/admin_controller.dart,271,Method/Function,AdminController._showNewUserNotification,void,Private,STATICALLY_VALID,Params: ()
lib/controllers/admin_controller.dart,313,Method/Function,AdminController.subscribeToUsers,void,Public,STATICALLY_VALID,Params: ({bool force = false})
lib/controllers/admin_controller.dart,411,Method/Function,AdminController._loadUsersFromLocalDB,Future<void>,Private,STATICALLY_VALID,Params: ()
lib/controllers/admin_controller.dart,424,Method/Function,AdminController.loadData,Future<void>,Public,STATICALLY_VALID,Params: ()
lib/controllers/admin_controller.dart,427,Method/Function,AdminController.loadUIControls,await,Public,STATICALLY_VALID,Params: ()
lib/controllers/admin_controller.dart,436,Method/Function,AdminController.loadUsers,Future<void>,Public,STATICALLY_VALID,Params: ()
lib/controllers/admin_controller.dart,441,Method/Function,AdminController.loadUIControls,Future<void>,Public,STATICALLY_VALID,Params: ()
lib/controllers/admin_controller.dart,452,Method/Function,AdminController.selectUser,Future<void>,Public,STATICALLY_VALID,"Params: (Map<String, dynamic> user)"
lib/controllers/admin_controller.dart,456,Method/Function,AdminController.loadUserPermissions,await,Public,STATICALLY_VALID,Params: (user['id'].toString()
lib/controllers/admin_controller.dart,462,Method/Function,AdminController.loadUserActivity,Future<void>,Public,STATICALLY_VALID,Params: (String userId)
lib/controllers/admin_controller.dart,477,Method/Function,AdminController.loadAllRecentActivity,Future<void>,Public,STATICALLY_VALID,Params: ()
lib/controllers/admin_controller.dart,491,Method/Function,AdminController.setPermissionScopeFilter,void,Public,STATICALLY_VALID,Params: (String scope)
lib/controllers/admin_controller.dart,496,Method/Function,AdminController.loadUserPermissions,Future<void>,Public,STATICALLY_VALID,Params: (String userId)
lib/controllers/admin_controller.dart,536,Method/Function,AdminController._isAlwaysAllowed,bool,Private,STATICALLY_VALID,Params: (String controlName)
lib/controllers/admin_controller.dart,550,Method/Function,AdminController._isScreenControl,bool,Private,STATICALLY_VALID,"Params: (Map<String, dynamic> control)"
lib/controllers/admin_controller.dart,620,Method/Function,AdminController.loadUserPermissions,await,Public,STATICALLY_VALID,Params: (userId)
lib/controllers/admin_controller.dart,687,Method/Function,AdminController.loadUserPermissions,await,Public,STATICALLY_VALID,Params: (userId)
lib/controllers/admin_controller.dart,695,Method/Function,AdminController.toggleUserAiBlock,Future<void>,Public,STATICALLY_VALID,"Params: (String userId, bool isBlocked)"
lib/controllers/admin_controller.dart,791,Method/Function,AdminController.loadUserPermissions,await,Public,STATICALLY_VALID,Params: (userId)
lib/controllers/admin_controller.dart,807,Method/Function,AdminController.linkUserToAdminManagedKeys,Future<void>,Public,STATICALLY_VALID,Params: (String userId)
lib/controllers/admin_controller.dart,844,Method/Function,AdminController.loadUserPermissions,await,Public,STATICALLY_VALID,Params: (userId)
lib/controllers/admin_controller.dart,853,Method/Function,AdminController.unlinkUserFromAdminManagedKeys,Future<void>,Public,STATICALLY_VALID,Params: (String userId)
lib/controllers/admin_controller.dart,890,Method/Function,AdminController.loadUserPermissions,await,Public,STATICALLY_VALID,Params: (userId)
lib/controllers/admin_controller.dart,899,Method/Function,AdminController.changeUserRole,Future<void>,Public,STATICALLY_VALID,"Params: (String userId, String newRole)"
lib/controllers/admin_controller.dart,928,Method/Function,AdminController.deleteUser,Future<void>,Public,STATICALLY_VALID,Params: (String userId)
lib/controllers/admin_controller.dart,959,Method/Function,AdminController.cleanFakeUsers,Future<void>,Public,STATICALLY_VALID,Params: ()
lib/controllers/admin_controller.dart,1003,Method/Function,AdminController.syncModifiedPermissions,Future<void>,Public,STATICALLY_VALID,Params: ()
lib/controllers/admin_controller.dart,1037,Method/Function,AdminController.acknowledgeUser,Future<void>,Public,STATICALLY_VALID,Params: (String uid)
lib/controllers/admin_controller.dart,1048,Method/Function,AdminController.resetUserPermissions,Future<void>,Public,STATICALLY_VALID,Params: (String userId)
lib/controllers/admin_controller.dart,1060,Method/Function,AdminController.loadUserPermissions,await,Public,STATICALLY_VALID,Params: (userId)
lib/controllers/admin_controller.dart,1087,Method/Function,AdminController.loadUIControls,await,Public,STATICALLY_VALID,Params: ()
lib/controllers/admin_controller.dart,1098,Method/Function,AdminController.getPermissionStatus,"Map<String,",Public,STATICALLY_VALID,"Params: (String userId, String controlName)"
lib/controllers/admin_controller.dart,1120,Method/Function,AdminController.getUsersCountByRole,"Map<String,",Public,STATICALLY_VALID,Params: ()
lib/controllers/admin_controller.dart,1136,Method/Function,AdminController.syncSystemControls,Future<void>,Public,STATICALLY_VALID,Params: ()
lib/controllers/admin_controller.dart,1143,Method/Function,AdminController.loadUIControls,await,Public,STATICALLY_VALID,Params: ()
lib/controllers/admin_controller.dart,1159,Method/Function,AdminController.switchUserAiBackend,Future<void>,Public,STATICALLY_VALID,"Params: (String uid, String newBackend)"
lib/controllers/admin_controller.dart,1188,Method/Function,AdminController.onClose,void,Public,STATICALLY_VALID,Params: ()
lib/controllers/api_controller.dart,16,Class,ApiController,GetxController,Public,STATICALLY_VALID,Extends GetxController
lib/controllers/api_controller.dart,37,Method/Function,ApiController._computeGeminiStatus,ApiStatus,Private,STATICALLY_VALID,Params: ()
lib/controllers/api_controller.dart,67,Method/Function,ApiController.showError,void,Public,STATICALLY_VALID,Params: (Object e)
lib/controllers/api_controller.dart,84,Method/Function,ApiController.setActiveProvider,Future<void>,Public,STATICALLY_VALID,Params: (ProviderType type)
lib/controllers/api_controller.dart,89,Method/Function,ApiController.updateApiKey,Future<void>,Public,STATICALLY_VALID,"Params: (String key, {bool? isConnected})"
lib/controllers/api_controller.dart,106,Method/Function,ApiController.saveCurrentProvider,Future<bool>,Public,STATICALLY_VALID,Params: ()
lib/controllers/api_controller.dart,136,Method/Function,ApiController.testCurrentProvider,Future<bool>,Public,STATICALLY_VALID,Params: ()
lib/controllers/api_controller.dart,177,Method/Function,ApiController.Exception,throw,Public,STATICALLY_VALID,Params: ('يرجى اختيار صورة أولاً.')
lib/controllers/api_controller.dart,259,Method/Function,ApiController.Exception,throw,Public,STATICALLY_VALID,"Params: (""هذه الميزة مدعومة فقط بواسطة Gemini حال...)"
lib/controllers/api_controller.dart,268,Method/Function,ApiController.generateEmbeddings,Future<List<double>>,Public,STATICALLY_VALID,Params: (String text)
lib/controllers/auth_controller.dart,25,Class,AuthController,GetxController,Public,STATICALLY_VALID,Extends GetxController
lib/controllers/auth_controller.dart,51,Method/Function,AuthController.clearError,void,Public,STATICALLY_VALID,Params: ()
lib/controllers/auth_controller.dart,112,Method/Function,AuthController.onInit,void,Public,STATICALLY_VALID,Params: ()
lib/controllers/auth_controller.dart,127,Method/Function,AuthController._loadSavedGeminiToken,Future<void>,Private,STATICALLY_VALID,Params: ()
lib/controllers/auth_controller.dart,135,Method/Function,AuthController.onClose,void,Public,STATICALLY_VALID,Params: ()
lib/controllers/auth_controller.dart,142,Method/Function,AuthController.onReady,void,Public,STATICALLY_VALID,Params: ()
lib/controllers/auth_controller.dart,149,Method/Function,AuthController._handleIncomingLinks,Future<void>,Private,STATICALLY_VALID,Params: ()
lib/controllers/auth_controller.dart,179,Method/Function,AuthController._isInstagramCallback,bool,Private,STATICALLY_VALID,Params: (Uri uri)
lib/controllers/auth_controller.dart,184,Method/Function,AuthController._handleInstagramCallback,Future<void>,Private,STATICALLY_VALID,Params: (Uri uri)
lib/controllers/auth_controller.dart,196,Method/Function,AuthController._isTikTokCallback,bool,Private,STATICALLY_VALID,Params: (Uri uri)
lib/controllers/auth_controller.dart,201,Method/Function,AuthController._handleTikTokCallback,Future<void>,Private,STATICALLY_VALID,Params: (Uri uri)
lib/controllers/auth_controller.dart,212,Method/Function,AuthController._processAuthLink,Future<void>,Private,STATICALLY_VALID,Params: (String link)
lib/controllers/auth_controller.dart,250,Method/Function,AuthController.Center,const,Public,STATICALLY_VALID,Params: (child: CircularProgressIndicator()
lib/controllers/auth_controller.dart,270,Method/Function,AuthController._checkPendingActions,void,Private,STATICALLY_VALID,Params: ()
lib/controllers/auth_controller.dart,285,Method/Function,AuthController._showNewPasswordDialog,void,Private,STATICALLY_VALID,Params: (String oobCode)
lib/controllers/auth_controller.dart,314,Method/Function,AuthController.SizedBox,const,Public,STATICALLY_VALID,Params: (height: 16)
lib/controllers/auth_controller.dart,323,Method/Function,AuthController.SizedBox,const,Public,STATICALLY_VALID,Params: (height: 24)
lib/controllers/auth_controller.dart,347,Method/Function,AuthController.resetPassword,Future<bool>,Public,STATICALLY_VALID,"Params: (String oobCode, String newPassword)"
lib/controllers/auth_controller.dart,365,Method/Function,AuthController.ensureUserRegistered,Future<void>,Public,STATICALLY_VALID,Params: ()
lib/controllers/auth_controller.dart,434,Method/Function,AuthController._checkCreditsInBackground,Future<void>,Private,STATICALLY_VALID,Params: (String uid)
lib/controllers/auth_controller.dart,441,Method/Function,AuthController.login,Future<bool>,Public,STATICALLY_VALID,"Params: (String email, String password)"
lib/controllers/auth_controller.dart,560,Method/Function,AuthController.loginWithValidation,Future<bool>,Public,STATICALLY_VALID,"Params: (String email, String password)"
lib/controllers/auth_controller.dart,572,Method/Function,AuthController.signUp,Future<bool>,Public,STATICALLY_VALID,"Params: (String email, String password)"
lib/controllers/auth_controller.dart,666,Method/Function,AuthController.resendVerificationEmail,Future<void>,Public,STATICALLY_VALID,Params: ()
lib/controllers/auth_controller.dart,702,Method/Function,AuthController._syncPermissionsAfterLogin,await,Private,STATICALLY_VALID,"Params: (userId, firebaseUid: firebaseUid)"
lib/controllers/auth_controller.dart,729,Method/Function,AuthController._syncRoleFromFirestore,Future<void>,Private,STATICALLY_VALID,"Params: (String firebaseUid, String email, {Strin...)"
lib/controllers/auth_controller.dart,794,Method/Function,AuthController._setupUserProfileListener,void,Private,STATICALLY_VALID,Params: (String uid)
lib/controllers/auth_controller.dart,839,Method/Function,AuthController._sanitizeUserData,"Map<String,",Private,STATICALLY_VALID,"Params: (Map<String, dynamic> rawData)"
lib/controllers/auth_controller.dart,858,Method/Function,AuthController._initPermissionsListener,void,Private,STATICALLY_VALID,"Params: (String firebaseUid, int localId)"
lib/controllers/auth_controller.dart,878,Method/Function,AuthController._stopPermissionsListener,void,Private,STATICALLY_VALID,Params: ()
lib/controllers/auth_controller.dart,930,Method/Function,AuthController.signInWithGoogle,Future<void>,Public,STATICALLY_VALID,Params: ()
lib/controllers/auth_controller.dart,983,Method/Function,AuthController.linkGeminiWithGoogle,Future<void>,Public,STATICALLY_VALID,Params: ()
lib/controllers/auth_controller.dart,1007,Method/Function,AuthController.logout,Future<void>,Public,STATICALLY_VALID,Params: ()
lib/controllers/auth_controller.dart,1032,Method/Function,AuthController.refreshUser,Future<void>,Public,STATICALLY_VALID,Params: ()
lib/controllers/auth_controller.dart,1152,Method/Function,AuthController.revokeUserSubscription,Future<bool>,Public,STATICALLY_VALID,Params: (dynamic userId)
lib/controllers/auth_controller.dart,1165,Method/Function,AuthController.promoteToAdmin,Future<bool>,Public,STATICALLY_VALID,Params: (dynamic userId)
lib/controllers/auth_controller.dart,1186,Method/Function,AuthController.removeUser,Future<bool>,Public,STATICALLY_VALID,Params: (dynamic userId)
lib/controllers/auth_controller.dart,1209,Method/Function,AuthController.sendOtp,Future<void>,Public,STATICALLY_VALID,Params: (String email)
lib/controllers/auth_controller.dart,1230,Method/Function,AuthController.sendPasswordReset,Future<void>,Public,STATICALLY_VALID,Params: (String email)
lib/controllers/auth_controller.dart,1252,Method/Function,AuthController.verifyOtpAndLogin,Future<bool>,Public,STATICALLY_VALID,"Params: (String email, String emailLink)"
lib/controllers/auth_controller.dart,1279,Method/Function,AuthController.signUp,await,Public,STATICALLY_VALID,"Params: (userEmail, password)"
lib/controllers/auth_controller.dart,1304,Method/Function,AuthController.getFreshToken,Future<String>,Public,STATICALLY_VALID,Params: ()
lib/controllers/auth_controller.dart,1329,Method/Function,AuthController.signUpWithValidation,Future<bool>,Public,STATICALLY_VALID,"Params: (String email, String password, String co...)"
lib/controllers/auth_controller.dart,1343,Method/Function,AuthController.requestPasswordResetOtp,Future<bool>,Public,STATICALLY_VALID,Params: (String email)
lib/controllers/auth_controller.dart,1365,Method/Function,AuthController.confirmPasswordResetWithOtp,Future<bool>,Public,STATICALLY_VALID,"Params: ({required String email, required String ...)"
lib/controllers/auth_controller.dart,1370,Method/Function,AuthController.requestRegistrationOtp,Future<bool>,Public,STATICALLY_VALID,Params: (String email)
lib/controllers/auth_controller.dart,1375,Method/Function,AuthController.confirmRegistrationOtp,Future<bool>,Public,STATICALLY_VALID,"Params: ({required String otp, required String em...)"
lib/controllers/catalog_controller.dart,33,Class,CatalogController,GetxController,Public,STATICALLY_VALID,Extends GetxController
lib/controllers/catalog_controller.dart,59,Method/Function,CatalogController.toggleProductSelection,void,Public,STATICALLY_VALID,Params: (String id)
lib/controllers/catalog_controller.dart,67,Method/Function,CatalogController.selectAll,void,Public,STATICALLY_VALID,Params: ()
lib/controllers/catalog_controller.dart,72,Method/Function,CatalogController.deselectAll,void,Public,STATICALLY_VALID,Params: ()
lib/controllers/catalog_controller.dart,76,Method/Function,CatalogController.toggleSelectAll,void,Public,STATICALLY_VALID,Params: ()
lib/controllers/catalog_controller.dart,86,Method/Function,CatalogController.selectProductsWithoutImages,void,Public,STATICALLY_VALID,Params: ()
lib/controllers/catalog_controller.dart,91,Method/Function,CatalogController.selectProductsWithoutVideos,void,Public,STATICALLY_VALID,Params: ()
lib/controllers/catalog_controller.dart,96,Method/Function,CatalogController.selectOutOfStockProducts,void,Public,STATICALLY_VALID,Params: ()
lib/controllers/catalog_controller.dart,106,Method/Function,CatalogController.cancelCurrentOperation,void,Public,STATICALLY_VALID,Params: ()
lib/controllers/catalog_controller.dart,125,Method/Function,CatalogController._batchDeleteFromSqlite,Future<void>,Private,STATICALLY_VALID,Params: (List<String> ids)
lib/controllers/catalog_controller.dart,140,Method/Function,CatalogController._deleteFromServerInBackground,void,Private,STATICALLY_VALID,Params: (List<String> ids)
lib/controllers/catalog_controller.dart,154,Method/Function,CatalogController.adminSoftDeleteAll,Future<int>,Public,STATICALLY_VALID,Params: ({bool selectedOnly = false})
lib/controllers/catalog_controller.dart,185,Method/Function,CatalogController.adminPermanentDeleteAll,Future<int>,Public,STATICALLY_VALID,Params: ({bool selectedOnly = false})
lib/controllers/catalog_controller.dart,216,Method/Function,CatalogController.deleteSelectedProducts,Future<int>,Public,STATICALLY_VALID,Params: ()
lib/controllers/catalog_controller.dart,236,Method/Function,CatalogController.deleteProductsWithoutImages,Future<int>,Public,STATICALLY_VALID,Params: ()
lib/controllers/catalog_controller.dart,257,Method/Function,CatalogController.deleteOutOfStockProducts,Future<int>,Public,STATICALLY_VALID,Params: ()
lib/controllers/catalog_controller.dart,278,Method/Function,CatalogController.bulkSetQuantityForSelected,Future<int>,Public,STATICALLY_VALID,Params: (int qty)
lib/controllers/catalog_controller.dart,311,Method/Function,CatalogController.exportToCsv,Future<void>,Public,STATICALLY_VALID,Params: ({bool selectedOnly = false})
lib/controllers/catalog_controller.dart,378,Method/Function,CatalogController.syncSelectedProducts,Future<void>,Public,STATICALLY_VALID,Params: ({bool selectedOnly = true})
lib/controllers/catalog_controller.dart,451,Method/Function,CatalogController.exportToExcel,Future<void>,Public,STATICALLY_VALID,Params: ({bool selectedOnly = false})
lib/controllers/catalog_controller.dart,575,Method/Function,CatalogController.onInit,void,Public,STATICALLY_VALID,Params: ()
lib/controllers/catalog_controller.dart,586,Method/Function,CatalogController.updateGridColumns,Future<void>,Public,STATICALLY_VALID,Params: (int count)
lib/controllers/catalog_controller.dart,595,Method/Function,CatalogController.loadProducts,Future<void>,Public,STATICALLY_VALID,Params: ()
lib/controllers/catalog_controller.dart,663,Method/Function,CatalogController.toggleCategorySortMode,void,Public,STATICALLY_VALID,Params: ()
lib/controllers/catalog_controller.dart,718,Method/Function,CatalogController.loadCustomCategories,void,Public,STATICALLY_VALID,Params: ()
lib/controllers/catalog_controller.dart,732,Method/Function,CatalogController.saveCustomCategories,Future<void>,Public,STATICALLY_VALID,Params: ()
lib/controllers/catalog_controller.dart,742,Method/Function,CatalogController.addCustomCategory,void,Public,STATICALLY_VALID,Params: (ProductCategoryInfo cat)
lib/controllers/catalog_controller.dart,747,Method/Function,CatalogController.updateCustomCategory,void,Public,STATICALLY_VALID,"Params: (String id, ProductCategoryInfo newCat)"
lib/controllers/catalog_controller.dart,755,Method/Function,CatalogController.deleteCustomCategory,void,Public,STATICALLY_VALID,Params: (String id)
lib/controllers/catalog_controller.dart,847,Method/Function,CatalogController.resetAllFilters,void,Public,STATICALLY_VALID,Params: ()
lib/controllers/catalog_controller.dart,856,Method/Function,CatalogController.bulkSetQuantity,Future<int>,Public,STATICALLY_VALID,"Params: (int qty, {String? categoryFilter})"
lib/controllers/catalog_controller.dart,891,Method/Function,CatalogController._ensureMediaUploaded,Future<void>,Private,STATICALLY_VALID,Params: (String uid)
lib/controllers/catalog_controller.dart,933,Method/Function,CatalogController.saveProduct,Future<bool>,Public,STATICALLY_VALID,Params: (CatalogProduct product)
lib/controllers/catalog_controller.dart,936,Method/Function,CatalogController._ensureMediaUploaded,await,Private,STATICALLY_VALID,Params: (uid)
lib/controllers/catalog_controller.dart,1118,Method/Function,CatalogController.mergeProductImages,Future<void>,Public,STATICALLY_VALID,"Params: (CatalogProduct existingProduct, List<Str...)"
lib/controllers/catalog_controller.dart,1168,Method/Function,CatalogController.loadProducts,await,Public,STATICALLY_VALID,Params: ()
lib/controllers/catalog_controller.dart,1196,Method/Function,CatalogController.updateProductWithAiData,Future<void>,Public,STATICALLY_VALID,"Params: (CatalogProduct existingProduct, Map<Stri...)"
lib/controllers/catalog_controller.dart,1265,Method/Function,CatalogController.loadProducts,await,Public,STATICALLY_VALID,Params: ()
lib/controllers/catalog_controller.dart,1293,Method/Function,CatalogController.deleteProduct,Future<void>,Public,STATICALLY_VALID,Params: (String id)
lib/controllers/catalog_controller.dart,1321,Method/Function,CatalogController.pickImages,Future<void>,Public,STATICALLY_VALID,Params: ()
lib/controllers/catalog_controller.dart,1352,Method/Function,CatalogController.pickVideo,Future<void>,Public,STATICALLY_VALID,Params: ()
lib/controllers/catalog_controller.dart,1382,Method/Function,CatalogController.removeImage,void,Public,STATICALLY_VALID,Params: (int index)
lib/controllers/catalog_controller.dart,1387,Method/Function,CatalogController.removeVideo,void,Public,STATICALLY_VALID,Params: ()
lib/controllers/catalog_controller.dart,1398,Method/Function,CatalogController.importFromExcel,Future<void>,Public,STATICALLY_VALID,Params: ()
lib/controllers/catalog_controller.dart,1446,Method/Function,CatalogController.Icon,const,Public,STATICALLY_VALID,"Params: (Icons.file_download_outlined, color: Col...)"
lib/controllers/catalog_controller.dart,1447,Method/Function,CatalogController.SizedBox,const,Public,STATICALLY_VALID,Params: (width: 8)
lib/controllers/catalog_controller.dart,1461,Method/Function,CatalogController.SizedBox,const,Public,STATICALLY_VALID,Params: (height: 8)
lib/controllers/catalog_controller.dart,1466,Method/Function,CatalogController.SizedBox,const,Public,STATICALLY_VALID,Params: (height: 16)
lib/controllers/catalog_controller.dart,1488,Method/Function,CatalogController.SizedBox,const,Public,STATICALLY_VALID,Params: (width: 12)
lib/controllers/catalog_controller.dart,1516,Method/Function,CatalogController.SizedBox,const,Public,STATICALLY_VALID,Params: (height: 4)
lib/controllers/catalog_controller.dart,1528,Method/Function,CatalogController.SizedBox,const,Public,STATICALLY_VALID,Params: (height: 10)
lib/controllers/catalog_controller.dart,1550,Method/Function,CatalogController.SizedBox,const,Public,STATICALLY_VALID,Params: (width: 12)
lib/controllers/catalog_controller.dart,1628,Method/Function,CatalogController._batchDeleteFromSqlite,await,Private,STATICALLY_VALID,Params: (obsoleteIds)
lib/controllers/catalog_controller.dart,1715,Method/Function,CatalogController.syncToMeta,Future<void>,Public,STATICALLY_VALID,Params: ()
lib/controllers/catalog_controller.dart,1887,Method/Function,CatalogController.findSimilarProductGroups,List<List<CatalogProduct>>,Public,STATICALLY_VALID,Params: ({double threshold = 0.55})
lib/controllers/catalog_controller.dart,1983,Method/Function,CatalogController._batchDeleteFromSqlite,await,Private,STATICALLY_VALID,Params: (duplicateIds)
lib/controllers/catalog_controller.dart,2009,Method/Function,CatalogController.autoMergeAllSimilarGroups,Future<int>,Public,STATICALLY_VALID,Params: ({double threshold = 0.55})
lib/controllers/catalog_controller.dart,2039,Method/Function,CatalogController.startEditing,void,Public,STATICALLY_VALID,Params: (CatalogProduct? product)
lib/controllers/catalog_controller.dart,2052,Method/Function,CatalogController.resetForm,void,Public,STATICALLY_VALID,Params: ()
lib/controllers/chat_history_controller.dart,8,Class,ChatHistoryController,GetxController,Public,STATICALLY_VALID,Extends GetxController
lib/controllers/chat_history_controller.dart,19,Method/Function,ChatHistoryController.onInit,void,Public,STATICALLY_VALID,Params: ()
lib/controllers/chat_history_controller.dart,44,Method/Function,ChatHistoryController._saveLastSession,Future<void>,Private,STATICALLY_VALID,Params: (int? id)
lib/controllers/chat_history_controller.dart,69,Method/Function,ChatHistoryController.loadSessions,Future<void>,Public,STATICALLY_VALID,Params: ()
lib/controllers/chat_history_controller.dart,94,Method/Function,ChatHistoryController.refreshSessions,Future<void>,Public,STATICALLY_VALID,Params: ()
lib/controllers/chat_history_controller.dart,97,Method/Function,ChatHistoryController.createNewSession,Future<int>,Public,STATICALLY_VALID,"Params: (String title, {bool shouldSelect = true})"
lib/controllers/chat_history_controller.dart,110,Method/Function,ChatHistoryController.loadSessions,await,Public,STATICALLY_VALID,Params: ()
lib/controllers/chat_history_controller.dart,121,Method/Function,ChatHistoryController.selectSession,void,Public,STATICALLY_VALID,Params: (int id)
lib/controllers/chat_history_controller.dart,129,Method/Function,ChatHistoryController.startNewChat,void,Public,STATICALLY_VALID,Params: ()
lib/controllers/chat_history_controller.dart,136,Method/Function,ChatHistoryController.resetConversation,void,Public,STATICALLY_VALID,Params: ()
lib/controllers/chat_history_controller.dart,141,Method/Function,ChatHistoryController.renameSession,Future<void>,Public,STATICALLY_VALID,"Params: (int id, String newTitle)"
lib/controllers/chat_history_controller.dart,144,Method/Function,ChatHistoryController.loadSessions,await,Public,STATICALLY_VALID,Params: ()
lib/controllers/chat_history_controller.dart,150,Method/Function,ChatHistoryController.deleteSession,Future<void>,Public,STATICALLY_VALID,Params: (int id)
lib/controllers/chat_history_controller.dart,159,Method/Function,ChatHistoryController.loadSessions,await,Public,STATICALLY_VALID,Params: ()
lib/controllers/chat_history_controller.dart,165,Method/Function,ChatHistoryController.deleteAllSessions,Future<void>,Public,STATICALLY_VALID,Params: ()
lib/controllers/chat_history_controller.dart,204,Method/Function,ChatHistoryController.loadSessions,await,Public,STATICALLY_VALID,Params: ()
lib/controllers/chat_history_controller.dart,210,Method/Function,ChatHistoryController.migrateLegacySessions,Future<void>,Public,STATICALLY_VALID,Params: ()
lib/controllers/chat_history_controller.dart,216,Method/Function,ChatHistoryController.loadSessions,await,Public,STATICALLY_VALID,Params: ()
lib/controllers/home_controller.dart,12,Class,HomeController,GetxController,Public,STATICALLY_VALID,Extends GetxController
lib/controllers/home_controller.dart,22,Method/Function,HomeController.onInit,void,Public,STATICALLY_VALID,Params: ()
lib/controllers/home_controller.dart,38,Method/Function,HomeController.loadHistory,Future<void>,Public,STATICALLY_VALID,Params: ()
lib/controllers/home_controller.dart,56,Method/Function,HomeController.sendMessage,Future<void>,Public,STATICALLY_VALID,Params: (String prompt)
lib/controllers/home_controller.dart,109,Method/Function,HomeController.refreshApp,Future<void>,Public,STATICALLY_VALID,Params: ()
lib/controllers/home_controller.dart,113,Method/Function,HomeController.loadHistory,await,Public,STATICALLY_VALID,Params: ()
lib/controllers/home_dashboard_controller.dart,7,Class,HomeDashboardController,GetxController,Public,STATICALLY_VALID,Extends GetxController
lib/controllers/home_dashboard_controller.dart,17,Method/Function,HomeDashboardController.onInit,void,Public,STATICALLY_VALID,Params: ()
lib/controllers/home_dashboard_controller.dart,22,Method/Function,HomeDashboardController.refreshDashboard,Future<void>,Public,STATICALLY_VALID,Params: ()
lib/controllers/home_dashboard_controller.dart,36,Method/Function,HomeDashboardController._fetchTrending,Future<void>,Private,STATICALLY_VALID,Params: ()
lib/controllers/home_dashboard_controller.dart,69,Method/Function,HomeDashboardController._fetchNews,Future<void>,Private,STATICALLY_VALID,Params: ()
lib/controllers/marketing_share_controller.dart,10,Class,MarketingShareController,GetxController,Public,STATICALLY_VALID,Extends GetxController
lib/controllers/marketing_share_controller.dart,18,Method/Function,MarketingShareController.onInit,void,Public,STATICALLY_VALID,Params: ()
lib/controllers/marketing_share_controller.dart,24,Method/Function,MarketingShareController.toggleIncludeBrand,void,Public,STATICALLY_VALID,Params: (bool value)
lib/controllers/marketing_share_controller.dart,30,Method/Function,MarketingShareController.getCurrentBrand,BrandInfo,Public,STATICALLY_VALID,Params: ()
lib/controllers/navigation_controller.dart,6,Class,VipNavItem,,Public,STATICALLY_VALID,Base Class
lib/controllers/navigation_controller.dart,20,Class,NavigationController,GetxController,Public,STATICALLY_VALID,Extends GetxController
lib/controllers/navigation_controller.dart,25,Method/Function,NavigationController.toggleBarCollapse,void,Public,STATICALLY_VALID,Params: ()
lib/controllers/navigation_controller.dart,41,Method/Function,NavigationController.onInit,void,Public,STATICALLY_VALID,Params: ()
lib/controllers/navigation_controller.dart,46,Method/Function,NavigationController.setBarVisibility,void,Public,STATICALLY_VALID,Params: (bool visible)
lib/controllers/navigation_controller.dart,50,Method/Function,NavigationController.changePage,void,Public,STATICALLY_VALID,Params: (int index)
lib/controllers/navigation_controller.dart,56,Method/Function,NavigationController._autoUpdateItems,void,Private,STATICALLY_VALID,Params: (int index)
lib/controllers/navigation_controller.dart,62,Method/Function,NavigationController.updateBarItems,void,Public,STATICALLY_VALID,Params: (List<VipNavItem> newItems)
lib/controllers/navigation_controller.dart,66,Method/Function,NavigationController.goToHome,void,Public,STATICALLY_VALID,Params: ()
lib/controllers/permissions_controller.dart,10,Class,PermissionsController,GetxController,Public,STATICALLY_VALID,Extends GetxController
lib/controllers/permissions_controller.dart,39,Method/Function,PermissionsController.onInit,void,Public,STATICALLY_VALID,Params: ()
lib/controllers/permissions_controller.dart,45,Method/Function,PermissionsController.onClose,void,Public,STATICALLY_VALID,Params: ()
lib/controllers/permissions_controller.dart,51,Method/Function,PermissionsController.subscribeToUserPermissions,void,Public,STATICALLY_VALID,Params: (String firebaseUid)
lib/controllers/permissions_controller.dart,125,Method/Function,PermissionsController.stopListing,void,Public,STATICALLY_VALID,Params: ()
lib/controllers/permissions_controller.dart,133,Method/Function,PermissionsController.loadPermissions,Future<void>,Public,STATICALLY_VALID,Params: (int? userId)
lib/controllers/permissions_controller.dart,168,Method/Function,PermissionsController.updateLocalPermission,void,Public,STATICALLY_VALID,"Params: (String controlName, bool visible, bool e...)"
lib/controllers/permissions_controller.dart,177,Method/Function,PermissionsController.isVisible,bool,Public,STATICALLY_VALID,Params: (String controlName)
lib/controllers/permissions_controller.dart,197,Method/Function,PermissionsController.isEnabled,bool,Public,STATICALLY_VALID,Params: (String controlName)
lib/controllers/settings_controller.dart,28,Class,SettingsController,GetxController,Public,STATICALLY_VALID,Extends GetxController
lib/controllers/settings_controller.dart,116,Method/Function,SettingsController.onInit,void,Public,STATICALLY_VALID,Params: ()
lib/controllers/settings_controller.dart,153,Method/Function,SettingsController._autoSyncManagedKeys,Future<void>,Private,STATICALLY_VALID,Params: ()
lib/controllers/settings_controller.dart,155,Method/Function,SettingsController.syncManagedKeysToLocal,await,Public,STATICALLY_VALID,Params: ()
lib/controllers/settings_controller.dart,159,Method/Function,SettingsController.onReady,void,Public,STATICALLY_VALID,Params: ()
lib/controllers/settings_controller.dart,166,Method/Function,SettingsController._initializeSettings,Future<void>,Private,STATICALLY_VALID,Params: ()
lib/controllers/settings_controller.dart,167,Method/Function,SettingsController._loadAllKeys,await,Private,STATICALLY_VALID,Params: ()
lib/controllers/settings_controller.dart,168,Method/Function,SettingsController._loadTikTokKeys,await,Private,STATICALLY_VALID,Params: ()
lib/controllers/settings_controller.dart,169,Method/Function,SettingsController._loadFacebookSettings,await,Private,STATICALLY_VALID,Params: ()
lib/controllers/settings_controller.dart,170,Method/Function,SettingsController._loadActiveProvider,await,Private,STATICALLY_VALID,Params: ()
lib/controllers/settings_controller.dart,171,Method/Function,SettingsController._loadJinaSettings,await,Private,STATICALLY_VALID,Params: ()
lib/controllers/settings_controller.dart,172,Method/Function,SettingsController._loadPlanningSettings,await,Private,STATICALLY_VALID,Params: ()
lib/controllers/settings_controller.dart,180,Method/Function,SettingsController._loadTikTokKeys,Future<void>,Private,STATICALLY_VALID,Params: ()
lib/controllers/settings_controller.dart,198,Method/Function,SettingsController._loadJinaSettings,Future<void>,Private,STATICALLY_VALID,Params: ()
lib/controllers/settings_controller.dart,199,Method/Function,SettingsController.toggleJina,Future<void>,Public,STATICALLY_VALID,Params: (bool value)
lib/controllers/settings_controller.dart,205,Method/Function,SettingsController._loadPlanningSettings,Future<void>,Private,STATICALLY_VALID,Params: ()
lib/controllers/settings_controller.dart,206,Method/Function,SettingsController.togglePlanningMode,Future<void>,Public,STATICALLY_VALID,Params: (bool value)
lib/controllers/settings_controller.dart,212,Method/Function,SettingsController.saveTikTokKeys,Future<void>,Public,STATICALLY_VALID,"Params: ({String? key, String? secret, String? pr...)"
lib/controllers/settings_controller.dart,240,Method/Function,SettingsController.testTikTokConnection,await,Public,STATICALLY_VALID,Params: ()
lib/controllers/settings_controller.dart,244,Method/Function,SettingsController.saveTikTokSettings,Future<void>,Public,STATICALLY_VALID,Params: ()
lib/controllers/settings_controller.dart,246,Method/Function,SettingsController._showToast,void,Private,STATICALLY_VALID,"Params: (String message, {required bool isError})"
lib/controllers/settings_controller.dart,250,Method/Function,SettingsController._loadAllKeys,Future<void>,Private,STATICALLY_VALID,Params: ()
lib/controllers/settings_controller.dart,289,Method/Function,SettingsController._loadActiveProvider,Future<void>,Private,STATICALLY_VALID,Params: ()
lib/controllers/settings_controller.dart,302,Method/Function,SettingsController._testAllConnections,Future<void>,Private,STATICALLY_VALID,Params: ()
lib/controllers/settings_controller.dart,316,Method/Function,SettingsController.testTikTokConnection,await,Public,STATICALLY_VALID,Params: ()
lib/controllers/settings_controller.dart,319,Method/Function,SettingsController._testConnection,Future<void>,Private,STATICALLY_VALID,"Params: (ProviderType type, String key, {bool isB...)"
lib/controllers/settings_controller.dart,347,Method/Function,SettingsController._getStatusKey,String,Private,STATICALLY_VALID,Params: (ProviderType type)
lib/controllers/settings_controller.dart,348,Method/Function,SettingsController.isActive,bool,Public,STATICALLY_VALID,Params: (ProviderType type)
lib/controllers/settings_controller.dart,349,Method/Function,SettingsController.isActiveForText,bool,Public,STATICALLY_VALID,Params: (ProviderType type)
lib/controllers/settings_controller.dart,350,Method/Function,SettingsController.isActiveForVideo,bool,Public,STATICALLY_VALID,Params: (ProviderType type)
lib/controllers/settings_controller.dart,351,Method/Function,SettingsController.getActiveProvider,ProviderType,Public,STATICALLY_VALID,Params: ()
lib/controllers/settings_controller.dart,352,Method/Function,SettingsController.getActiveVideoProvider,ProviderType,Public,STATICALLY_VALID,Params: ()
lib/controllers/settings_controller.dart,353,Method/Function,SettingsController.getApiKey,String,Public,STATICALLY_VALID,Params: (ProviderType type)
lib/controllers/settings_controller.dart,354,Method/Function,SettingsController.getActiveKey,String,Public,STATICALLY_VALID,Params: ()
lib/controllers/settings_controller.dart,355,Method/Function,SettingsController.getConnectionStatus,bool,Public,STATICALLY_VALID,Params: (ProviderType type)
lib/controllers/settings_controller.dart,356,Method/Function,SettingsController.getCustomEndpoint,String,Public,STATICALLY_VALID,Params: (ProviderType type)
lib/controllers/settings_controller.dart,358,Method/Function,SettingsController.setActiveProvider,Future<bool>,Public,STATICALLY_VALID,"Params: (ProviderType type, {bool isVideo = false...)"
lib/controllers/settings_controller.dart,366,Method/Function,SettingsController.setActiveTextProvider,Future<void>,Public,STATICALLY_VALID,Params: (ProviderType type)
lib/controllers/settings_controller.dart,374,Method/Function,SettingsController.setActiveVideoProvider,Future<void>,Public,STATICALLY_VALID,Params: (ProviderType type)
lib/controllers/settings_controller.dart,380,Method/Function,SettingsController.makeDefault,Future<void>,Public,STATICALLY_VALID,Params: (ProviderType type)
lib/controllers/settings_controller.dart,385,Method/Function,SettingsController.changeProvider,void,Public,STATICALLY_VALID,Params: (String providerKey)
lib/controllers/settings_controller.dart,387,Method/Function,SettingsController.hasKey,bool,Public,STATICALLY_VALID,Params: (String providerKey)
lib/controllers/settings_controller.dart,396,Method/Function,SettingsController.saveApiKey,Future<void>,Public,STATICALLY_VALID,"Params: (ProviderType type, String key)"
lib/controllers/settings_controller.dart,403,Method/Function,SettingsController._testConnection,await,Private,STATICALLY_VALID,"Params: (type, key.trim()"
lib/controllers/settings_controller.dart,410,Method/Function,SettingsController.migrateKeysToNewUid,Future<void>,Public,STATICALLY_VALID,Params: (String newUid)
lib/controllers/settings_controller.dart,416,Method/Function,SettingsController._loadAllKeys,await,Private,STATICALLY_VALID,Params: ()
lib/controllers/settings_controller.dart,419,Method/Function,SettingsController.saveGithubKeys,Future<void>,Public,STATICALLY_VALID,Params: (List<String> keys)
lib/controllers/settings_controller.dart,429,Method/Function,SettingsController.saveSecretKey,Future<void>,Public,STATICALLY_VALID,"Params: (ProviderType type, String secretKey)"
lib/controllers/settings_controller.dart,436,Method/Function,SettingsController.getSecretKey,Future<String>,Public,STATICALLY_VALID,Params: (ProviderType type)
lib/controllers/settings_controller.dart,438,Method/Function,SettingsController.saveCustomEndpoint,Future<void>,Public,STATICALLY_VALID,"Params: (ProviderType type, String endpoint)"
lib/controllers/settings_controller.dart,443,Method/Function,SettingsController.testProviderConnection,Future<void>,Public,STATICALLY_VALID,Params: (ProviderType type)
lib/controllers/settings_controller.dart,449,Method/Function,SettingsController.testTikTokConnection,Future<void>,Public,STATICALLY_VALID,Params: ()
lib/controllers/settings_controller.dart,459,Method/Function,SettingsController.checkSerpApiStatus,Future<void>,Public,STATICALLY_VALID,Params: ()
lib/controllers/settings_controller.dart,471,Method/Function,SettingsController.shareApp,Future<void>,Public,STATICALLY_VALID,Params: ()
lib/controllers/settings_controller.dart,475,Method/Function,SettingsController.checkForUpdate,Future<void>,Public,STATICALLY_VALID,Params: ({bool manual = false})
lib/controllers/settings_controller.dart,530,Method/Function,SettingsController._showUpdateDialog,void,Private,STATICALLY_VALID,"Params: ({required String version, required int b...)"
lib/controllers/settings_controller.dart,568,Method/Function,SettingsController.downloadAndInstallUpdate,Future<void>,Public,STATICALLY_VALID,"Params: (String apkUrl, String version)"
lib/controllers/settings_controller.dart,589,Method/Function,SettingsController.SizedBox,const,Public,STATICALLY_VALID,Params: (height: 10)
lib/controllers/settings_controller.dart,595,Method/Function,SettingsController.SizedBox,const,Public,STATICALLY_VALID,Params: (height: 16)
lib/controllers/settings_controller.dart,600,Method/Function,SettingsController.SizedBox,const,Public,STATICALLY_VALID,Params: (height: 8)
lib/controllers/settings_controller.dart,664,Method/Function,SettingsController.updateTikTokAccount,Future<void>,Public,STATICALLY_VALID,"Params: (String username, String url)"
lib/controllers/settings_controller.dart,671,Method/Function,SettingsController.updateYoutubeAccount,Future<void>,Public,STATICALLY_VALID,"Params: (String handle, String url)"
lib/controllers/settings_controller.dart,678,Method/Function,SettingsController.updateInstagramAccount,Future<void>,Public,STATICALLY_VALID,"Params: (String username, String url)"
lib/controllers/settings_controller.dart,686,Method/Function,SettingsController._loadFacebookSettings,Future<void>,Private,STATICALLY_VALID,Params: ()
lib/controllers/settings_controller.dart,692,Method/Function,SettingsController.fetchFacebookPages,await,Public,STATICALLY_VALID,Params: ()
lib/controllers/settings_controller.dart,696,Method/Function,SettingsController.saveFacebookUserToken,Future<void>,Public,STATICALLY_VALID,Params: (String token)
lib/controllers/settings_controller.dart,699,Method/Function,SettingsController.fetchFacebookPages,await,Public,STATICALLY_VALID,Params: ()
lib/controllers/settings_controller.dart,702,Method/Function,SettingsController.saveSelectedFacebookPage,Future<void>,Public,STATICALLY_VALID,"Params: (String id, String name, String pageToken)"
lib/controllers/settings_controller.dart,712,Method/Function,SettingsController.fetchFacebookPages,Future<void>,Public,STATICALLY_VALID,Params: ()
lib/controllers/settings_controller.dart,750,Method/Function,SettingsController.disconnectFacebook,Future<void>,Public,STATICALLY_VALID,Params: ()
lib/controllers/settings_controller.dart,763,Method/Function,SettingsController.syncManagedKeysToLocal,Future<void>,Public,STATICALLY_VALID,Params: ()
lib/controllers/settings_controller.dart,807,Method/Function,SettingsController.fetchGatewayHealth,Future<void>,Public,STATICALLY_VALID,Params: ()
lib/controllers/settings_controller.dart,824,Method/Function,SettingsController.fetchGatewayKeysStatus,Future<void>,Public,STATICALLY_VALID,Params: ()
lib/controllers/settings_controller.dart,841,Method/Function,SettingsController.fetchGatewayErrors,Future<void>,Public,STATICALLY_VALID,Params: ()
lib/controllers/settings_controller.dart,855,Method/Function,SettingsController.refreshAllDiagnostics,Future<void>,Public,STATICALLY_VALID,Params: ()
lib/controllers/settings_controller.dart,864,Method/Function,SettingsController.runLiveTest,Future<void>,Public,STATICALLY_VALID,Params: ()
lib/controllers/settings_controller.dart,904,Method/Function,SettingsController._syncToFirestore,void,Private,STATICALLY_VALID,"Params: (Map<String, dynamic> data)"
lib/controllers/settings_controller.dart,911,Method/Function,SettingsController.updateLastImageProvider,void,Public,STATICALLY_VALID,Params: (String provider)
lib/controllers/settings_controller.dart,916,Method/Function,SettingsController.updateLastTextProvider,void,Public,STATICALLY_VALID,Params: (String provider)
lib/controllers/settings_controller.dart,922,Class,_SyncGate,,Private,STATICALLY_VALID,Base Class
lib/controllers/settings_controller.dart,925,Method/Function,_SyncGate.run,Future<void>,Public,STATICALLY_VALID,Params: (Future<void> Function()
lib/controllers/settings_controller.dart,932,Method/Function,_SyncGate.task,await,Public,STATICALLY_VALID,Params: ()
lib/controllers/social_profile_controller.dart,5,Class,SocialProfileController,GetxController,Public,STATICALLY_VALID,Extends GetxController
lib/controllers/social_profile_controller.dart,13,Method/Function,SocialProfileController.loadProfile,Future<void>,Public,STATICALLY_VALID,"Params: (String platform, String profileId)"
lib/controllers/theme_controller.dart,3,Class,ThemeController,GetxController,Public,STATICALLY_VALID,Extends GetxController
lib/controllers/theme_controller.dart,10,Method/Function,ThemeController.onInit,void,Public,STATICALLY_VALID,Params: ()
lib/controllers/theme_controller.dart,15,Method/Function,ThemeController._loadThemeFromStorage,void,Private,STATICALLY_VALID,Params: ()
lib/controllers/theme_controller.dart,23,Method/Function,ThemeController.toggleTheme,Future<void>,Public,STATICALLY_VALID,Params: ()
lib/controllers/theme_controller.dart,28,Method/Function,ThemeController.setTheme,Future<void>,Public,STATICALLY_VALID,Params: (bool isDark)
lib/controllers/trend_controller.dart,10,Class,TrendController,GetxController,Public,STATICALLY_VALID,Extends GetxController
lib/controllers/trend_controller.dart,16,Method/Function,TrendController.startDownload,Future<String?>,Public,STATICALLY_VALID,"Params: (String? url, {bool saveToGal = true})"
lib/controllers/trend_controller.dart,59,Method/Function,TrendController.saveToGallery,await,Public,STATICALLY_VALID,Params: (savePath)
lib/controllers/trend_controller.dart,78,Method/Function,TrendController.saveToGallery,Future<void>,Public,STATICALLY_VALID,Params: (String filePath)
lib/controllers/whatsapp_sync_controller.dart,9,Class,WhatsAppSyncController,GetxController,Public,STATICALLY_VALID,Extends GetxController
lib/controllers/whatsapp_sync_controller.dart,30,Method/Function,WhatsAppSyncController.onInit,void,Public,STATICALLY_VALID,Params: ()
lib/controllers/whatsapp_sync_controller.dart,35,Method/Function,WhatsAppSyncController.loadAll,Future<void>,Public,STATICALLY_VALID,Params: ()
lib/controllers/whatsapp_sync_controller.dart,47,Method/Function,WhatsAppSyncController.fetchConfig,Future<void>,Public,STATICALLY_VALID,Params: ()
lib/controllers/whatsapp_sync_controller.dart,52,Method/Function,WhatsAppSyncController.fetchDrafts,Future<void>,Public,STATICALLY_VALID,Params: ()
lib/controllers/whatsapp_sync_controller.dart,57,Method/Function,WhatsAppSyncController.saveSettings,Future<void>,Public,STATICALLY_VALID,Params: ()
lib/controllers/whatsapp_sync_controller.dart,82,Method/Function,WhatsAppSyncController.runSimulation,Future<void>,Public,STATICALLY_VALID,Params: ()
lib/controllers/whatsapp_sync_controller.dart,120,Method/Function,WhatsAppSyncController.approveDraft,Future<void>,Public,STATICALLY_VALID,Params: (WhatsAppDraftModel draft)
lib/database/database_helper.dart,12,Class,DatabaseHelper,,Public,STATICALLY_VALID,Base Class
lib/database/database_helper.dart,17,Method/Function,DatabaseHelper.DatabaseHelper,factory,Public,STATICALLY_VALID,Params: ()
lib/database/database_helper.dart,29,Method/Function,DatabaseHelper._initializeDatabase,Future<Database>,Private,STATICALLY_VALID,Params: ()
lib/database/database_helper.dart,40,Method/Function,DatabaseHelper._onCreate,Future<void>,Private,STATICALLY_VALID,"Params: (Database db, int version)"
lib/database/database_helper.dart,110,Method/Function,DatabaseHelper.close,Future<void>,Public,STATICALLY_VALID,Params: ()
lib/database/database_helper.dart,115,Method/Function,DatabaseHelper.deleteDatabase,Future<void>,Public,STATICALLY_VALID,Params: ()
lib/database/database_helper.dart,122,Method/Function,DatabaseHelper._getCurrentTimestamp,String,Private,STATICALLY_VALID,Params: ()
lib/database/database_helper.dart,126,Method/Function,DatabaseHelper.insertUser,Future<int>,Public,STATICALLY_VALID,Params: (UserModel user)
lib/database/database_helper.dart,131,Method/Function,DatabaseHelper.getAllUsers,Future<List<UserModel>>,Public,STATICALLY_VALID,Params: ()
lib/database/database_helper.dart,137,Method/Function,DatabaseHelper.getUserById,Future<UserModel?>,Public,STATICALLY_VALID,Params: (int id)
lib/database/database_helper.dart,150,Method/Function,DatabaseHelper.updateUser,Future<int>,Public,STATICALLY_VALID,Params: (UserModel user)
lib/database/database_helper.dart,160,Method/Function,DatabaseHelper.deleteUser,Future<int>,Public,STATICALLY_VALID,Params: (int id)
lib/database/database_helper.dart,169,Method/Function,DatabaseHelper.deleteAllUsers,Future<int>,Public,STATICALLY_VALID,Params: ()
lib/database/database_helper.dart,176,Method/Function,DatabaseHelper.insertApiKey,Future<int>,Public,STATICALLY_VALID,Params: (ApiKeyModel apiKey)
lib/database/database_helper.dart,181,Method/Function,DatabaseHelper.getAllApiKeys,Future<List<ApiKeyModel>>,Public,STATICALLY_VALID,Params: ()
lib/database/database_helper.dart,187,Method/Function,DatabaseHelper.getApiKeyById,Future<ApiKeyModel?>,Public,STATICALLY_VALID,Params: (int id)
lib/database/database_helper.dart,200,Method/Function,DatabaseHelper.getApiKeyByService,Future<ApiKeyModel?>,Public,STATICALLY_VALID,Params: (String serviceName)
lib/database/database_helper.dart,213,Method/Function,DatabaseHelper.getEnabledApiKeys,Future<List<ApiKeyModel>>,Public,STATICALLY_VALID,Params: ()
lib/database/database_helper.dart,223,Method/Function,DatabaseHelper.updateApiKey,Future<int>,Public,STATICALLY_VALID,Params: (ApiKeyModel apiKey)
lib/database/database_helper.dart,233,Method/Function,DatabaseHelper.updateApiKeyByService,Future<int>,Public,STATICALLY_VALID,"Params: (String serviceName, String apiKey)"
lib/database/database_helper.dart,243,Method/Function,DatabaseHelper.toggleApiKeyStatus,Future<int>,Public,STATICALLY_VALID,Params: (int id)
lib/database/database_helper.dart,256,Method/Function,DatabaseHelper.deleteApiKey,Future<int>,Public,STATICALLY_VALID,Params: (int id)
lib/database/database_helper.dart,274,Method/Function,DatabaseHelper.deleteAllApiKeys,Future<int>,Public,STATICALLY_VALID,Params: ()
lib/database/database_helper.dart,282,Method/Function,DatabaseHelper.saveApiKey,Future<void>,Public,STATICALLY_VALID,"Params: (String service, String key)"
lib/database/database_helper.dart,288,Method/Function,DatabaseHelper.Exception,throw,Public,STATICALLY_VALID,Params: ('API key cannot be empty')
lib/database/database_helper.dart,319,Method/Function,DatabaseHelper.Exception,throw,Public,STATICALLY_VALID,Params: ('Failed to save API key for $service: $e...)
lib/database/database_helper.dart,324,Method/Function,DatabaseHelper.getApiKey,Future<String?>,Public,STATICALLY_VALID,Params: (String service)
lib/database/database_helper.dart,338,Method/Function,DatabaseHelper.Exception,throw,Public,STATICALLY_VALID,Params: ('Failed to retrieve API key for $service...)
lib/database/database_helper.dart,343,Method/Function,DatabaseHelper.deleteApiKeyByService,Future<void>,Public,STATICALLY_VALID,Params: (String service)
lib/database/database_helper.dart,352,Method/Function,DatabaseHelper.Exception,throw,Public,STATICALLY_VALID,Params: ('Failed to delete API key for $service: ...)
lib/database/database_helper.dart,358,Method/Function,DatabaseHelper.insertSetting,Future<int>,Public,STATICALLY_VALID,Params: (SettingModel setting)
lib/database/database_helper.dart,363,Method/Function,DatabaseHelper.getAllSettings,Future<List<SettingModel>>,Public,STATICALLY_VALID,Params: ()
lib/database/database_helper.dart,369,Method/Function,DatabaseHelper.getSettingById,Future<SettingModel?>,Public,STATICALLY_VALID,Params: (int id)
lib/database/database_helper.dart,382,Method/Function,DatabaseHelper.getSettingByKey,Future<SettingModel?>,Public,STATICALLY_VALID,Params: (String key)
lib/database/database_helper.dart,395,Method/Function,DatabaseHelper.getSettingValue,Future<String?>,Public,STATICALLY_VALID,Params: (String key)
lib/database/database_helper.dart,400,Method/Function,DatabaseHelper.upsertSetting,Future<int>,Public,STATICALLY_VALID,"Params: (String key, String value)"
lib/database/database_helper.dart,426,Method/Function,DatabaseHelper.updateSetting,Future<int>,Public,STATICALLY_VALID,Params: (SettingModel setting)
lib/database/database_helper.dart,436,Method/Function,DatabaseHelper.deleteSetting,Future<int>,Public,STATICALLY_VALID,Params: (int id)
lib/database/database_helper.dart,445,Method/Function,DatabaseHelper.deleteSettingByKey,Future<int>,Public,STATICALLY_VALID,Params: (String key)
lib/database/database_helper.dart,454,Method/Function,DatabaseHelper.deleteAllSettings,Future<int>,Public,STATICALLY_VALID,Params: ()
lib/database/database_helper.dart,461,Method/Function,DatabaseHelper.insertContent,Future<int>,Public,STATICALLY_VALID,Params: (ContentModel content)
lib/database/database_helper.dart,466,Method/Function,DatabaseHelper.getAllContent,Future<List<ContentModel>>,Public,STATICALLY_VALID,Params: ()
lib/database/database_helper.dart,472,Method/Function,DatabaseHelper.getContentById,Future<ContentModel?>,Public,STATICALLY_VALID,Params: (int id)
lib/database/database_helper.dart,485,Method/Function,DatabaseHelper.getContentByInputType,Future<List<ContentModel>>,Public,STATICALLY_VALID,Params: (String inputType)
lib/database/database_helper.dart,496,Method/Function,DatabaseHelper.getContentByModel,Future<List<ContentModel>>,Public,STATICALLY_VALID,Params: (String model)
lib/database/database_helper.dart,507,Method/Function,DatabaseHelper.updateContent,Future<int>,Public,STATICALLY_VALID,Params: (ContentModel content)
lib/database/database_helper.dart,517,Method/Function,DatabaseHelper.deleteContent,Future<int>,Public,STATICALLY_VALID,Params: (int id)
lib/database/database_helper.dart,526,Method/Function,DatabaseHelper.deleteAllContent,Future<int>,Public,STATICALLY_VALID,Params: ()
lib/database/database_helper.dart,531,Method/Function,DatabaseHelper.deleteOldContent,Future<int>,Public,STATICALLY_VALID,Params: (int days)
lib/database/database_helper.dart,543,Method/Function,DatabaseHelper.insertMedia,Future<int>,Public,STATICALLY_VALID,Params: (MediaModel media)
lib/database/database_helper.dart,548,Method/Function,DatabaseHelper.getAllMedia,Future<List<MediaModel>>,Public,STATICALLY_VALID,Params: ()
lib/database/database_helper.dart,554,Method/Function,DatabaseHelper.getMediaById,Future<MediaModel?>,Public,STATICALLY_VALID,Params: (int id)
lib/database/database_helper.dart,567,Method/Function,DatabaseHelper.getMediaByType,Future<List<MediaModel>>,Public,STATICALLY_VALID,Params: (String type)
lib/database/database_helper.dart,578,Method/Function,DatabaseHelper.updateMedia,Future<int>,Public,STATICALLY_VALID,Params: (MediaModel media)
lib/database/database_helper.dart,588,Method/Function,DatabaseHelper.deleteMedia,Future<int>,Public,STATICALLY_VALID,Params: (int id)
lib/database/database_helper.dart,597,Method/Function,DatabaseHelper.deleteAllMedia,Future<int>,Public,STATICALLY_VALID,Params: ()
lib/database/database_helper.dart,602,Method/Function,DatabaseHelper.deleteOldMedia,Future<int>,Public,STATICALLY_VALID,Params: (int days)
lib/database/database_helper.dart,614,Method/Function,DatabaseHelper.insertLog,Future<int>,Public,STATICALLY_VALID,Params: (LogModel log)
lib/database/database_helper.dart,619,Method/Function,DatabaseHelper.logAction,Future<int>,Public,STATICALLY_VALID,"Params: (String action, {String? details})"
lib/database/database_helper.dart,629,Method/Function,DatabaseHelper.getAllLogs,Future<List<LogModel>>,Public,STATICALLY_VALID,Params: ()
lib/database/database_helper.dart,635,Method/Function,DatabaseHelper.getLogById,Future<LogModel?>,Public,STATICALLY_VALID,Params: (int id)
lib/database/database_helper.dart,648,Method/Function,DatabaseHelper.getLogsByAction,Future<List<LogModel>>,Public,STATICALLY_VALID,Params: (String action)
lib/database/database_helper.dart,659,Method/Function,DatabaseHelper.getLogsFromDate,Future<List<LogModel>>,Public,STATICALLY_VALID,Params: (DateTime startDate)
lib/database/database_helper.dart,670,Method/Function,DatabaseHelper.getLogsBetweenDates,Future<List<LogModel>>,Public,STATICALLY_VALID,"Params: (DateTime startDate, DateTime endDate)"
lib/database/database_helper.dart,681,Method/Function,DatabaseHelper.deleteLog,Future<int>,Public,STATICALLY_VALID,Params: (int id)
lib/database/database_helper.dart,690,Method/Function,DatabaseHelper.deleteAllLogs,Future<int>,Public,STATICALLY_VALID,Params: ()
lib/database/database_helper.dart,695,Method/Function,DatabaseHelper.deleteOldLogs,Future<int>,Public,STATICALLY_VALID,Params: (int days)
lib/database/database_helper.dart,705,Method/Function,DatabaseHelper.getLogCount,Future<int>,Public,STATICALLY_VALID,Params: ()
lib/database/database_helper.dart,745,Method/Function,DatabaseHelper.vacuumDatabase,Future<void>,Public,STATICALLY_VALID,Params: ()
lib/database/database_helper.dart,750,Method/Function,DatabaseHelper.getDatabaseSize,Future<int>,Public,STATICALLY_VALID,Params: ()
lib/database/database_helper.dart,760,Method/Function,DatabaseHelper.backupDatabase,Future<void>,Public,STATICALLY_VALID,Params: ()
lib/database/database_helper.dart,782,Method/Function,DatabaseHelper.insertVideo,Future<int>,Public,STATICALLY_VALID,"Params: (String videoPath, {String? description, ...)"
lib/database/database_helper.dart,810,Method/Function,DatabaseHelper.updateVideo,Future<int>,Public,STATICALLY_VALID,"Params: (int id, {String? description, String? ha...)"
lib/database/database_helper.dart,823,Method/Function,DatabaseHelper.deleteVideo,Future<int>,Public,STATICALLY_VALID,Params: (int id)
lib/database/database_helper.dart,832,Method/Function,DatabaseHelper.deleteAllVideos,Future<int>,Public,STATICALLY_VALID,Params: ()
lib/models/api_key_model.dart,1,Class,ApiKeyModel,,Public,STATICALLY_VALID,Base Class
lib/models/api_key_model.dart,26,Method/Function,ApiKeyModel.toMap,"Map<String,",Public,STATICALLY_VALID,Params: ()
lib/models/api_key_model.dart,53,Method/Function,ApiKeyModel.toString,String,Public,STATICALLY_VALID,Params: ()
lib/models/brand_identity_model.dart,5,Class,BrandIdentity,,Public,STATICALLY_VALID,Base Class
lib/models/brand_identity_model.dart,28,Method/Function,BrandIdentity.toMap,"Map<String,",Public,STATICALLY_VALID,Params: ()
lib/models/brand_info.dart,2,Class,BrandInfo,,Public,STATICALLY_VALID,Base Class
lib/models/catalog_category_model.dart,3,Class,CatalogCategory,,Public,STATICALLY_VALID,Base Class
lib/models/catalog_category_model.dart,32,Method/Function,CatalogCategory.toMap,"Map<String,",Public,STATICALLY_VALID,Params: ()
lib/models/catalog_media_model.dart,3,Class,CatalogProductMedia,,Public,STATICALLY_VALID,Base Class
lib/models/catalog_media_model.dart,44,Method/Function,CatalogProductMedia.toMap,"Map<String,",Public,STATICALLY_VALID,Params: ()
lib/models/catalog_product_model.dart,6,Class,CatalogProduct,,Public,STATICALLY_VALID,Base Class
lib/models/catalog_product_model.dart,192,Method/Function,CatalogProduct.toMap,"Map<String,",Public,STATICALLY_VALID,Params: ()
lib/models/catalog_product_model.dart,239,Method/Function,CatalogProduct.parseStringList,List<String>,Public,STATICALLY_VALID,Params: (dynamic val)
lib/models/catalog_product_model.dart,324,Method/Function,CatalogProduct.safe,String,Public,STATICALLY_VALID,Params: (int i)
lib/models/catalog_product_model.dart,397,Method/Function,CatalogProduct.val,String,Public,STATICALLY_VALID,Params: (int idx)
lib/models/catalog_product_model.dart,399,Method/Function,CatalogProduct.parsePriceVal,double,Public,STATICALLY_VALID,Params: (String pStr)
lib/models/catalog_product_model.dart,462,Method/Function,CatalogProduct.toCsvRow,String,Public,STATICALLY_VALID,Params: ({String? defaultLink})
lib/models/catalog_product_model.dart,463,Method/Function,CatalogProduct.escCsv,String,Public,STATICALLY_VALID,Params: (String? v)
lib/models/catalog_product_model.dart,618,Method/Function,CatalogProduct.toString,String,Public,STATICALLY_VALID,Params: ()
lib/models/catalog_product_model.dart,622,Class,ProductCategoryInfo,,Public,STATICALLY_VALID,Base Class
lib/models/catalog_product_model.dart,635,Method/Function,ProductCategoryInfo.toMap,"Map<String,",Public,STATICALLY_VALID,Params: ()
lib/models/content_model.dart,1,Class,ContentModel,,Public,STATICALLY_VALID,Base Class
lib/models/content_model.dart,32,Method/Function,ContentModel.toMap,"Map<String,",Public,STATICALLY_VALID,Params: ()
lib/models/content_model.dart,65,Method/Function,ContentModel.toString,String,Public,STATICALLY_VALID,Params: ()
lib/models/log_model.dart,1,Class,LogModel,,Public,STATICALLY_VALID,Base Class
lib/models/log_model.dart,23,Method/Function,LogModel.toMap,"Map<String,",Public,STATICALLY_VALID,Params: ()
lib/models/log_model.dart,47,Method/Function,LogModel.toString,String,Public,STATICALLY_VALID,Params: ()
lib/models/media_model.dart,1,Class,MediaModel,,Public,STATICALLY_VALID,Base Class
lib/models/media_model.dart,23,Method/Function,MediaModel.toMap,"Map<String,",Public,STATICALLY_VALID,Params: ()
lib/models/media_model.dart,47,Method/Function,MediaModel.toString,String,Public,STATICALLY_VALID,Params: ()
lib/models/product_memory_model.dart,3,Class,ProductMemoryModel,,Public,STATICALLY_VALID,Base Class
lib/models/product_memory_model.dart,33,Method/Function,ProductMemoryModel.toMap,"Map<String,",Public,STATICALLY_VALID,Params: ()
lib/models/product_memory_model.dart,100,Method/Function,ProductMemoryModel.toString,String,Public,STATICALLY_VALID,Params: ()
lib/models/product_photo_models.dart,7,Class,ProductAnalysis,,Public,STATICALLY_VALID,Base Class
lib/models/product_photo_models.dart,47,Method/Function,ProductAnalysis.toJson,"Map<String,",Public,STATICALLY_VALID,Params: ()
lib/models/product_photo_models.dart,63,Class,ScenePrompt,,Public,STATICALLY_VALID,Base Class
lib/models/product_photo_models.dart,102,Method/Function,ScenePrompt.toJson,"Map<String,",Public,STATICALLY_VALID,Params: ()
lib/models/product_photo_models.dart,115,Class,ProductPhotoResult,,Public,STATICALLY_VALID,Base Class
lib/models/setting_model.dart,1,Class,SettingModel,,Public,STATICALLY_VALID,Base Class
lib/models/setting_model.dart,23,Method/Function,SettingModel.toMap,"Map<String,",Public,STATICALLY_VALID,Params: ()
lib/models/setting_model.dart,47,Method/Function,SettingModel.toString,String,Public,STATICALLY_VALID,Params: ()
lib/models/user_activity.dart,1,Class,UserActivity,,Public,STATICALLY_VALID,Base Class
lib/models/user_activity.dart,34,Method/Function,UserActivity.toMap,"Map<String,",Public,STATICALLY_VALID,Params: ()
lib/models/user_model.dart,1,Class,UserModel,,Public,STATICALLY_VALID,Base Class
lib/models/user_model.dart,38,Method/Function,UserModel.toMap,"Map<String,",Public,STATICALLY_VALID,Params: ()
lib/models/user_model.dart,74,Method/Function,UserModel.toString,String,Public,STATICALLY_VALID,Params: ()
lib/models/video_composition.dart,12,Class,SceneModel,,Public,STATICALLY_VALID,Base Class
lib/models/video_composition.dart,33,Method/Function,SceneModel.toMap,"Map<String,",Public,STATICALLY_VALID,Params: ()
lib/models/video_composition.dart,59,Class,VideoProject,,Public,STATICALLY_VALID,Base Class
lib/models/video_composition.dart,76,Method/Function,VideoProject.toJson,"Map<String,",Public,STATICALLY_VALID,Params: ()
lib/models/whatsapp_sync_models.dart,5,Class,WhatsAppWabaAccount,,Public,STATICALLY_VALID,Base Class
lib/models/whatsapp_sync_models.dart,30,Method/Function,WhatsAppWabaAccount.toMap,"Map<String,",Public,STATICALLY_VALID,Params: ()
lib/models/whatsapp_sync_models.dart,41,Class,WhatsAppSyncConfig,,Public,STATICALLY_VALID,Base Class
lib/models/whatsapp_sync_models.dart,115,Method/Function,WhatsAppSyncConfig.toMap,"Map<String,",Public,STATICALLY_VALID,Params: ()
lib/models/whatsapp_sync_models.dart,169,Class,WhatsAppAiSuggestion,,Public,STATICALLY_VALID,Base Class
lib/models/whatsapp_sync_models.dart,195,Method/Function,WhatsAppAiSuggestion.toMap,"Map<String,",Public,STATICALLY_VALID,Params: ()
lib/models/whatsapp_sync_models.dart,206,Class,WhatsAppDraftModel,,Public,STATICALLY_VALID,Base Class
lib/screens/admin_dashboard_screen.dart,14,Class,AdminDashboardScreen,StatelessWidget,Public,STATICALLY_VALID,Extends StatelessWidget
lib/screens/admin_dashboard_screen.dart,15,Method/Function,AdminDashboardScreen.AdminDashboardScreen,const,Public,STATICALLY_VALID,Params: ({super.key})
lib/screens/admin_dashboard_screen.dart,18,Method/Function,AdminDashboardScreen.build,Widget,Public,STATICALLY_VALID,Params: (BuildContext context)
lib/screens/admin_dashboard_screen.dart,42,Method/Function,AdminDashboardScreen.SizedBox,const,Public,STATICALLY_VALID,Params: (height: 16)
lib/screens/admin_dashboard_screen.dart,51,Method/Function,AdminDashboardScreen.SizedBox,const,Public,STATICALLY_VALID,Params: (height: 8)
lib/screens/admin_dashboard_screen.dart,157,Method/Function,AdminDashboardScreen.SizedBox,const,Public,STATICALLY_VALID,Params: (height: 12)
lib/screens/admin_dashboard_screen.dart,287,Method/Function,AdminDashboardScreen._buildAdminHeader,Widget,Private,STATICALLY_VALID,"Params: (BuildContext context, AuthController aut...)"
lib/screens/admin_dashboard_screen.dart,359,Method/Function,AdminDashboardScreen.SizedBox,const,Public,STATICALLY_VALID,Params: (width: 16)
lib/screens/admin_dashboard_screen.dart,380,Method/Function,AdminDashboardScreen.SizedBox,const,Public,STATICALLY_VALID,Params: (height: 4)
lib/screens/admin_dashboard_screen.dart,464,Method/Function,AdminDashboardScreen.SizedBox,const,Public,STATICALLY_VALID,Params: (height: 10)
lib/screens/admin_dashboard_screen.dart,472,Method/Function,AdminDashboardScreen.SizedBox,const,Public,STATICALLY_VALID,Params: (height: 8)
lib/screens/admin_dashboard_screen.dart,484,Method/Function,AdminDashboardScreen.SizedBox,const,Public,STATICALLY_VALID,Params: (height: 10)
lib/screens/admin_dashboard_screen.dart,498,Method/Function,AdminDashboardScreen.SizedBox,const,Public,STATICALLY_VALID,Params: (height: 10)
lib/screens/admin_dashboard_screen.dart,524,Method/Function,AdminDashboardScreen._buildSearchAndFiltersBar,Widget,Private,STATICALLY_VALID,Params: (AdminController controller)
lib/screens/admin_dashboard_screen.dart,566,Method/Function,AdminDashboardScreen.SizedBox,const,Public,STATICALLY_VALID,Params: (height: 10)
lib/screens/admin_dashboard_screen.dart,614,Method/Function,AdminDashboardScreen.SizedBox,const,Public,STATICALLY_VALID,Params: (width: 8)
lib/screens/admin_dashboard_screen.dart,652,Method/Function,AdminDashboardScreen.SizedBox,const,Public,STATICALLY_VALID,Params: (height: 6)
lib/screens/admin_dashboard_screen.dart,663,Method/Function,AdminDashboardScreen._buildSystemStatsPanel,Widget,Private,STATICALLY_VALID,Params: (AdminController controller)
lib/screens/admin_dashboard_screen.dart,675,Method/Function,AdminDashboardScreen.SizedBox,const,Public,STATICALLY_VALID,Params: (width: 8)
lib/screens/admin_dashboard_screen.dart,679,Method/Function,AdminDashboardScreen.SizedBox,const,Public,STATICALLY_VALID,Params: (width: 8)
lib/screens/admin_dashboard_screen.dart,683,Method/Function,AdminDashboardScreen.SizedBox,const,Public,STATICALLY_VALID,Params: (width: 8)
lib/screens/admin_dashboard_screen.dart,692,Method/Function,AdminDashboardScreen.SizedBox,const,Public,STATICALLY_VALID,Params: (height: 8)
lib/screens/admin_dashboard_screen.dart,699,Method/Function,AdminDashboardScreen.SizedBox,const,Public,STATICALLY_VALID,Params: (width: 8)
lib/screens/admin_dashboard_screen.dart,703,Method/Function,AdminDashboardScreen.SizedBox,const,Public,STATICALLY_VALID,Params: (width: 8)
lib/screens/admin_dashboard_screen.dart,707,Method/Function,AdminDashboardScreen.SizedBox,const,Public,STATICALLY_VALID,Params: (width: 8)
lib/screens/admin_dashboard_screen.dart,766,Method/Function,AdminDashboardScreen.GalacticBackgroundUnified,const,Public,STATICALLY_VALID,Params: ()
lib/screens/admin_dashboard_screen.dart,815,Method/Function,AdminDashboardScreen.SizedBox,const,Public,STATICALLY_VALID,Params: (width: 6)
lib/screens/admin_dashboard_screen.dart,934,Method/Function,AdminDashboardScreen.SizedBox,const,Public,STATICALLY_VALID,Params: (width: 2)
lib/screens/admin_dashboard_screen.dart,945,Method/Function,AdminDashboardScreen.SizedBox,const,Public,STATICALLY_VALID,Params: (width: 4)
lib/screens/admin_dashboard_screen.dart,974,Method/Function,AdminDashboardScreen.SizedBox,const,Public,STATICALLY_VALID,Params: (width: 4)
lib/screens/admin_dashboard_screen.dart,995,Method/Function,AdminDashboardScreen.SizedBox,const,Public,STATICALLY_VALID,Params: (height: 16)
lib/screens/admin_dashboard_screen.dart,1019,Method/Function,AdminDashboardScreen.SizedBox,const,Public,STATICALLY_VALID,Params: (height: 12)
lib/screens/admin_dashboard_screen.dart,1022,Method/Function,AdminDashboardScreen.SizedBox,const,Public,STATICALLY_VALID,Params: (height: 12)
lib/screens/admin_dashboard_screen.dart,1025,Method/Function,AdminDashboardScreen.SizedBox,const,Public,STATICALLY_VALID,Params: (height: 16)
lib/screens/admin_dashboard_screen.dart,1028,Method/Function,AdminDashboardScreen.SizedBox,const,Public,STATICALLY_VALID,Params: (height: 20)
lib/screens/admin_dashboard_screen.dart,1041,Method/Function,AdminDashboardScreen.SliverToBoxAdapter,const,Public,STATICALLY_VALID,Params: (child: SizedBox(height: 40)
lib/screens/admin_dashboard_screen.dart,1047,Method/Function,AdminDashboardScreen._buildUserCreativeStats,Widget,Private,STATICALLY_VALID,"Params: (Map<String, dynamic> user)"
lib/screens/admin_dashboard_screen.dart,1067,Method/Function,AdminDashboardScreen.SizedBox,const,Public,STATICALLY_VALID,Params: (width: 12)
lib/screens/admin_dashboard_screen.dart,1078,Method/Function,AdminDashboardScreen.SizedBox,const,Public,STATICALLY_VALID,Params: (height: 12)
lib/screens/admin_dashboard_screen.dart,1089,Method/Function,AdminDashboardScreen.SizedBox,const,Public,STATICALLY_VALID,Params: (width: 12)
lib/screens/admin_dashboard_screen.dart,1104,Method/Function,AdminDashboardScreen._smallStatBox,Widget,Private,STATICALLY_VALID,"Params: (String label, String value, IconData ico...)"
lib/screens/admin_dashboard_screen.dart,1115,Method/Function,AdminDashboardScreen._buildActivityLogSection,Widget,Private,STATICALLY_VALID,Params: (AdminController controller)
lib/screens/admin_dashboard_screen.dart,1173,Method/Function,AdminDashboardScreen.SizedBox,const,Public,STATICALLY_VALID,Params: (width: 10)
lib/screens/admin_dashboard_screen.dart,1207,Method/Function,AdminDashboardScreen.SizedBox,const,Public,STATICALLY_VALID,Params: (height: 12)
lib/screens/admin_dashboard_screen.dart,1216,Method/Function,AdminDashboardScreen.SizedBox,const,Public,STATICALLY_VALID,Params: (width: 8)
lib/screens/admin_dashboard_screen.dart,1223,Method/Function,AdminDashboardScreen.SizedBox,const,Public,STATICALLY_VALID,Params: (width: 8)
lib/screens/admin_dashboard_screen.dart,1245,Method/Function,AdminDashboardScreen.if,else,Public,STATICALLY_VALID,Params: (logs.isEmpty)
lib/screens/admin_dashboard_screen.dart,1254,Method/Function,AdminDashboardScreen.SizedBox,const,Public,STATICALLY_VALID,Params: (height: 10)
lib/screens/admin_dashboard_screen.dart,1260,Method/Function,AdminDashboardScreen.SizedBox,const,Public,STATICALLY_VALID,Params: (height: 4)
lib/screens/admin_dashboard_screen.dart,1292,Method/Function,AdminDashboardScreen.SizedBox,const,Public,STATICALLY_VALID,Params: (width: 6)
lib/screens/admin_dashboard_screen.dart,1320,Method/Function,AdminDashboardScreen._buildActivityTimeline,Widget,Private,STATICALLY_VALID,"Params: (List<Map<String, dynamic>> logs)"
lib/screens/admin_dashboard_screen.dart,1357,Method/Function,AdminDashboardScreen.SizedBox,const,Public,STATICALLY_VALID,Params: (width: 8)
lib/screens/admin_dashboard_screen.dart,1366,Method/Function,AdminDashboardScreen.SizedBox,const,Public,STATICALLY_VALID,Params: (width: 8)
lib/screens/admin_dashboard_screen.dart,1483,Method/Function,AdminDashboardScreen.SizedBox,const,Public,STATICALLY_VALID,Params: (width: 12)
lib/screens/admin_dashboard_screen.dart,1525,Method/Function,AdminDashboardScreen.SizedBox,const,Public,STATICALLY_VALID,Params: (width: 12)
lib/screens/admin_dashboard_screen.dart,1541,Method/Function,AdminDashboardScreen.SizedBox,const,Public,STATICALLY_VALID,Params: (height: 2)
lib/screens/admin_dashboard_screen.dart,1546,Method/Function,AdminDashboardScreen.SizedBox,const,Public,STATICALLY_VALID,Params: (width: 4)
lib/screens/admin_dashboard_screen.dart,1559,Method/Function,AdminDashboardScreen.SizedBox,const,Public,STATICALLY_VALID,Params: (height: 2)
lib/screens/admin_dashboard_screen.dart,1569,Method/Function,AdminDashboardScreen.SizedBox,const,Public,STATICALLY_VALID,Params: (width: 6)
lib/screens/admin_dashboard_screen.dart,1578,Method/Function,AdminDashboardScreen.SizedBox,const,Public,STATICALLY_VALID,Params: (width: 6)
lib/screens/admin_dashboard_screen.dart,1601,Method/Function,AdminDashboardScreen.SizedBox,const,Public,STATICALLY_VALID,Params: (width: 8)
lib/screens/admin_dashboard_screen.dart,1623,Method/Function,AdminDashboardScreen.SizedBox,const,Public,STATICALLY_VALID,Params: (width: 3)
lib/screens/admin_dashboard_screen.dart,1649,Method/Function,AdminDashboardScreen._shouldShowDateHeader,bool,Private,STATICALLY_VALID,"Params: (DateTime? current, DateTime? previous)"
lib/screens/admin_dashboard_screen.dart,1657,Method/Function,AdminDashboardScreen._formatDateHeader,String,Private,STATICALLY_VALID,Params: (DateTime dt)
lib/screens/admin_dashboard_screen.dart,1784,Method/Function,AdminDashboardScreen.SizedBox,const,Public,STATICALLY_VALID,Params: (width: 16)
lib/screens/admin_dashboard_screen.dart,1820,Method/Function,AdminDashboardScreen.SizedBox,const,Public,STATICALLY_VALID,Params: (height: 4)
lib/screens/admin_dashboard_screen.dart,1844,Method/Function,AdminDashboardScreen.SizedBox,const,Public,STATICALLY_VALID,Params: (width: 8)
lib/screens/admin_dashboard_screen.dart,1927,Method/Function,AdminDashboardScreen.SizedBox,const,Public,STATICALLY_VALID,Params: (width: 10)
lib/screens/admin_dashboard_screen.dart,1944,Method/Function,AdminDashboardScreen.SizedBox,const,Public,STATICALLY_VALID,Params: (width: 10)
lib/screens/admin_dashboard_screen.dart,1968,Method/Function,AdminDashboardScreen.SizedBox,const,Public,STATICALLY_VALID,Params: (width: 10)
lib/screens/admin_dashboard_screen.dart,1996,Method/Function,AdminDashboardScreen.SizedBox,const,Public,STATICALLY_VALID,Params: (width: 10)
lib/screens/admin_dashboard_screen.dart,2115,Method/Function,AdminDashboardScreen.SizedBox,const,Public,STATICALLY_VALID,Params: (width: 8)
lib/screens/admin_dashboard_screen.dart,2125,Method/Function,AdminDashboardScreen.SizedBox,const,Public,STATICALLY_VALID,Params: (height: 12)
lib/screens/admin_dashboard_screen.dart,2220,Method/Function,AdminDashboardScreen.SizedBox,const,Public,STATICALLY_VALID,Params: (height: 10)
lib/screens/admin_dashboard_screen.dart,2256,Method/Function,AdminDashboardScreen.SizedBox,const,Public,STATICALLY_VALID,Params: (width: 12)
lib/screens/admin_dashboard_screen.dart,2270,Method/Function,AdminDashboardScreen.TextStyle,const,Public,STATICALLY_VALID,"Params: (color: Colors.white24, fontSize: 10)"
lib/screens/admin_dashboard_screen.dart,2286,Method/Function,AdminDashboardScreen.SizedBox,const,Public,STATICALLY_VALID,Params: (width: 10)
lib/screens/admin_dashboard_screen.dart,2317,Method/Function,AdminDashboardScreen.SizedBox,const,Public,STATICALLY_VALID,Params: (height: 2)
lib/screens/admin_dashboard_screen.dart,2343,Method/Function,AdminDashboardScreen._getRoleColor,Color,Private,STATICALLY_VALID,Params: (String role)
lib/screens/admin_dashboard_screen.dart,2354,Method/Function,AdminDashboardScreen._getRoleLabel,String,Private,STATICALLY_VALID,Params: (String role)
lib/screens/admin_dashboard_screen.dart,2365,Method/Function,AdminDashboardScreen._showGlobalAiSettings,void,Private,STATICALLY_VALID,"Params: (BuildContext context, AdminController co...)"
lib/screens/admin_dashboard_screen.dart,2386,Method/Function,AdminDashboardScreen.GalacticBackgroundUnified,const,Public,STATICALLY_VALID,Params: ()
lib/screens/admin_dashboard_screen.dart,2421,Method/Function,AdminDashboardScreen.SizedBox,const,Public,STATICALLY_VALID,Params: (height: 24)
lib/screens/admin_dashboard_screen.dart,2450,Method/Function,AdminDashboardScreen.SizedBox,const,Public,STATICALLY_VALID,Params: (height: 16)
lib/screens/admin_dashboard_screen.dart,2492,Method/Function,AdminDashboardScreen.SizedBox,const,Public,STATICALLY_VALID,Params: (height: 10)
lib/screens/admin_dashboard_screen.dart,2500,Method/Function,AdminDashboardScreen.SizedBox,const,Public,STATICALLY_VALID,Params: (height: 8)
lib/screens/admin_dashboard_screen.dart,2524,Method/Function,AdminDashboardScreen.SizedBox,const,Public,STATICALLY_VALID,Params: (height: 20)
lib/screens/admin_dashboard_screen.dart,2525,Method/Function,AdminDashboardScreen.Divider,const,Public,STATICALLY_VALID,Params: (color: Colors.white10)
lib/screens/admin_dashboard_screen.dart,2526,Method/Function,AdminDashboardScreen.SizedBox,const,Public,STATICALLY_VALID,Params: (height: 10)
lib/screens/admin_dashboard_screen.dart,2540,Method/Function,AdminDashboardScreen.SizedBox,const,Public,STATICALLY_VALID,Params: (height: 16)
lib/screens/admin_dashboard_screen.dart,2555,Method/Function,AdminDashboardScreen.SizedBox,const,Public,STATICALLY_VALID,Params: (width: 10)
lib/screens/admin_dashboard_screen.dart,2562,Method/Function,AdminDashboardScreen.SizedBox,const,Public,STATICALLY_VALID,Params: (height: 12)
lib/screens/admin_dashboard_screen.dart,2596,Method/Function,AdminDashboardScreen.SizedBox,const,Public,STATICALLY_VALID,Params: (height: 16)
lib/screens/admin_dashboard_screen.dart,2650,Method/Function,AdminDashboardScreen.SizedBox,const,Public,STATICALLY_VALID,Params: (width: 10)
lib/screens/admin_dashboard_screen.dart,2658,Method/Function,AdminDashboardScreen.SizedBox,const,Public,STATICALLY_VALID,Params: (height: 12)
lib/screens/admin_dashboard_screen.dart,2687,Method/Function,AdminDashboardScreen._getCategoryLabel,String,Private,STATICALLY_VALID,Params: (String category)
lib/screens/admin_dashboard_screen.dart,2708,Method/Function,AdminDashboardScreen._formatDate,String,Private,STATICALLY_VALID,Params: (dynamic date)
lib/screens/admin_dashboard_screen.dart,2728,Method/Function,AdminDashboardScreen._formatExpiryDate,String,Private,STATICALLY_VALID,Params: (dynamic timestamp)
lib/screens/admin_dashboard_screen.dart,2771,Method/Function,AdminDashboardScreen.Color,const,Public,STATICALLY_VALID,Params: (0xFFFFD700)
lib/screens/admin_dashboard_screen.dart,2777,Method/Function,AdminDashboardScreen.SizedBox,const,Public,STATICALLY_VALID,Params: (width: 10)
lib/screens/admin_dashboard_screen.dart,2802,Method/Function,AdminDashboardScreen.SizedBox,const,Public,STATICALLY_VALID,Params: (height: 10)
lib/screens/admin_dashboard_screen.dart,2876,Method/Function,AdminDashboardScreen.SizedBox,const,Public,STATICALLY_VALID,Params: (width: 12)
lib/screens/admin_dashboard_screen.dart,2892,Method/Function,AdminDashboardScreen.Icon,const,Public,STATICALLY_VALID,"Params: (Icons.chevron_left_rounded, color: Color...)"
lib/screens/admin_dashboard_screen.dart,2899,Method/Function,AdminDashboardScreen._buildMiniInfo,Widget,Private,STATICALLY_VALID,"Params: (IconData icon, String value, String labe...)"
lib/screens/admin_dashboard_screen.dart,2907,Method/Function,AdminDashboardScreen.SizedBox,const,Public,STATICALLY_VALID,Params: (width: 4)
lib/screens/admin_dashboard_screen.dart,2955,Method/Function,AdminDashboardScreen.SizedBox,const,Public,STATICALLY_VALID,Params: (width: 12)
lib/screens/admin_dashboard_screen.dart,2974,Method/Function,AdminDashboardScreen.Spacer,const,Public,STATICALLY_VALID,Params: ()
lib/screens/admin_dashboard_screen.dart,2988,Method/Function,AdminDashboardScreen.Divider,const,Public,STATICALLY_VALID,"Params: (color: Colors.white10, height: 24)"
lib/screens/admin_dashboard_screen.dart,3007,Method/Function,AdminDashboardScreen.SizedBox,const,Public,STATICALLY_VALID,Params: (height: 12)
lib/screens/admin_dashboard_screen.dart,3011,Method/Function,AdminDashboardScreen.SizedBox,const,Public,STATICALLY_VALID,Params: (height: 8)
lib/screens/admin_dashboard_screen.dart,3046,Method/Function,AdminDashboardScreen.SizedBox,const,Public,STATICALLY_VALID,Params: (width: 8)
lib/screens/admin_dashboard_screen.dart,3052,Method/Function,AdminDashboardScreen.Spacer,const,Public,STATICALLY_VALID,Params: ()
lib/screens/admin_dashboard_screen.dart,3065,Method/Function,AdminDashboardScreen.SizedBox,const,Public,STATICALLY_VALID,Params: (height: 12)
lib/screens/admin_dashboard_screen.dart,3069,Method/Function,AdminDashboardScreen.SizedBox,const,Public,STATICALLY_VALID,Params: (height: 12)
lib/screens/admin_dashboard_screen.dart,3124,Method/Function,AdminDashboardScreen.SizedBox,const,Public,STATICALLY_VALID,Params: (width: 10)
lib/screens/admin_dashboard_screen.dart,3145,Method/Function,AdminDashboardScreen.SizedBox,const,Public,STATICALLY_VALID,Params: (width: 3)
lib/screens/admin_dashboard_screen.dart,3153,Method/Function,AdminDashboardScreen.SizedBox,const,Public,STATICALLY_VALID,Params: (width: 8)
lib/screens/admin_dashboard_screen.dart,3158,Method/Function,AdminDashboardScreen.SizedBox,const,Public,STATICALLY_VALID,Params: (width: 3)
lib/screens/admin_dashboard_screen.dart,3257,Method/Function,AdminDashboardScreen.SizedBox,const,Public,STATICALLY_VALID,Params: (width: 8)
lib/screens/admin_dashboard_screen.dart,3268,Method/Function,AdminDashboardScreen.SizedBox,const,Public,STATICALLY_VALID,Params: (height: 12)
lib/screens/admin_dashboard_screen.dart,3304,Method/Function,AdminDashboardScreen.SizedBox,const,Public,STATICALLY_VALID,Params: (height: 4)
lib/screens/ai_chat_screen.dart,30,Class,AiChatScreen,StatefulWidget,Public,STATICALLY_VALID,Extends StatefulWidget
lib/screens/ai_chat_screen.dart,32,Method/Function,AiChatScreen.AiChatScreen,const,Public,STATICALLY_VALID,"Params: ({super.key, this.initialMode})"
lib/screens/ai_chat_screen.dart,35,Method/Function,AiChatScreen.createState,State<AiChatScreen>,Public,STATICALLY_VALID,Params: ()
lib/screens/ai_chat_screen.dart,38,Class,_AiChatScreenState,State,Private,STATICALLY_VALID,Extends State
lib/screens/ai_chat_screen.dart,53,Method/Function,_AiChatScreenState.replyingToMessage,set,Public,STATICALLY_VALID,Params: (ChatMessage? value)
lib/screens/ai_chat_screen.dart,59,Method/Function,_AiChatScreenState.selectedImages,set,Public,STATICALLY_VALID,Params: (List<File> value)
lib/screens/ai_chat_screen.dart,65,Method/Function,_AiChatScreenState.selectedVideo,set,Public,STATICALLY_VALID,Params: (File? value)
lib/screens/ai_chat_screen.dart,71,Method/Function,_AiChatScreenState.isCompressingImage,set,Public,STATICALLY_VALID,Params: (bool value)
lib/screens/ai_chat_screen.dart,77,Method/Function,_AiChatScreenState.compressedImages,set,Public,STATICALLY_VALID,Params: (List<File> value)
lib/screens/ai_chat_screen.dart,83,Method/Function,_AiChatScreenState.processingProgress,set,Public,STATICALLY_VALID,Params: (double value)
lib/screens/ai_chat_screen.dart,89,Method/Function,_AiChatScreenState.preAnalysisResult,set,Public,STATICALLY_VALID,Params: (ProcessedInput? value)
lib/screens/ai_chat_screen.dart,93,Method/Function,_AiChatScreenState.initState,void,Public,STATICALLY_VALID,Params: ()
lib/screens/ai_chat_screen.dart,117,Method/Function,_AiChatScreenState._scrollListener,void,Private,STATICALLY_VALID,Params: ()
lib/screens/ai_chat_screen.dart,129,Method/Function,_AiChatScreenState._handleInitialMode,void,Private,STATICALLY_VALID,Params: ()
lib/screens/ai_chat_screen.dart,141,Method/Function,_AiChatScreenState.scrollToBottom,void,Public,STATICALLY_VALID,Params: ({bool force = false})
lib/screens/ai_chat_screen.dart,145,Method/Function,_AiChatScreenState.dispose,void,Public,STATICALLY_VALID,Params: ()
lib/screens/ai_chat_screen.dart,154,Method/Function,_AiChatScreenState._scrollToBottom,void,Private,STATICALLY_VALID,Params: ({bool force = false})
lib/screens/ai_chat_screen.dart,170,Method/Function,_AiChatScreenState._showAttachmentMenu,void,Private,STATICALLY_VALID,Params: ()
lib/screens/ai_chat_screen.dart,242,Method/Function,_AiChatScreenState.build,Widget,Public,STATICALLY_VALID,Params: (BuildContext context)
lib/screens/ai_chat_screen.dart,338,Method/Function,_AiChatScreenState.SizedBox,const,Public,STATICALLY_VALID,Params: (width: 10)
lib/screens/ai_chat_screen.dart,417,Method/Function,_AiChatScreenState._buildVipAppBar,PreferredSizeWidget,Private,STATICALLY_VALID,Params: (BuildContext context)
lib/screens/ai_chat_screen.dart,432,Method/Function,_AiChatScreenState.ApiKeyStatusIndicator,const,Public,STATICALLY_VALID,Params: ()
lib/screens/ai_chat_screen.dart,442,Method/Function,_AiChatScreenState._buildAppBarAction,Widget,Private,STATICALLY_VALID,"Params: ({required BuildContext context, required...)"
lib/screens/ai_chat_screen.dart,448,Method/Function,_AiChatScreenState._buildAttachmentItem,Widget,Private,STATICALLY_VALID,"Params: (IconData icon, String label, Color color...)"
lib/screens/ai_chat_screen.dart,453,Method/Function,_AiChatScreenState._buildEmptyState,Widget,Private,STATICALLY_VALID,Params: ()
lib/screens/brand_settings_screen.dart,12,Class,BrandSettingsController,GetxController,Public,STATICALLY_VALID,Extends GetxController
lib/screens/brand_settings_screen.dart,28,Method/Function,BrandSettingsController.onInit,void,Public,STATICALLY_VALID,Params: ()
lib/screens/brand_settings_screen.dart,33,Method/Function,BrandSettingsController._loadBrandIdentity,Future<void>,Private,STATICALLY_VALID,Params: ()
lib/screens/brand_settings_screen.dart,54,Method/Function,BrandSettingsController.pickLogo,Future<void>,Public,STATICALLY_VALID,Params: ()
lib/screens/brand_settings_screen.dart,62,Method/Function,BrandSettingsController.saveSettings,Future<void>,Public,STATICALLY_VALID,Params: ()
lib/screens/brand_settings_screen.dart,97,Class,BrandSettingsScreen,StatelessWidget,Public,STATICALLY_VALID,Extends StatelessWidget
lib/screens/brand_settings_screen.dart,98,Method/Function,BrandSettingsScreen.BrandSettingsScreen,const,Public,STATICALLY_VALID,Params: ({super.key})
lib/screens/brand_settings_screen.dart,101,Method/Function,BrandSettingsScreen.build,Widget,Public,STATICALLY_VALID,Params: (BuildContext context)
lib/screens/brand_settings_screen.dart,170,Method/Function,BrandSettingsScreen.SizedBox,const,Public,STATICALLY_VALID,Params: (height: 12)
lib/screens/brand_settings_screen.dart,176,Method/Function,BrandSettingsScreen.SizedBox,const,Public,STATICALLY_VALID,Params: (height: 32)
lib/screens/brand_settings_screen.dart,185,Method/Function,BrandSettingsScreen.SizedBox,const,Public,STATICALLY_VALID,Params: (height: 24)
lib/screens/brand_settings_screen.dart,190,Method/Function,BrandSettingsScreen.SizedBox,const,Public,STATICALLY_VALID,Params: (height: 40)
lib/screens/brand_settings_screen.dart,212,Method/Function,BrandSettingsScreen._buildSectionTitle,Widget,Private,STATICALLY_VALID,Params: (String title)
lib/screens/brand_settings_screen.dart,222,Method/Function,BrandSettingsScreen._buildTextField,Widget,Private,STATICALLY_VALID,"Params: (TextEditingController controller, String...)"
lib/screens/creator_profile_screen.dart,17,Class,CreatorProfileScreen,StatefulWidget,Public,STATICALLY_VALID,Extends StatefulWidget
lib/screens/creator_profile_screen.dart,18,Method/Function,CreatorProfileScreen.CreatorProfileScreen,const,Public,STATICALLY_VALID,Params: ({super.key})
lib/screens/creator_profile_screen.dart,21,Method/Function,CreatorProfileScreen.createState,State<CreatorProfileScreen>,Public,STATICALLY_VALID,Params: ()
lib/screens/creator_profile_screen.dart,24,Class,_CreatorProfileScreenState,State,Private,STATICALLY_VALID,Extends State
lib/screens/creator_profile_screen.dart,39,Method/Function,_CreatorProfileScreenState.initState,void,Public,STATICALLY_VALID,Params: ()
lib/screens/creator_profile_screen.dart,44,Method/Function,_CreatorProfileScreenState._fetchProfile,Future<void>,Private,STATICALLY_VALID,Params: ()
lib/screens/creator_profile_screen.dart,118,Method/Function,_CreatorProfileScreenState._detectTopNiche,String,Private,STATICALLY_VALID,Params: (int total)
lib/screens/creator_profile_screen.dart,125,Method/Function,_CreatorProfileScreenState.build,Widget,Public,STATICALLY_VALID,Params: (BuildContext context)
lib/screens/creator_profile_screen.dart,156,Method/Function,_CreatorProfileScreenState.SizedBox,const,Public,STATICALLY_VALID,Params: (height: 16)
lib/screens/creator_profile_screen.dart,158,Method/Function,_CreatorProfileScreenState.SizedBox,const,Public,STATICALLY_VALID,Params: (height: 28)
lib/screens/creator_profile_screen.dart,160,Method/Function,_CreatorProfileScreenState.SizedBox,const,Public,STATICALLY_VALID,Params: (height: 24)
lib/screens/creator_profile_screen.dart,188,Method/Function,_CreatorProfileScreenState.SizedBox,const,Public,STATICALLY_VALID,Params: (height: 24)
lib/screens/creator_profile_screen.dart,189,Method/Function,_CreatorProfileScreenState.SizedBox,const,Public,STATICALLY_VALID,Params: (height: 24)
lib/screens/creator_profile_screen.dart,235,Method/Function,_CreatorProfileScreenState.SizedBox,const,Public,STATICALLY_VALID,Params: (height: 40)
lib/screens/creator_profile_screen.dart,244,Method/Function,_CreatorProfileScreenState._buildUserHeader,Widget,Private,STATICALLY_VALID,Params: ()
lib/screens/creator_profile_screen.dart,253,Method/Function,_CreatorProfileScreenState.AccountPickerSheet,const,Public,STATICALLY_VALID,Params: ()
lib/screens/creator_profile_screen.dart,273,Method/Function,_CreatorProfileScreenState.SizedBox,const,Public,STATICALLY_VALID,Params: (height: 16)
lib/screens/creator_profile_screen.dart,282,Method/Function,_CreatorProfileScreenState.SizedBox,const,Public,STATICALLY_VALID,Params: (height: 4)
lib/screens/creator_profile_screen.dart,291,Method/Function,_CreatorProfileScreenState.SizedBox,const,Public,STATICALLY_VALID,Params: (height: 14)
lib/screens/creator_profile_screen.dart,318,Method/Function,_CreatorProfileScreenState._buildCreditsCard,Widget,Private,STATICALLY_VALID,Params: ()
lib/screens/creator_profile_screen.dart,349,Method/Function,_CreatorProfileScreenState.SizedBox,const,Public,STATICALLY_VALID,Params: (width: 12)
lib/screens/creator_profile_screen.dart,362,Method/Function,_CreatorProfileScreenState.SizedBox,const,Public,STATICALLY_VALID,Params: (height: 2)
lib/screens/creator_profile_screen.dart,375,Method/Function,_CreatorProfileScreenState.SizedBox,const,Public,STATICALLY_VALID,Params: (height: 14)
lib/screens/creator_profile_screen.dart,392,Method/Function,_CreatorProfileScreenState._buildDivider,Widget,Private,STATICALLY_VALID,Params: ()
lib/screens/creator_profile_screen.dart,399,Method/Function,_CreatorProfileScreenState._buildSectionTitle,Widget,Private,STATICALLY_VALID,Params: (String title)
lib/screens/creator_profile_screen.dart,418,Method/Function,_CreatorProfileScreenState._buildSection,Widget,Private,STATICALLY_VALID,Params: (List<Widget> children)
lib/screens/creator_profile_screen.dart,441,Method/Function,_CreatorProfileScreenState.SizedBox,const,Public,STATICALLY_VALID,Params: (width: 14)
lib/screens/creator_profile_screen.dart,481,Method/Function,_CreatorProfileScreenState.SizedBox,const,Public,STATICALLY_VALID,Params: (width: 14)
lib/screens/creator_profile_screen.dart,495,Method/Function,_CreatorProfileScreenState.SizedBox,const,Public,STATICALLY_VALID,Params: (height: 2)
lib/screens/creator_profile_screen.dart,516,Method/Function,_CreatorProfileScreenState._confirmLogout,void,Private,STATICALLY_VALID,Params: ()
lib/screens/creator_profile_screen.dart,542,Method/Function,_CreatorProfileScreenState._getImageProvider,ImageProvider,Private,STATICALLY_VALID,Params: (String path)
lib/screens/general_settings_screen.dart,14,Class,GeneralSettingsScreen,StatefulWidget,Public,STATICALLY_VALID,Extends StatefulWidget
lib/screens/general_settings_screen.dart,15,Method/Function,GeneralSettingsScreen.GeneralSettingsScreen,const,Public,STATICALLY_VALID,Params: ({super.key})
lib/screens/general_settings_screen.dart,18,Method/Function,GeneralSettingsScreen.createState,State<GeneralSettingsScreen>,Public,STATICALLY_VALID,Params: ()
lib/screens/general_settings_screen.dart,21,Class,_GeneralSettingsScreenState,State,Private,STATICALLY_VALID,Extends State
lib/screens/general_settings_screen.dart,26,Method/Function,_GeneralSettingsScreenState.initState,void,Public,STATICALLY_VALID,Params: ()
lib/screens/general_settings_screen.dart,35,Method/Function,_GeneralSettingsScreenState.dispose,void,Public,STATICALLY_VALID,Params: ()
lib/screens/general_settings_screen.dart,41,Method/Function,_GeneralSettingsScreenState.build,Widget,Public,STATICALLY_VALID,Params: (BuildContext context)
lib/screens/general_settings_screen.dart,235,Method/Function,_GeneralSettingsScreenState._buildSectionHeader,Widget,Private,STATICALLY_VALID,Params: (String title)
lib/screens/general_settings_screen.dart,250,Method/Function,_GeneralSettingsScreenState._buildIcon,Widget,Private,STATICALLY_VALID,"Params: (IconData icon, Color color)"
lib/screens/general_settings_screen.dart,283,Method/Function,_GeneralSettingsScreenState._buildDivider,Widget,Private,STATICALLY_VALID,Params: ()
lib/screens/general_settings_screen.dart,294,Method/Function,_GeneralSettingsScreenState._showStoreDialog,Future<void>,Private,STATICALLY_VALID,Params: (BuildContext context)
lib/screens/general_settings_screen.dart,350,Method/Function,_GeneralSettingsScreenState.SizedBox,const,Public,STATICALLY_VALID,Params: (width: 12)
lib/screens/general_settings_screen.dart,375,Method/Function,_GeneralSettingsScreenState.SizedBox,const,Public,STATICALLY_VALID,Params: (height: 24)
lib/screens/general_settings_screen.dart,384,Method/Function,_GeneralSettingsScreenState.SizedBox,const,Public,STATICALLY_VALID,Params: (height: 14)
lib/screens/general_settings_screen.dart,392,Method/Function,_GeneralSettingsScreenState.SizedBox,const,Public,STATICALLY_VALID,Params: (height: 14)
lib/screens/general_settings_screen.dart,399,Method/Function,_GeneralSettingsScreenState.SizedBox,const,Public,STATICALLY_VALID,Params: (height: 14)
lib/screens/general_settings_screen.dart,407,Method/Function,_GeneralSettingsScreenState.SizedBox,const,Public,STATICALLY_VALID,Params: (height: 24)
lib/screens/general_settings_screen.dart,423,Method/Function,_GeneralSettingsScreenState.SizedBox,const,Public,STATICALLY_VALID,Params: (width: 12)
lib/screens/general_settings_screen.dart,486,Method/Function,_GeneralSettingsScreenState.SizedBox,const,Public,STATICALLY_VALID,Params: (height: 6)
lib/screens/general_settings_screen.dart,515,Method/Function,_GeneralSettingsScreenState.BorderSide,const,Public,STATICALLY_VALID,"Params: (color: Colors.purpleAccent, width: 1.5)"
lib/screens/main_wrapper.dart,9,Class,MainWrapper,StatelessWidget,Public,STATICALLY_VALID,Extends StatelessWidget
lib/screens/main_wrapper.dart,10,Method/Function,MainWrapper.MainWrapper,const,Public,STATICALLY_VALID,Params: ({super.key})
lib/screens/main_wrapper.dart,13,Method/Function,MainWrapper.build,Widget,Public,STATICALLY_VALID,Params: (BuildContext context)
lib/screens/main_wrapper.dart,19,Method/Function,MainWrapper.AiChatScreen,const,Public,STATICALLY_VALID,Params: ()
lib/screens/main_wrapper.dart,20,Method/Function,MainWrapper.CreatorProfileScreen,const,Public,STATICALLY_VALID,Params: ()
lib/screens/main_wrapper.dart,21,Method/Function,MainWrapper.GeneralSettingsScreen,const,Public,STATICALLY_VALID,Params: ()
lib/screens/privacy_policy_screen.dart,6,Class,PrivacyPolicyScreen,StatelessWidget,Public,STATICALLY_VALID,Extends StatelessWidget
lib/screens/privacy_policy_screen.dart,7,Method/Function,PrivacyPolicyScreen.PrivacyPolicyScreen,const,Public,STATICALLY_VALID,Params: ({super.key})
lib/screens/privacy_policy_screen.dart,10,Method/Function,PrivacyPolicyScreen.build,Widget,Public,STATICALLY_VALID,Params: (BuildContext context)
lib/screens/privacy_policy_screen.dart,34,Method/Function,PrivacyPolicyScreen.SizedBox,const,Public,STATICALLY_VALID,Params: (height: 24)
lib/screens/privacy_policy_screen.dart,41,Method/Function,PrivacyPolicyScreen.SizedBox,const,Public,STATICALLY_VALID,Params: (height: 24)
lib/screens/privacy_policy_screen.dart,47,Method/Function,PrivacyPolicyScreen.SizedBox,const,Public,STATICALLY_VALID,Params: (height: 24)
lib/screens/privacy_policy_screen.dart,53,Method/Function,PrivacyPolicyScreen.SizedBox,const,Public,STATICALLY_VALID,Params: (height: 24)
lib/screens/privacy_policy_screen.dart,58,Method/Function,PrivacyPolicyScreen.SizedBox,const,Public,STATICALLY_VALID,Params: (height: 24)
lib/screens/privacy_policy_screen.dart,64,Method/Function,PrivacyPolicyScreen.SizedBox,const,Public,STATICALLY_VALID,Params: (height: 48)
lib/screens/privacy_policy_screen.dart,71,Method/Function,PrivacyPolicyScreen.SizedBox,const,Public,STATICALLY_VALID,Params: (height: 24)
lib/screens/privacy_policy_screen.dart,79,Method/Function,PrivacyPolicyScreen._buildHeader,Widget,Private,STATICALLY_VALID,Params: (String title)
lib/screens/privacy_policy_screen.dart,93,Method/Function,PrivacyPolicyScreen._buildText,Widget,Private,STATICALLY_VALID,Params: (String text)
lib/screens/privacy_policy_screen.dart,104,Method/Function,PrivacyPolicyScreen._buildBullet,Widget,Private,STATICALLY_VALID,Params: (String text)
lib/screens/product_photography_screen.dart,22,Class,ProductStudioController,GetxController,Public,STATICALLY_VALID,Extends GetxController
lib/screens/product_photography_screen.dart,101,Method/Function,ProductStudioController.onInit,void,Public,STATICALLY_VALID,Params: ()
lib/screens/product_photography_screen.dart,114,Method/Function,ProductStudioController.pickImage,Future<void>,Public,STATICALLY_VALID,Params: ()
lib/screens/product_photography_screen.dart,124,Method/Function,ProductStudioController.pickBoxImage,Future<void>,Public,STATICALLY_VALID,Params: ()
lib/screens/product_photography_screen.dart,133,Method/Function,ProductStudioController.pickTemplateImage,Future<void>,Public,STATICALLY_VALID,Params: ()
lib/screens/product_photography_screen.dart,142,Method/Function,ProductStudioController.generateBackground,Future<void>,Public,STATICALLY_VALID,Params: ()
lib/screens/product_photography_screen.dart,268,Method/Function,ProductStudioController.saveImage,Future<void>,Public,STATICALLY_VALID,Params: ()
lib/screens/product_photography_screen.dart,281,Method/Function,ProductStudioController.shareImage,Future<void>,Public,STATICALLY_VALID,Params: ()
lib/screens/product_photography_screen.dart,292,Class,ProductPhotographyScreen,StatelessWidget,Public,STATICALLY_VALID,Extends StatelessWidget
lib/screens/product_photography_screen.dart,293,Method/Function,ProductPhotographyScreen.ProductPhotographyScreen,const,Public,STATICALLY_VALID,Params: ({super.key})
lib/screens/product_photography_screen.dart,296,Method/Function,ProductPhotographyScreen.build,Widget,Public,STATICALLY_VALID,Params: (BuildContext context)
lib/screens/product_photography_screen.dart,383,Method/Function,ProductPhotographyScreen.SizedBox,const,Public,STATICALLY_VALID,Params: (height: 24)
lib/screens/product_photography_screen.dart,395,Method/Function,ProductPhotographyScreen.SizedBox,const,Public,STATICALLY_VALID,Params: (height: 12)
lib/screens/product_photography_screen.dart,414,Method/Function,ProductPhotographyScreen.SizedBox,const,Public,STATICALLY_VALID,Params: (height: 24)
lib/screens/product_photography_screen.dart,444,Method/Function,ProductPhotographyScreen.SizedBox,const,Public,STATICALLY_VALID,Params: (height: 16)
lib/screens/product_photography_screen.dart,456,Method/Function,ProductPhotographyScreen.Color,const,Public,STATICALLY_VALID,Params: (0xFF00D2FF)
lib/screens/product_photography_screen.dart,457,Method/Function,ProductPhotographyScreen.Color,const,Public,STATICALLY_VALID,Params: (0xFF00FF88)
lib/screens/product_photography_screen.dart,597,Method/Function,ProductPhotographyScreen.SizedBox,const,Public,STATICALLY_VALID,Params: (height: 24)
lib/screens/product_photography_screen.dart,608,Method/Function,ProductPhotographyScreen.SizedBox,const,Public,STATICALLY_VALID,Params: (height: 12)
lib/screens/product_photography_screen.dart,617,Method/Function,ProductPhotographyScreen.SizedBox,const,Public,STATICALLY_VALID,Params: (width: 12)
lib/screens/product_photography_screen.dart,627,Method/Function,ProductPhotographyScreen.SizedBox,const,Public,STATICALLY_VALID,Params: (height: 24)
lib/screens/product_photography_screen.dart,638,Method/Function,ProductPhotographyScreen.SizedBox,const,Public,STATICALLY_VALID,Params: (height: 12)
lib/screens/product_photography_screen.dart,722,Method/Function,ProductPhotographyScreen.SizedBox,const,Public,STATICALLY_VALID,Params: (height: 32)
lib/screens/product_photography_screen.dart,772,Method/Function,ProductPhotographyScreen.SizedBox,const,Public,STATICALLY_VALID,Params: (width: 12)
lib/screens/product_photography_screen.dart,792,Method/Function,ProductPhotographyScreen.SizedBox,const,Public,STATICALLY_VALID,Params: (height: 24)
lib/screens/product_photography_screen.dart,797,Method/Function,ProductPhotographyScreen._buildImagePreview,Widget,Private,STATICALLY_VALID,Params: (ProductStudioController controller)
lib/screens/product_photography_screen.dart,822,Method/Function,ProductPhotographyScreen.SizedBox,const,Public,STATICALLY_VALID,Params: (height: 16)
lib/screens/product_photography_screen.dart,877,Method/Function,ProductPhotographyScreen.SizedBox,const,Public,STATICALLY_VALID,Params: (width: 10)
lib/screens/product_photography_screen.dart,917,Method/Function,ProductPhotographyScreen.SizedBox,const,Public,STATICALLY_VALID,Params: (height: 20)
lib/screens/product_photography_screen.dart,935,Method/Function,ProductPhotographyScreen._glassIconButton,Widget,Private,STATICALLY_VALID,"Params: (IconData icon, VoidCallback onTap, {Stri...)"
lib/screens/product_photography_screen.dart,989,Method/Function,ProductPhotographyScreen.SizedBox,const,Public,STATICALLY_VALID,Params: (height: 8)
lib/screens/settings_screen.dart,21,Class,SettingsScreen,StatelessWidget,Public,STATICALLY_VALID,Extends StatelessWidget
lib/screens/settings_screen.dart,22,Method/Function,SettingsScreen.SettingsScreen,const,Public,STATICALLY_VALID,Params: ({super.key})
lib/screens/settings_screen.dart,25,Method/Function,SettingsScreen.build,Widget,Public,STATICALLY_VALID,Params: (BuildContext context)
lib/screens/settings_screen.dart,49,Method/Function,SettingsScreen.SizedBox,const,Public,STATICALLY_VALID,Params: (height: 20)
lib/screens/settings_screen.dart,56,Method/Function,SettingsScreen.SizedBox,const,Public,STATICALLY_VALID,Params: (height: 20)
lib/screens/settings_screen.dart,69,Method/Function,SettingsScreen.SizedBox,const,Public,STATICALLY_VALID,Params: (height: 20)
lib/screens/settings_screen.dart,88,Method/Function,SettingsScreen.SizedBox,const,Public,STATICALLY_VALID,Params: (height: 20)
lib/screens/settings_screen.dart,106,Method/Function,SettingsScreen.SizedBox,const,Public,STATICALLY_VALID,Params: (height: 8)
lib/screens/settings_screen.dart,117,Method/Function,SettingsScreen.SizedBox,const,Public,STATICALLY_VALID,Params: (height: 20)
lib/screens/settings_screen.dart,129,Method/Function,SettingsScreen.SizedBox,const,Public,STATICALLY_VALID,Params: (height: 12)
lib/screens/settings_screen.dart,138,Method/Function,SettingsScreen.SizedBox,const,Public,STATICALLY_VALID,Params: (height: 12)
lib/screens/settings_screen.dart,147,Method/Function,SettingsScreen.SizedBox,const,Public,STATICALLY_VALID,Params: (height: 12)
lib/screens/settings_screen.dart,160,Method/Function,SettingsScreen.SizedBox,const,Public,STATICALLY_VALID,Params: (height: 32)
lib/screens/settings_screen.dart,166,Method/Function,SettingsScreen.SizedBox,const,Public,STATICALLY_VALID,Params: (height: 12)
lib/screens/settings_screen.dart,169,Method/Function,SettingsScreen.ProviderSelectionList,const,Public,STATICALLY_VALID,Params: ()
lib/screens/settings_screen.dart,171,Method/Function,SettingsScreen.SizedBox,const,Public,STATICALLY_VALID,Params: (height: 24)
lib/screens/settings_screen.dart,178,Method/Function,SettingsScreen.SizedBox,const,Public,STATICALLY_VALID,Params: (height: 24)
lib/screens/settings_screen.dart,197,Method/Function,SettingsScreen.SizedBox,const,Public,STATICALLY_VALID,Params: (height: 32)
lib/screens/settings_screen.dart,200,Method/Function,SettingsScreen._HiddenModelsInfoWidget,const,Private,STATICALLY_VALID,Params: ()
lib/screens/settings_screen.dart,202,Method/Function,SettingsScreen.SizedBox,const,Public,STATICALLY_VALID,Params: (height: 40)
lib/screens/settings_screen.dart,212,Method/Function,SettingsScreen._buildDynamicForm,Widget,Private,STATICALLY_VALID,Params: (String selected)
lib/screens/settings_screen.dart,269,Method/Function,SettingsScreen.SizedBox,const,Public,STATICALLY_VALID,Params: (width: 12)
lib/screens/settings_screen.dart,309,Method/Function,SettingsScreen.Icon,const,Public,STATICALLY_VALID,"Params: (Icons.info_outline, color: Colors.redAcc...)"
lib/screens/settings_screen.dart,310,Method/Function,SettingsScreen.SizedBox,const,Public,STATICALLY_VALID,Params: (width: 4)
lib/screens/settings_screen.dart,335,Method/Function,SettingsScreen.Icon,const,Public,STATICALLY_VALID,"Params: (Icons.chevron_right, color: Colors.grey,...)"
lib/screens/settings_screen.dart,427,Method/Function,SettingsScreen.SizedBox,const,Public,STATICALLY_VALID,Params: (height: 24)
lib/screens/settings_screen.dart,443,Method/Function,SettingsScreen.Icon,const,Public,STATICALLY_VALID,"Params: (Icons.link, color: Colors.blue, size: 20)"
lib/screens/settings_screen.dart,444,Method/Function,SettingsScreen.SizedBox,const,Public,STATICALLY_VALID,Params: (width: 12)
lib/screens/settings_screen.dart,482,Method/Function,SettingsScreen.TextStyle,const,Public,STATICALLY_VALID,"Params: (color: Colors.white30, fontSize: 13)"
lib/screens/settings_screen.dart,506,Method/Function,SettingsScreen.BorderSide,const,Public,STATICALLY_VALID,"Params: (color: AppTheme.primary, width: 2)"
lib/screens/settings_screen.dart,513,Method/Function,SettingsScreen.SizedBox,const,Public,STATICALLY_VALID,Params: (height: 16)
lib/screens/settings_screen.dart,558,Method/Function,SettingsScreen.SizedBox,const,Public,STATICALLY_VALID,Params: (height: 12)
lib/screens/settings_screen.dart,590,Method/Function,SettingsScreen.SizedBox,const,Public,STATICALLY_VALID,Params: (height: 16)
lib/screens/settings_screen.dart,606,Class,_ManagedAiCreditsWidget,StatelessWidget,Private,STATICALLY_VALID,Extends StatelessWidget
lib/screens/settings_screen.dart,616,Method/Function,_ManagedAiCreditsWidget.build,Widget,Public,STATICALLY_VALID,Params: (BuildContext context)
lib/screens/settings_screen.dart,637,Method/Function,_ManagedAiCreditsWidget.SizedBox,const,Public,STATICALLY_VALID,Params: (width: 12)
lib/screens/settings_screen.dart,652,Method/Function,_ManagedAiCreditsWidget.TextStyle,const,Public,STATICALLY_VALID,"Params: (color: Colors.grey, fontSize: 12)"
lib/screens/settings_screen.dart,663,Method/Function,_ManagedAiCreditsWidget.SizedBox,const,Public,STATICALLY_VALID,Params: (height: 20)
lib/screens/settings_screen.dart,682,Method/Function,_ManagedAiCreditsWidget.SizedBox,const,Public,STATICALLY_VALID,Params: (height: 8)
lib/screens/settings_screen.dart,701,Class,_SerpApiQuotaWidget,StatelessWidget,Private,STATICALLY_VALID,Extends StatelessWidget
lib/screens/settings_screen.dart,711,Method/Function,_SerpApiQuotaWidget.build,Widget,Public,STATICALLY_VALID,Params: (BuildContext context)
lib/screens/settings_screen.dart,739,Method/Function,_SerpApiQuotaWidget.SizedBox,const,Public,STATICALLY_VALID,Params: (width: 12)
lib/screens/settings_screen.dart,769,Method/Function,_SerpApiQuotaWidget.SizedBox,const,Public,STATICALLY_VALID,Params: (height: 16)
lib/screens/settings_screen.dart,785,Method/Function,_SerpApiQuotaWidget.SizedBox,const,Public,STATICALLY_VALID,Params: (height: 8)
lib/screens/settings_screen.dart,795,Method/Function,_SerpApiQuotaWidget.SizedBox,const,Public,STATICALLY_VALID,Params: (height: 8)
lib/screens/settings_screen.dart,807,Class,_JinaSettingsWidget,StatelessWidget,Private,STATICALLY_VALID,Extends StatelessWidget
lib/screens/settings_screen.dart,817,Method/Function,_JinaSettingsWidget.build,Widget,Public,STATICALLY_VALID,Params: (BuildContext context)
lib/screens/settings_screen.dart,829,Method/Function,_JinaSettingsWidget.SizedBox,const,Public,STATICALLY_VALID,Params: (width: 12)
lib/screens/settings_screen.dart,857,Class,_HiddenModelsInfoWidget,StatelessWidget,Private,STATICALLY_VALID,Extends StatelessWidget
lib/screens/settings_screen.dart,858,Method/Function,_HiddenModelsInfoWidget._HiddenModelsInfoWidget,const,Private,STATICALLY_VALID,Params: ()
lib/screens/settings_screen.dart,861,Method/Function,_HiddenModelsInfoWidget.build,Widget,Public,STATICALLY_VALID,Params: (BuildContext context)
lib/screens/settings_screen.dart,894,Method/Function,_HiddenModelsInfoWidget.SizedBox,const,Public,STATICALLY_VALID,Params: (height: 16)
lib/screens/settings_screen.dart,899,Method/Function,_HiddenModelsInfoWidget.SizedBox,const,Public,STATICALLY_VALID,Params: (height: 12)
lib/screens/settings_screen.dart,909,Method/Function,_HiddenModelsInfoWidget._buildInfoItem,Widget,Private,STATICALLY_VALID,"Params: (String title, String description)"
lib/screens/settings_screen.dart,920,Method/Function,_HiddenModelsInfoWidget.SizedBox,const,Public,STATICALLY_VALID,Params: (height: 4)
lib/screens/settings_screen.dart,935,Class,_AiGatewayControlCenterCard,StatelessWidget,Private,STATICALLY_VALID,Extends StatelessWidget
lib/screens/settings_screen.dart,945,Method/Function,_AiGatewayControlCenterCard.build,Widget,Public,STATICALLY_VALID,Params: (BuildContext context)
lib/screens/settings_screen.dart,1015,Method/Function,_AiGatewayControlCenterCard.SizedBox,const,Public,STATICALLY_VALID,Params: (width: 12)
lib/screens/settings_screen.dart,1047,Method/Function,_AiGatewayControlCenterCard.SizedBox,const,Public,STATICALLY_VALID,Params: (height: 20)
lib/screens/settings_screen.dart,1075,Method/Function,_AiGatewayControlCenterCard.SizedBox,const,Public,STATICALLY_VALID,Params: (height: 20)
lib/screens/settings_screen.dart,1105,Method/Function,_AiGatewayControlCenterCard._buildDivider,Widget,Private,STATICALLY_VALID,Params: ()
lib/screens/settings_screen.dart,1127,Method/Function,_AiGatewayControlCenterCard.SizedBox,const,Public,STATICALLY_VALID,Params: (height: 4)
lib/screens/settings_screen.dart,1143,Method/Function,_AiGatewayControlCenterCard._openControlCenterBottomSheet,void,Private,STATICALLY_VALID,"Params: (BuildContext context, SettingsController...)"
lib/screens/settings_screen.dart,1227,Method/Function,_AiGatewayControlCenterCard._buildServerHealthTab,Widget,Private,STATICALLY_VALID,"Params: (SettingsController controller, bool isDa...)"
lib/screens/settings_screen.dart,1251,Method/Function,_AiGatewayControlCenterCard.SizedBox,const,Public,STATICALLY_VALID,Params: (height: 12)
lib/screens/settings_screen.dart,1258,Method/Function,_AiGatewayControlCenterCard.SizedBox,const,Public,STATICALLY_VALID,Params: (height: 12)
lib/screens/settings_screen.dart,1265,Method/Function,_AiGatewayControlCenterCard.SizedBox,const,Public,STATICALLY_VALID,Params: (height: 12)
lib/screens/settings_screen.dart,1272,Method/Function,_AiGatewayControlCenterCard.SizedBox,const,Public,STATICALLY_VALID,Params: (height: 12)
lib/screens/settings_screen.dart,1286,Method/Function,_AiGatewayControlCenterCard._buildKeysPoolTab,Widget,Private,STATICALLY_VALID,"Params: (BuildContext context, SettingsController...)"
lib/screens/settings_screen.dart,1322,Method/Function,_AiGatewayControlCenterCard.SizedBox,const,Public,STATICALLY_VALID,Params: (height: 20)
lib/screens/settings_screen.dart,1344,Method/Function,_AiGatewayControlCenterCard._buildErrorLogsTab,Widget,Private,STATICALLY_VALID,"Params: (SettingsController controller, bool isDa...)"
lib/screens/settings_screen.dart,1418,Method/Function,_AiGatewayControlCenterCard.SizedBox,const,Public,STATICALLY_VALID,Params: (height: 8)
lib/screens/settings_screen.dart,1421,Method/Function,_AiGatewayControlCenterCard.Text,const,Public,STATICALLY_VALID,"Params: ('النموذج: ', style: TextStyle(color: Col...)"
lib/screens/settings_screen.dart,1423,Method/Function,_AiGatewayControlCenterCard.SizedBox,const,Public,STATICALLY_VALID,Params: (width: 12)
lib/screens/settings_screen.dart,1424,Method/Function,_AiGatewayControlCenterCard.Text,const,Public,STATICALLY_VALID,"Params: ('المفتاح: ', style: TextStyle(color: Col...)"
lib/screens/settings_screen.dart,1428,Method/Function,_AiGatewayControlCenterCard.SizedBox,const,Public,STATICALLY_VALID,Params: (height: 8)
lib/screens/settings_screen.dart,1429,Method/Function,_AiGatewayControlCenterCard.Divider,const,Public,STATICALLY_VALID,"Params: (height: 1, color: Colors.grey)"
lib/screens/settings_screen.dart,1430,Method/Function,_AiGatewayControlCenterCard.SizedBox,const,Public,STATICALLY_VALID,Params: (height: 8)
lib/screens/settings_screen.dart,1445,Method/Function,_AiGatewayControlCenterCard._buildUserAnalyticsTab,Widget,Private,STATICALLY_VALID,Params: (bool isDark)
lib/screens/settings_screen.dart,1487,Method/Function,_AiGatewayControlCenterCard.SizedBox,const,Public,STATICALLY_VALID,Params: (height: 12)
lib/screens/settings_screen.dart,1491,Method/Function,_AiGatewayControlCenterCard.SizedBox,const,Public,STATICALLY_VALID,Params: (width: 10)
lib/screens/settings_screen.dart,1493,Method/Function,_AiGatewayControlCenterCard.SizedBox,const,Public,STATICALLY_VALID,Params: (width: 10)
lib/screens/settings_screen.dart,1497,Method/Function,_AiGatewayControlCenterCard.SizedBox,const,Public,STATICALLY_VALID,Params: (height: 16)
lib/screens/settings_screen.dart,1501,Method/Function,_AiGatewayControlCenterCard.SizedBox,const,Public,STATICALLY_VALID,Params: (height: 12)
lib/screens/settings_screen.dart,1529,Method/Function,_AiGatewayControlCenterCard.SizedBox,const,Public,STATICALLY_VALID,Params: (height: 10)
lib/screens/settings_screen.dart,1541,Method/Function,_AiGatewayControlCenterCard.SizedBox,const,Public,STATICALLY_VALID,Params: (height: 8)
lib/screens/settings_screen.dart,1549,Method/Function,_AiGatewayControlCenterCard.SizedBox,const,Public,STATICALLY_VALID,Params: (height: 16)
lib/screens/settings_screen.dart,1553,Method/Function,_AiGatewayControlCenterCard.SizedBox,const,Public,STATICALLY_VALID,Params: (height: 12)
lib/screens/settings_screen.dart,1571,Method/Function,_AiGatewayControlCenterCard.SizedBox,const,Public,STATICALLY_VALID,Params: (width: 16)
lib/screens/settings_screen.dart,1576,Method/Function,_AiGatewayControlCenterCard.Text,const,Public,STATICALLY_VALID,Params: ('إجمالي رصيد AI المستهلك من جميع المستخد...)
lib/screens/settings_screen.dart,1582,Method/Function,_AiGatewayControlCenterCard.SizedBox,const,Public,STATICALLY_VALID,Params: (height: 16)
lib/screens/settings_screen.dart,1586,Method/Function,_AiGatewayControlCenterCard.SizedBox,const,Public,STATICALLY_VALID,Params: (height: 12)
lib/screens/settings_screen.dart,1588,Method/Function,_AiGatewayControlCenterCard.SizedBox,const,Public,STATICALLY_VALID,Params: (height: 16)
lib/screens/settings_screen.dart,1592,Method/Function,_AiGatewayControlCenterCard.SizedBox,const,Public,STATICALLY_VALID,Params: (height: 12)
lib/screens/settings_screen.dart,1594,Method/Function,_AiGatewayControlCenterCard.Center,const,Public,STATICALLY_VALID,Params: (child: Padding(padding: EdgeInsets.all(2...)
lib/screens/settings_screen.dart,1595,Method/Function,_AiGatewayControlCenterCard.if,else,Public,STATICALLY_VALID,Params: (sortedActions.isEmpty)
lib/screens/settings_screen.dart,1618,Method/Function,_AiGatewayControlCenterCard.SizedBox,const,Public,STATICALLY_VALID,Params: (height: 5)
lib/screens/settings_screen.dart,1632,Method/Function,_AiGatewayControlCenterCard.SizedBox,const,Public,STATICALLY_VALID,Params: (height: 16)
lib/screens/settings_screen.dart,1636,Method/Function,_AiGatewayControlCenterCard.SizedBox,const,Public,STATICALLY_VALID,Params: (height: 12)
lib/screens/settings_screen.dart,1638,Method/Function,_AiGatewayControlCenterCard.Center,const,Public,STATICALLY_VALID,Params: (child: Padding(padding: EdgeInsets.all(1...)
lib/screens/settings_screen.dart,1639,Method/Function,_AiGatewayControlCenterCard.if,else,Public,STATICALLY_VALID,Params: (logs.isEmpty)
lib/screens/settings_screen.dart,1657,Method/Function,_AiGatewayControlCenterCard.if,else,Public,STATICALLY_VALID,Params: (diff.inMinutes < 60)
lib/screens/settings_screen.dart,1658,Method/Function,_AiGatewayControlCenterCard.if,else,Public,STATICALLY_VALID,Params: (diff.inHours < 24)
lib/screens/settings_screen.dart,1677,Method/Function,_AiGatewayControlCenterCard.SizedBox,const,Public,STATICALLY_VALID,Params: (width: 10)
lib/screens/settings_screen.dart,1700,Method/Function,_AiGatewayControlCenterCard.SizedBox,const,Public,STATICALLY_VALID,Params: (height: 20)
lib/screens/settings_screen.dart,1709,Method/Function,_AiGatewayControlCenterCard.SizedBox,const,Public,STATICALLY_VALID,Params: (height: 20)
lib/screens/settings_screen.dart,1715,Method/Function,_AiGatewayControlCenterCard._buildAnalyticsSectionHeader,Widget,Private,STATICALLY_VALID,"Params: (String title, bool isDark)"
lib/screens/settings_screen.dart,1719,Method/Function,_AiGatewayControlCenterCard.SizedBox,const,Public,STATICALLY_VALID,Params: (width: 8)
lib/screens/settings_screen.dart,1725,Method/Function,_AiGatewayControlCenterCard._buildAnalyticsStatCard,Widget,Private,STATICALLY_VALID,"Params: (String label, String value, IconData ico...)"
lib/screens/settings_screen.dart,1738,Method/Function,_AiGatewayControlCenterCard.SizedBox,const,Public,STATICALLY_VALID,Params: (height: 8)
lib/screens/settings_screen.dart,1740,Method/Function,_AiGatewayControlCenterCard.SizedBox,const,Public,STATICALLY_VALID,Params: (height: 2)
lib/screens/settings_screen.dart,1748,Method/Function,_AiGatewayControlCenterCard._getAnalyticsActionColor,Color,Private,STATICALLY_VALID,Params: (String action)
lib/screens/settings_screen.dart,1774,Method/Function,_AiGatewayControlCenterCard._buildGroupHeader,Widget,Private,STATICALLY_VALID,Params: (String title)
lib/screens/settings_screen.dart,1784,Method/Function,_AiGatewayControlCenterCard._buildKeyItem,Widget,Private,STATICALLY_VALID,"Params: (BuildContext context, Map<String, dynami...)"
lib/screens/settings_screen.dart,1834,Method/Function,_AiGatewayControlCenterCard._buildSmallBadge,Widget,Private,STATICALLY_VALID,"Params: ({required String label, required int cou...)"
lib/screens/settings_screen.dart,1842,Method/Function,_AiGatewayControlCenterCard.SizedBox,const,Public,STATICALLY_VALID,Params: (width: 6)
lib/screens/settings_screen.dart,1865,Method/Function,_AiGatewayControlCenterCard.SizedBox,const,Public,STATICALLY_VALID,Params: (width: 16)
lib/screens/settings_screen.dart,1871,Method/Function,_AiGatewayControlCenterCard.SizedBox,const,Public,STATICALLY_VALID,Params: (height: 4)
lib/screens/settings_screen.dart,1882,Method/Function,_AiGatewayControlCenterCard._showKeyDiagnosticsDialog,void,Private,STATICALLY_VALID,"Params: (BuildContext context, Map<String, dynami...)"
lib/screens/settings_screen.dart,1918,Method/Function,_AiGatewayControlCenterCard.SizedBox,const,Public,STATICALLY_VALID,Params: (width: 10)
lib/screens/settings_screen.dart,1919,Method/Function,_AiGatewayControlCenterCard.Text,const,Public,STATICALLY_VALID,"Params: ('تقرير تشخيص المفتاح البرمجي', style: Te...)"
lib/screens/settings_screen.dart,1931,Method/Function,_AiGatewayControlCenterCard.Divider,const,Public,STATICALLY_VALID,Params: (height: 20)
lib/screens/settings_screen.dart,1932,Method/Function,_AiGatewayControlCenterCard.Text,const,Public,STATICALLY_VALID,"Params: ('تحليل المشكلة البرمجي:', style: TextSty...)"
lib/screens/settings_screen.dart,1933,Method/Function,_AiGatewayControlCenterCard.SizedBox,const,Public,STATICALLY_VALID,Params: (height: 6)
lib/screens/settings_screen.dart,1935,Method/Function,_AiGatewayControlCenterCard.SizedBox,const,Public,STATICALLY_VALID,Params: (height: 16)
lib/screens/settings_screen.dart,1936,Method/Function,_AiGatewayControlCenterCard.Text,const,Public,STATICALLY_VALID,"Params: ('الإجراء البرمجي المقترح للحل:', style: ...)"
lib/screens/settings_screen.dart,1937,Method/Function,_AiGatewayControlCenterCard.SizedBox,const,Public,STATICALLY_VALID,Params: (height: 6)
lib/screens/settings_screen.dart,1952,Method/Function,_AiGatewayControlCenterCard._buildDialogInfoRow,Widget,Private,STATICALLY_VALID,"Params: (String label, String val)"
lib/screens/settings_screen.dart,1958,Method/Function,_AiGatewayControlCenterCard.SizedBox,const,Public,STATICALLY_VALID,Params: (width: 8)
lib/screens/settings_screen.dart,1966,Method/Function,_AiGatewayControlCenterCard._sanitizeErrorMessage,String,Private,STATICALLY_VALID,Params: (String msg)
lib/screens/settings_screen.dart,1977,Method/Function,_AiGatewayControlCenterCard._formatUptime,String,Private,STATICALLY_VALID,Params: (double seconds)
lib/screens/settings_screen.dart,1992,Method/Function,_AiGatewayControlCenterCard._buildApiKeysStatusSection,Widget,Private,STATICALLY_VALID,Params: (bool isDark)
lib/screens/settings_screen.dart,2022,Method/Function,_AiGatewayControlCenterCard.Text,const,Public,STATICALLY_VALID,"Params: ('📡', style: TextStyle(fontSize: 16)"
lib/screens/settings_screen.dart,2023,Method/Function,_AiGatewayControlCenterCard.SizedBox,const,Public,STATICALLY_VALID,Params: (width: 8)
lib/screens/settings_screen.dart,2028,Method/Function,_AiGatewayControlCenterCard.SizedBox,const,Public,STATICALLY_VALID,Params: (width: 10)
lib/screens/settings_screen.dart,2099,Method/Function,_AiGatewayControlCenterCard.SizedBox,const,Public,STATICALLY_VALID,Params: (height: 10)
lib/screens/settings_screen.dart,2106,Method/Function,_AiGatewayControlCenterCard.SizedBox,const,Public,STATICALLY_VALID,Params: (width: 8)
lib/screens/settings_screen.dart,2108,Method/Function,_AiGatewayControlCenterCard.SizedBox,const,Public,STATICALLY_VALID,Params: (width: 8)
lib/screens/settings_screen.dart,2110,Method/Function,_AiGatewayControlCenterCard.SizedBox,const,Public,STATICALLY_VALID,Params: (width: 8)
lib/screens/settings_screen.dart,2114,Method/Function,_AiGatewayControlCenterCard.SizedBox,const,Public,STATICALLY_VALID,Params: (height: 12)
lib/screens/settings_screen.dart,2123,Method/Function,_AiGatewayControlCenterCard.if,else,Public,STATICALLY_VALID,Params: (keys.isEmpty)
lib/screens/settings_screen.dart,2133,Method/Function,_AiGatewayControlCenterCard.Text,const,Public,STATICALLY_VALID,"Params: ('📭', style: TextStyle(fontSize: 32)"
lib/screens/settings_screen.dart,2134,Method/Function,_AiGatewayControlCenterCard.SizedBox,const,Public,STATICALLY_VALID,Params: (height: 8)
lib/screens/settings_screen.dart,2135,Method/Function,_AiGatewayControlCenterCard.Text,const,Public,STATICALLY_VALID,"Params: ('لا توجد بيانات — اضغط تحديث', style: Te...)"
lib/screens/settings_screen.dart,2136,Method/Function,_AiGatewayControlCenterCard.SizedBox,const,Public,STATICALLY_VALID,Params: (height: 12)
lib/screens/settings_screen.dart,2210,Method/Function,_AiGatewayControlCenterCard.SizedBox,const,Public,STATICALLY_VALID,Params: (width: 12)
lib/screens/settings_screen.dart,2222,Method/Function,_AiGatewayControlCenterCard.SizedBox,const,Public,STATICALLY_VALID,Params: (height: 2)
lib/screens/settings_screen.dart,2257,Method/Function,_AiGatewayControlCenterCard._buildKeysSummaryBadge,Widget,Private,STATICALLY_VALID,"Params: (String label, int count, Color color)"
lib/screens/settings_screen.dart,2272,Method/Function,_AiGatewayControlCenterCard.SizedBox,const,Public,STATICALLY_VALID,Params: (width: 4)
lib/screens/settings_screen.dart,2280,Method/Function,_AiGatewayControlCenterCard._buildLiveTestCard,Widget,Private,STATICALLY_VALID,Params: (bool isDark)
lib/screens/settings_screen.dart,2344,Method/Function,_AiGatewayControlCenterCard.SizedBox,const,Public,STATICALLY_VALID,Params: (width: 8)
lib/screens/settings_screen.dart,2386,Method/Function,_AiGatewayControlCenterCard.SizedBox,const,Public,STATICALLY_VALID,Params: (height: 14)
lib/screens/settings_screen.dart,2387,Method/Function,_AiGatewayControlCenterCard.Divider,const,Public,STATICALLY_VALID,"Params: (color: Colors.white12, height: 1)"
lib/screens/settings_screen.dart,2388,Method/Function,_AiGatewayControlCenterCard.SizedBox,const,Public,STATICALLY_VALID,Params: (height: 4)
lib/screens/settings_screen.dart,2421,Method/Function,_AiGatewayControlCenterCard._buildDetailedProviderStatusCard,Widget,Private,STATICALLY_VALID,"Params: (String title, Map<String, dynamic> data,...)"
lib/screens/settings_screen.dart,2471,Method/Function,_AiGatewayControlCenterCard.SizedBox,const,Public,STATICALLY_VALID,Params: (width: 8)
lib/screens/settings_screen.dart,2495,Method/Function,_AiGatewayControlCenterCard.SizedBox,const,Public,STATICALLY_VALID,Params: (height: 8)
lib/screens/settings_screen.dart,2496,Method/Function,_AiGatewayControlCenterCard.Divider,const,Public,STATICALLY_VALID,"Params: (color: Colors.white12, height: 1)"
lib/screens/settings_screen.dart,2497,Method/Function,_AiGatewayControlCenterCard.SizedBox,const,Public,STATICALLY_VALID,Params: (height: 8)
lib/screens/settings_screen.dart,2500,Method/Function,_AiGatewayControlCenterCard.SizedBox,const,Public,STATICALLY_VALID,Params: (height: 4)
lib/screens/settings_screen.dart,2502,Method/Function,_AiGatewayControlCenterCard.SizedBox,const,Public,STATICALLY_VALID,Params: (height: 6)
lib/screens/settings_screen.dart,2527,Method/Function,_AiGatewayControlCenterCard._buildLiveTestRow,Widget,Private,STATICALLY_VALID,"Params: (String label, String value, Color accent)"
lib/screens/settings_screen.dart,2535,Method/Function,_AiGatewayControlCenterCard.SizedBox,const,Public,STATICALLY_VALID,Params: (width: 8)
lib/screens/settings_screen.dart,2549,Class,_LastUsedProvidersCard,StatelessWidget,Private,STATICALLY_VALID,Extends StatelessWidget
lib/screens/settings_screen.dart,2559,Method/Function,_LastUsedProvidersCard.build,Widget,Public,STATICALLY_VALID,Params: (BuildContext context)
lib/screens/settings_screen.dart,2601,Method/Function,_LastUsedProvidersCard.SizedBox,const,Public,STATICALLY_VALID,Params: (width: 12)
lib/screens/settings_screen.dart,2620,Method/Function,_LastUsedProvidersCard.SizedBox,const,Public,STATICALLY_VALID,Params: (height: 20)
lib/screens/settings_screen.dart,2631,Method/Function,_LastUsedProvidersCard.SizedBox,const,Public,STATICALLY_VALID,Params: (height: 4)
lib/screens/settings_screen.dart,2657,Method/Function,_LastUsedProvidersCard.SizedBox,const,Public,STATICALLY_VALID,Params: (height: 4)
lib/screens/splash_screen.dart,9,Class,SplashScreen,StatefulWidget,Public,STATICALLY_VALID,Extends StatefulWidget
lib/screens/splash_screen.dart,10,Method/Function,SplashScreen.SplashScreen,const,Public,STATICALLY_VALID,Params: ({super.key})
lib/screens/splash_screen.dart,13,Method/Function,SplashScreen.createState,SplashScreenState,Public,STATICALLY_VALID,Params: ()
lib/screens/splash_screen.dart,16,Class,SplashScreenState,State,Public,STATICALLY_VALID,Extends State
lib/screens/splash_screen.dart,24,Method/Function,SplashScreenState.initState,void,Public,STATICALLY_VALID,Params: ()
lib/screens/splash_screen.dart,52,Method/Function,SplashScreenState._initApp,Future<void>,Private,STATICALLY_VALID,Params: ()
lib/screens/splash_screen.dart,77,Method/Function,SplashScreenState._waitForAuthSession,Future<void>,Private,STATICALLY_VALID,Params: (AuthController auth)
lib/screens/splash_screen.dart,86,Method/Function,SplashScreenState.dispose,void,Public,STATICALLY_VALID,Params: ()
lib/screens/splash_screen.dart,93,Method/Function,SplashScreenState.build,Widget,Public,STATICALLY_VALID,Params: (BuildContext context)
lib/screens/splash_screen.dart,114,Method/Function,SplashScreenState.SizedBox,const,Public,STATICALLY_VALID,Params: (height: 40)
lib/screens/splash_screen.dart,136,Method/Function,SplashScreenState.SizedBox,const,Public,STATICALLY_VALID,Params: (height: 100)
lib/screens/splash_screen.dart,170,Method/Function,SplashScreenState._buildAnimatedLogo,Widget,Private,STATICALLY_VALID,Params: ()
lib/screens/splash_screen.dart,216,Method/Function,SplashScreenState._buildLuxuryProgress,Widget,Private,STATICALLY_VALID,Params: ()
lib/screens/splash_screen.dart,229,Method/Function,SplashScreenState.SizedBox,const,Public,STATICALLY_VALID,Params: (height: 16)
lib/screens/subscription_screen.dart,9,Class,SubscriptionScreen,StatefulWidget,Public,STATICALLY_VALID,Extends StatefulWidget
lib/screens/subscription_screen.dart,10,Method/Function,SubscriptionScreen.SubscriptionScreen,const,Public,STATICALLY_VALID,Params: ({super.key})
lib/screens/subscription_screen.dart,13,Method/Function,SubscriptionScreen.createState,State<SubscriptionScreen>,Public,STATICALLY_VALID,Params: ()
lib/screens/subscription_screen.dart,16,Class,_SubscriptionScreenState,State,Private,STATICALLY_VALID,Extends State
lib/screens/subscription_screen.dart,20,Method/Function,_SubscriptionScreenState.build,Widget,Public,STATICALLY_VALID,Params: (BuildContext context)
lib/screens/subscription_screen.dart,42,Method/Function,_SubscriptionScreenState.SizedBox,const,Public,STATICALLY_VALID,Params: (height: 10)
lib/screens/subscription_screen.dart,44,Method/Function,_SubscriptionScreenState.SizedBox,const,Public,STATICALLY_VALID,Params: (height: 30)
lib/screens/subscription_screen.dart,46,Method/Function,_SubscriptionScreenState.SizedBox,const,Public,STATICALLY_VALID,Params: (height: 30)
lib/screens/subscription_screen.dart,48,Method/Function,_SubscriptionScreenState.SizedBox,const,Public,STATICALLY_VALID,Params: (height: 30)
lib/screens/subscription_screen.dart,50,Method/Function,_SubscriptionScreenState.SizedBox,const,Public,STATICALLY_VALID,Params: (height: 40)
lib/screens/subscription_screen.dart,52,Method/Function,_SubscriptionScreenState.SizedBox,const,Public,STATICALLY_VALID,Params: (height: 20)
lib/screens/subscription_screen.dart,54,Method/Function,_SubscriptionScreenState.SizedBox,const,Public,STATICALLY_VALID,Params: (height: 30)
lib/screens/subscription_screen.dart,68,Method/Function,_SubscriptionScreenState._buildBackground,Widget,Private,STATICALLY_VALID,Params: ()
lib/screens/subscription_screen.dart,130,Method/Function,_SubscriptionScreenState._buildAppBar,Widget,Private,STATICALLY_VALID,Params: ()
lib/screens/subscription_screen.dart,149,Method/Function,_SubscriptionScreenState.Icon,const,Public,STATICALLY_VALID,"Params: (Icons.security, color: Colors.greenAccen...)"
lib/screens/subscription_screen.dart,150,Method/Function,_SubscriptionScreenState.SizedBox,const,Public,STATICALLY_VALID,Params: (width: 6)
lib/screens/subscription_screen.dart,158,Method/Function,_SubscriptionScreenState.SizedBox,const,Public,STATICALLY_VALID,Params: (width: 48)
lib/screens/subscription_screen.dart,164,Method/Function,_SubscriptionScreenState._buildPremiumHeader,Widget,Private,STATICALLY_VALID,Params: ()
lib/screens/subscription_screen.dart,184,Method/Function,_SubscriptionScreenState.SizedBox,const,Public,STATICALLY_VALID,Params: (height: 20)
lib/screens/subscription_screen.dart,194,Method/Function,_SubscriptionScreenState.SizedBox,const,Public,STATICALLY_VALID,Params: (height: 8)
lib/screens/subscription_screen.dart,207,Method/Function,_SubscriptionScreenState._buildPlanSelector,Widget,Private,STATICALLY_VALID,Params: ()
lib/screens/subscription_screen.dart,218,Method/Function,_SubscriptionScreenState.SizedBox,const,Public,STATICALLY_VALID,Params: (height: 16)
lib/screens/subscription_screen.dart,274,Method/Function,_SubscriptionScreenState.SizedBox,const,Public,STATICALLY_VALID,Params: (width: 8)
lib/screens/subscription_screen.dart,293,Method/Function,_SubscriptionScreenState.SizedBox,const,Public,STATICALLY_VALID,Params: (height: 4)
lib/screens/subscription_screen.dart,336,Method/Function,_SubscriptionScreenState._buildFeaturesList,Widget,Private,STATICALLY_VALID,Params: ()
lib/screens/subscription_screen.dart,358,Method/Function,_SubscriptionScreenState.Icon,const,Public,STATICALLY_VALID,"Params: (Icons.verified_rounded, color: Colors.am...)"
lib/screens/subscription_screen.dart,359,Method/Function,_SubscriptionScreenState.SizedBox,const,Public,STATICALLY_VALID,Params: (width: 12)
lib/screens/subscription_screen.dart,373,Method/Function,_SubscriptionScreenState._buildYemeniWalletsSection,Widget,Private,STATICALLY_VALID,Params: ()
lib/screens/subscription_screen.dart,394,Method/Function,_SubscriptionScreenState.Icon,const,Public,STATICALLY_VALID,"Params: (Icons.local_atm, color: Colors.greenAcce...)"
lib/screens/subscription_screen.dart,395,Method/Function,_SubscriptionScreenState.SizedBox,const,Public,STATICALLY_VALID,Params: (width: 10)
lib/screens/subscription_screen.dart,406,Method/Function,_SubscriptionScreenState.SizedBox,const,Public,STATICALLY_VALID,Params: (height: 15)
lib/screens/subscription_screen.dart,418,Method/Function,_SubscriptionScreenState.SizedBox,const,Public,STATICALLY_VALID,Params: (width: 10)
lib/screens/subscription_screen.dart,420,Method/Function,_SubscriptionScreenState.Spacer,const,Public,STATICALLY_VALID,Params: ()
lib/screens/subscription_screen.dart,422,Method/Function,_SubscriptionScreenState.SizedBox,const,Public,STATICALLY_VALID,Params: (width: 8)
lib/screens/subscription_screen.dart,440,Method/Function,_SubscriptionScreenState._buildActionButton,Widget,Private,STATICALLY_VALID,Params: (SubscriptionService service)
lib/screens/subscription_screen.dart,486,Method/Function,_SubscriptionScreenState._handlePayment,Future<void>,Private,STATICALLY_VALID,Params: (SubscriptionService service)
lib/screens/subscription_screen.dart,500,Method/Function,_SubscriptionScreenState._buildRestoreAndFooter,Widget,Private,STATICALLY_VALID,Params: (SubscriptionService service)
lib/screens/subscription_screen.dart,510,Method/Function,_SubscriptionScreenState.SizedBox,const,Public,STATICALLY_VALID,Params: (height: 10)
lib/screens/terms_of_service_screen.dart,5,Class,TermsOfServiceScreen,StatelessWidget,Public,STATICALLY_VALID,Extends StatelessWidget
lib/screens/terms_of_service_screen.dart,6,Method/Function,TermsOfServiceScreen.TermsOfServiceScreen,const,Public,STATICALLY_VALID,Params: ({super.key})
lib/screens/terms_of_service_screen.dart,9,Method/Function,TermsOfServiceScreen.build,Widget,Public,STATICALLY_VALID,Params: (BuildContext context)
lib/screens/terms_of_service_screen.dart,33,Method/Function,TermsOfServiceScreen.SizedBox,const,Public,STATICALLY_VALID,Params: (height: 24)
lib/screens/terms_of_service_screen.dart,39,Method/Function,TermsOfServiceScreen.SizedBox,const,Public,STATICALLY_VALID,Params: (height: 24)
lib/screens/terms_of_service_screen.dart,45,Method/Function,TermsOfServiceScreen.SizedBox,const,Public,STATICALLY_VALID,Params: (height: 24)
lib/screens/terms_of_service_screen.dart,50,Method/Function,TermsOfServiceScreen.SizedBox,const,Public,STATICALLY_VALID,Params: (height: 24)
lib/screens/terms_of_service_screen.dart,55,Method/Function,TermsOfServiceScreen.SizedBox,const,Public,STATICALLY_VALID,Params: (height: 24)
lib/screens/terms_of_service_screen.dart,60,Method/Function,TermsOfServiceScreen.SizedBox,const,Public,STATICALLY_VALID,Params: (height: 48)
lib/screens/terms_of_service_screen.dart,67,Method/Function,TermsOfServiceScreen.SizedBox,const,Public,STATICALLY_VALID,Params: (height: 24)
lib/screens/terms_of_service_screen.dart,75,Method/Function,TermsOfServiceScreen._buildHeader,Widget,Private,STATICALLY_VALID,Params: (String title)
lib/screens/terms_of_service_screen.dart,89,Method/Function,TermsOfServiceScreen._buildText,Widget,Private,STATICALLY_VALID,Params: (String text)
lib/screens/terms_of_service_screen.dart,100,Method/Function,TermsOfServiceScreen._buildBullet,Widget,Private,STATICALLY_VALID,Params: (String text)
lib/services/activity_log_service.dart,6,Class,ActivityLogService,GetxService,Public,STATICALLY_VALID,Extends GetxService
lib/services/activity_tracking_service.dart,6,Class,ActivityTrackingService,GetxService,Public,STATICALLY_VALID,Extends GetxService
lib/services/activity_tracking_service.dart,145,Method/Function,ActivityTrackingService.getUserTotalCredits,Future<int>,Public,STATICALLY_VALID,Params: (String userId)
lib/services/ai_backend_router.dart,21,Class,AIBackendRouter,GetxService,Public,STATICALLY_VALID,Extends GetxService
lib/services/ai_backend_router.dart,52,Method/Function,AIBackendRouter.switchBackend,Future<bool>,Public,STATICALLY_VALID,Params: (String newBackend)
lib/services/ai_backend_router.dart,76,Method/Function,AIBackendRouter._redactUserId,String,Private,STATICALLY_VALID,Params: (String? uid)
lib/services/ai_backend_router.dart,83,Method/Function,AIBackendRouter.startListening,void,Public,STATICALLY_VALID,Params: ()
lib/services/ai_backend_router.dart,116,Method/Function,AIBackendRouter.resolveBackend,Future<String>,Public,STATICALLY_VALID,Params: ()
lib/services/ai_backend_router.dart,163,Method/Function,AIBackendRouter.isBackendCoolingDown,bool,Public,STATICALLY_VALID,Params: (String backend)
lib/services/ai_backend_router.dart,170,Method/Function,AIBackendRouter.remainingCooldownSeconds,int,Public,STATICALLY_VALID,Params: (String backend)
lib/services/ai_backend_router.dart,225,Method/Function,AIBackendRouter.recordCooldown,void,Public,STATICALLY_VALID,"Params: (String backend, Duration duration)"
lib/services/ai_backend_router.dart,503,Method/Function,AIBackendRouter._optimizeImageForVision,Future<Uint8List>,Private,STATICALLY_VALID,Params: (Uint8List imageBytes)
lib/services/ai_backend_router.dart,889,Method/Function,AIBackendRouter.pollMediaTaskStatus,Future<ManusTaskStatus>,Public,STATICALLY_VALID,Params: (String taskId)
lib/services/ai_backend_router.dart,901,Method/Function,AIBackendRouter.Function,void,Public,STATICALLY_VALID,Params: (ManusTaskStatus status)
lib/services/ai_image_generation_service.dart,23,Class,AiImageGenerationService,GetxService,Public,STATICALLY_VALID,Extends GetxService
lib/services/ai_image_generation_service.dart,90,Method/Function,AiImageGenerationService.testStabilityConnection,Future<bool>,Public,STATICALLY_VALID,Params: (String apiKey)
lib/services/ai_image_generation_service.dart,115,Method/Function,AiImageGenerationService.testRemoveBgConnection,Future<bool>,Public,STATICALLY_VALID,Params: (String apiKey)
lib/services/ai_image_generation_service.dart,478,Method/Function,AiImageGenerationService._sanitizeImagePrompt,String,Private,STATICALLY_VALID,Params: (String prompt)
lib/services/ai_image_generation_service.dart,660,Method/Function,AiImageGenerationService._enhancePrompt,String,Private,STATICALLY_VALID,"Params: (String prompt, String style)"
lib/services/ai_image_generation_service.dart,691,Method/Function,AiImageGenerationService._extractKeywords,String,Private,STATICALLY_VALID,Params: (String prompt)
lib/services/ai_image_generation_service.dart,703,Method/Function,AiImageGenerationService.switchProvider,void,Public,STATICALLY_VALID,Params: (String provider)
lib/services/ai_image_generation_service.dart,723,Method/Function,AiImageGenerationService._smartSelectProvider,Future<String>,Private,STATICALLY_VALID,Params: ()
lib/services/ai_image_generation_service.dart,751,Method/Function,AiImageGenerationService.enhanceProductPrompt,Future<String>,Public,STATICALLY_VALID,"Params: (String userPrompt, File imageFile, {bool...)"
lib/services/ai_image_generation_service.dart,808,Class,ImageGenerationResult,,Public,STATICALLY_VALID,Base Class
lib/services/ai_image_generation_service.dart,903,Method/Function,ImageGenerationResult.removeBackground,Future<Uint8List?>,Public,STATICALLY_VALID,Params: (Uint8List imageBytes)
lib/services/ai_image_generation_service.dart,919,Method/Function,ImageGenerationResult._removeBackgroundWithLocalAi,Future<Uint8List?>,Private,STATICALLY_VALID,Params: (Uint8List imageBytes)
lib/services/ai_provider.dart,20,Class,AIProvider,,Public,STATICALLY_VALID,Base Class
lib/services/ai_provider.dart,40,Method/Function,AIProvider.testConnection,Future<bool>,Public,STATICALLY_VALID,Params: (String apiKey)
lib/services/ai_provider.dart,55,Method/Function,AIProvider.UnimplementedError,throw,Public,STATICALLY_VALID,"Params: (""Video generation not supported by this ...)"
lib/services/ai_provider.dart,65,Class,AIProviderFactory,,Public,STATICALLY_VALID,Base Class
lib/services/ai_provider.dart,133,Method/Function,AIProviderFactory.Exception,throw,Public,STATICALLY_VALID,Params: ('Stability AI is for image generation on...)
lib/services/ai_provider.dart,135,Method/Function,AIProviderFactory.Exception,throw,Public,STATICALLY_VALID,Params: ('Remove.bg is for background removal onl...)
lib/services/ai_provider.dart,137,Method/Function,AIProviderFactory.Exception,throw,Public,STATICALLY_VALID,Params: ('Custom provider not supported')
lib/services/ai_provider.dart,267,Method/Function,AIProviderFactory.Exception,throw,Public,STATICALLY_VALID,"Params: (""503 (Circuit Breaker Active)"
lib/services/ai_provider.dart,472,Method/Function,AIProviderFactory.SmartUserException,throw,Public,STATICALLY_VALID,Params: ('❌ حدث خطأ غير متوقع: $e')
lib/services/anthropic_service.dart,7,Class,AnthropicService,,Public,STATICALLY_VALID,Base Class
lib/services/anthropic_service.dart,21,Method/Function,AnthropicService.Exception,throw,Public,STATICALLY_VALID,"Params: (""❌ مفتاح Anthropic غير موجود"")"
lib/services/anthropic_service.dart,63,Method/Function,AnthropicService.Exception,throw,Public,STATICALLY_VALID,"Params: (""❌ رد فارغ من Anthropic"")"
lib/services/anthropic_service.dart,66,Method/Function,AnthropicService.Exception,throw,Public,STATICALLY_VALID,Params: ('🚫 تم إلغاء الطلب')
lib/services/anthropic_service.dart,68,Method/Function,AnthropicService.Exception,throw,Public,STATICALLY_VALID,"Params: (""❌ خطأ من Anthropic: ${e.message}"")"
lib/services/anthropic_service.dart,70,Method/Function,AnthropicService.Exception,throw,Public,STATICALLY_VALID,"Params: (""❌ خطأ في الاتصال: $e"")"
lib/services/anthropic_service.dart,133,Method/Function,AnthropicService.Exception,throw,Public,STATICALLY_VALID,Params: ('🚫 تم إلغاء الطلب')
lib/services/anthropic_service.dart,135,Method/Function,AnthropicService.Exception,throw,Public,STATICALLY_VALID,"Params: (""Anthropic Error: ${e.message}"")"
lib/services/anthropic_service.dart,142,Method/Function,AnthropicService.testConnection,Future<bool>,Public,STATICALLY_VALID,Params: (String apiKey)
lib/services/anthropic_service.dart,172,Method/Function,AnthropicService.UnimplementedError,throw,Public,STATICALLY_VALID,"Params: (""Video generation not supported by Anthr...)"
lib/services/anthropic_service.dart,177,Method/Function,AnthropicService.UnimplementedError,throw,Public,STATICALLY_VALID,"Params: (""Task status check not supported by Anth...)"
lib/services/app_detection_service.dart,10,Class,PlatformAppInfo,,Public,STATICALLY_VALID,Base Class
lib/services/app_detection_service.dart,30,Class,AppDetectionService,,Public,STATICALLY_VALID,Base Class
lib/services/auth_service.dart,14,Class,AuthService,GetxService,Public,STATICALLY_VALID,Extends GetxService
lib/services/auth_service.dart,61,Method/Function,AuthService.sendSupabasePasswordReset,Future<void>,Public,STATICALLY_VALID,Params: (String email)
lib/services/auth_service.dart,72,Method/Function,AuthService.signOutSupabase,Future<void>,Public,STATICALLY_VALID,Params: ()
lib/services/auth_service.dart,110,Method/Function,AuthService.getFreshToken,Future<String?>,Public,STATICALLY_VALID,Params: ()
lib/services/auth_service.dart,128,Method/Function,AuthService._performSilentSignIn,Future<String?>,Private,STATICALLY_VALID,Params: ()
lib/services/auth_service.dart,145,Method/Function,AuthService.requestGeminiScopes,Future<String?>,Public,STATICALLY_VALID,Params: ()
lib/services/auth_service.dart,161,Method/Function,AuthService.getGoogleCredential,"Future<(AuthCredential?,",Public,STATICALLY_VALID,Params: ()
lib/services/auth_service.dart,179,Method/Function,AuthService.signInWithGoogle,Future<UserCredential?>,Public,STATICALLY_VALID,Params: ()
lib/services/auth_service.dart,191,Method/Function,AuthService.signInWithEmail,Future<UserCredential?>,Public,STATICALLY_VALID,"Params: (String email, String password)"
lib/services/auth_service.dart,205,Method/Function,AuthService.sendOtp,Future<void>,Public,STATICALLY_VALID,Params: (String email)
lib/services/auth_service.dart,248,Method/Function,AuthService.sendPasswordResetEmail,Future<void>,Public,STATICALLY_VALID,Params: (String email)
lib/services/auth_service.dart,280,Method/Function,AuthService.sendEmailVerification,Future<void>,Public,STATICALLY_VALID,Params: ()
lib/services/auth_service.dart,294,Method/Function,AuthService.confirmPasswordReset,Future<void>,Public,STATICALLY_VALID,"Params: (String oobCode, String newPassword)"
lib/services/auth_service.dart,304,Method/Function,AuthService.requestPasswordResetOtp,Future<void>,Public,STATICALLY_VALID,Params: (String email)
lib/services/auth_service.dart,346,Method/Function,AuthService.requestRegistrationOtp,Future<void>,Public,STATICALLY_VALID,Params: (String email)
lib/services/auth_service.dart,375,Method/Function,AuthService.verifyOtp,Future<UserCredential?>,Public,STATICALLY_VALID,"Params: (String email, String emailLink)"
lib/services/auth_service.dart,391,Method/Function,AuthService.signInAnonymously,Future<UserCredential?>,Public,STATICALLY_VALID,Params: ()
lib/services/auth_service.dart,401,Method/Function,AuthService.registerWithEmail,Future<UserCredential?>,Public,STATICALLY_VALID,"Params: (String email, String password)"
lib/services/auth_service.dart,443,Method/Function,AuthService.linkWithCredential,Future<UserCredential?>,Public,STATICALLY_VALID,Params: (AuthCredential credential)
lib/services/auth_service.dart,488,Method/Function,AuthService.signOut,Future<void>,Public,STATICALLY_VALID,Params: ()
lib/services/azure_openai_service.dart,8,Class,AzureOpenAIService,AIProvider,Public,STATICALLY_VALID,Extends AIProvider
lib/services/azure_openai_service.dart,24,Method/Function,AzureOpenAIService.Exception,throw,Public,STATICALLY_VALID,Params: ('Azure OpenAI (Key/Endpoint)
lib/services/azure_openai_service.dart,52,Method/Function,AzureOpenAIService.Exception,throw,Public,STATICALLY_VALID,"Params: (""Azure Error: ${response.statusCode}"")"
lib/services/azure_openai_service.dart,61,Method/Function,AzureOpenAIService.analyzeImage,Future<AiResult>,Public,STATICALLY_VALID,"Params: (Uint8List bytes, String prompt, {String?...)"
lib/services/azure_openai_service.dart,62,Method/Function,AzureOpenAIService.UnimplementedError,throw,Public,STATICALLY_VALID,Params: ()
lib/services/azure_openai_service.dart,66,Method/Function,AzureOpenAIService.analyzeBatchImages,Future<AiResult>,Public,STATICALLY_VALID,"Params: (List<Uint8List> images, String prompt, {...)"
lib/services/azure_openai_service.dart,67,Method/Function,AzureOpenAIService.UnimplementedError,throw,Public,STATICALLY_VALID,Params: ()
lib/services/azure_openai_service.dart,71,Method/Function,AzureOpenAIService.testConnection,Future<bool>,Public,STATICALLY_VALID,Params: (String apiKey)
lib/services/azure_openai_service.dart,76,Method/Function,AzureOpenAIService.generateTextStream,Stream<String>,Public,STATICALLY_VALID,"Params: (String prompt, {required String apiKey, ...)"
lib/services/azure_openai_service.dart,77,Method/Function,AzureOpenAIService.UnimplementedError,throw,Public,STATICALLY_VALID,Params: ()
lib/services/azure_openai_service.dart,81,Method/Function,AzureOpenAIService.generateEmbeddings,Future<List<double>>,Public,STATICALLY_VALID,"Params: (String text, {required String apiKey, di...)"
lib/services/azure_openai_service.dart,82,Method/Function,AzureOpenAIService.UnimplementedError,throw,Public,STATICALLY_VALID,Params: ()
lib/services/back4app_catalog_media_service.dart,11,Class,Back4AppCatalogMediaService,GetxService,Public,STATICALLY_VALID,Extends GetxService
lib/services/back4app_catalog_media_service.dart,23,Method/Function,Back4AppCatalogMediaService._getAuthToken,Future<String?>,Private,STATICALLY_VALID,Params: ()
lib/services/back4app_gateway_service.dart,12,Class,Back4AppGatewayService,GetxService,Public,STATICALLY_VALID,Extends GetxService
lib/services/back4app_gateway_service.dart,178,Method/Function,Back4AppGatewayService.Exception,throw,Public,STATICALLY_VALID,Params: ('Back4App ($errorCode)
lib/services/catalog_xlsx_import_service.dart,8,Class,CatalogXlsxImportResult,,Public,STATICALLY_VALID,Base Class
lib/services/catalog_xlsx_import_service.dart,26,Method/Function,CatalogXlsxImportResult.toString,String,Public,STATICALLY_VALID,Params: ()
lib/services/catalog_xlsx_import_service.dart,33,Class,CatalogXlsxImportService,,Public,STATICALLY_VALID,Base Class
lib/services/catalog_xlsx_import_service.dart,196,Method/Function,CatalogXlsxImportService.FormatException,throw,Public,STATICALLY_VALID,"Params: ('ملف ورقة العمل ""$targetSheetPath"" غير م...)"
lib/services/catalog_xlsx_import_service.dart,217,Method/Function,CatalogXlsxImportService.getCellText,String,Public,STATICALLY_VALID,Params: (XmlElement c)
lib/services/catalog_xlsx_import_service.dart,277,Method/Function,CatalogXlsxImportService.getVal,String,Public,STATICALLY_VALID,Params: (String colName)
lib/services/catalog_xlsx_import_service.dart,284,Method/Function,CatalogXlsxImportService.getAnyVal,String,Public,STATICALLY_VALID,Params: (List<String> keys)
lib/services/db_service.dart,11,Class,DBService,GetxService,Public,STATICALLY_VALID,Extends GetxService
lib/services/db_service.dart,20,Method/Function,DBService.init,Future<DBService>,Public,STATICALLY_VALID,Params: ()
lib/services/db_service.dart,35,Method/Function,DBService._init,Future<Database>,Private,STATICALLY_VALID,Params: ()
lib/services/db_service.dart,50,Method/Function,DBService._onCreate,Future<void>,Private,STATICALLY_VALID,"Params: (Database db, int version)"
lib/services/db_service.dart,98,Method/Function,DBService.KEY,FOREIGN,Public,STATICALLY_VALID,Params: (session_id)
lib/services/db_service.dart,162,Method/Function,DBService.KEY,FOREIGN,Public,STATICALLY_VALID,Params: (user_id)
lib/services/db_service.dart,163,Method/Function,DBService.KEY,FOREIGN,Public,STATICALLY_VALID,Params: (control_id)
lib/services/db_service.dart,255,Method/Function,DBService._insertDefaultControls,await,Private,STATICALLY_VALID,Params: (db)
lib/services/db_service.dart,259,Method/Function,DBService._onUpgrade,Future<void>,Private,STATICALLY_VALID,"Params: (Database db, int oldVersion, int newVers...)"
lib/services/db_service.dart,262,Method/Function,DBService._insertDefaultControls,await,Private,STATICALLY_VALID,Params: (db)
lib/services/db_service.dart,274,Method/Function,DBService._insertDefaultControls,await,Private,STATICALLY_VALID,Params: (db)
lib/services/db_service.dart,315,Method/Function,DBService._insertDefaultControls,await,Private,STATICALLY_VALID,Params: (db)
lib/services/db_service.dart,377,Method/Function,DBService._ensureColumnsExist,Future<void>,Private,STATICALLY_VALID,Params: (Database db)
lib/services/db_service.dart,467,Method/Function,DBService.insertRecord,Future<int>,Public,STATICALLY_VALID,"Params: (String table, Map<String, dynamic> data)"
lib/services/db_service.dart,478,Method/Function,DBService.batchInsertRecords,Future<void>,Public,STATICALLY_VALID,"Params: (String table, List<Map<String, dynamic>>...)"
lib/services/db_service.dart,509,Method/Function,DBService.updateRecord,Future<int>,Public,STATICALLY_VALID,"Params: (String table, Map<String, dynamic> data,...)"
lib/services/db_service.dart,519,Method/Function,DBService.deleteRecord,Future<int>,Public,STATICALLY_VALID,"Params: (String table, {required String where, re...)"
lib/services/db_service.dart,563,Method/Function,DBService.logChatMessage,Future<int>,Public,STATICALLY_VALID,"Params: (String provider, String userMessage, Str...)"
lib/services/db_service.dart,603,Method/Function,DBService.hashPassword,String,Public,STATICALLY_VALID,Params: (String password)
lib/services/db_service.dart,608,Method/Function,DBService.clearTable,Future<void>,Public,STATICALLY_VALID,Params: (String table)
lib/services/db_service.dart,613,Method/Function,DBService.nukeDatabase,Future<void>,Public,STATICALLY_VALID,Params: ()
lib/services/db_service.dart,615,Method/Function,DBService.deleteDatabase,await,Public,STATICALLY_VALID,Params: (path)
lib/services/db_service.dart,623,Method/Function,DBService._insertDefaultControls,Future<void>,Private,STATICALLY_VALID,Params: (Database db)
lib/services/deepseek_service.dart,7,Class,DeepSeekService,AIProvider,Public,STATICALLY_VALID,Extends AIProvider
lib/services/deepseek_service.dart,49,Method/Function,DeepSeekService.Exception,throw,Public,STATICALLY_VALID,"Params: (""DeepSeek API Error (${response.statusCo...)"
lib/services/deepseek_service.dart,53,Method/Function,DeepSeekService.Exception,throw,Public,STATICALLY_VALID,"Params: (""🚫 تم إلغاء طلب DeepSeek."")"
lib/services/deepseek_service.dart,55,Method/Function,DeepSeekService.Exception,throw,Public,STATICALLY_VALID,"Params: (""DeepSeek Connection Error: $e"")"
lib/services/deepseek_service.dart,66,Method/Function,DeepSeekService.UnimplementedError,throw,Public,STATICALLY_VALID,Params: ()
lib/services/deepseek_service.dart,76,Method/Function,DeepSeekService.UnimplementedError,throw,Public,STATICALLY_VALID,Params: ()
lib/services/deepseek_service.dart,80,Method/Function,DeepSeekService.testConnection,Future<bool>,Public,STATICALLY_VALID,Params: (String apiKey)
lib/services/deepseek_service.dart,82,Method/Function,DeepSeekService.generateText,await,Public,STATICALLY_VALID,"Params: (""Test"", apiKey: apiKey)"
lib/services/deepseek_service.dart,96,Method/Function,DeepSeekService.UnimplementedError,throw,Public,STATICALLY_VALID,Params: ()
lib/services/deepseek_service.dart,102,Method/Function,DeepSeekService.UnimplementedError,throw,Public,STATICALLY_VALID,Params: ()
lib/services/facebook_page_service.dart,8,Class,FacebookPageService,GetxService,Public,STATICALLY_VALID,Extends GetxService
lib/services/facebook_page_service.dart,56,Method/Function,FacebookPageService._debugTokenAndPost,await,Private,STATICALLY_VALID,"Params: (pageToken, pageId, null)"
lib/services/facebook_page_service.dart,84,Method/Function,FacebookPageService._debugTokenAndPost,await,Private,STATICALLY_VALID,"Params: (pageToken, pageId, postId)"
lib/services/facebook_page_service.dart,155,Method/Function,FacebookPageService._debugTokenAndPost,await,Private,STATICALLY_VALID,"Params: (pageToken, pageId, postId)"
lib/services/facebook_page_service.dart,185,Method/Function,FacebookPageService._debugTokenAndPost,await,Private,STATICALLY_VALID,"Params: (pageToken, pageId, postId)"
lib/services/facebook_page_service.dart,197,Method/Function,FacebookPageService._debugTokenAndPost,Future<void>,Private,STATICALLY_VALID,"Params: (String token, String pageId, String? pos...)"
lib/services/facebook_page_service.dart,282,Method/Function,FacebookPageService._showDetailedError,void,Private,STATICALLY_VALID,"Params: (String title, String responseBody)"
lib/services/ffmpeg_service.dart,11,Class,FfmpegService,GetxService,Public,STATICALLY_VALID,Extends GetxService
lib/services/ffmpeg_service.dart,97,Method/Function,FfmpegService.Exception,throw,Public,STATICALLY_VALID,"Params: (""فشلت عملية $stage عبر الخادم السحابي. ي...)"
lib/services/firebase_ai_logic_service.dart,14,Class,FirebaseAiLogicService,GetxService,Public,STATICALLY_VALID,Extends GetxService
lib/services/firebase_ai_logic_service.dart,95,Method/Function,FirebaseAiLogicService._getTemplateModel,TemplateGenerativeModel,Private,STATICALLY_VALID,Params: ()
lib/services/firebase_ai_logic_service.dart,284,Method/Function,FirebaseAiLogicService.resetChatSession,void,Public,STATICALLY_VALID,Params: ()
lib/services/firebase_storage_service.dart,9,Class,FirebaseStorageService,GetxService,Public,STATICALLY_VALID,Extends GetxService
lib/services/firebase_storage_service.dart,13,Method/Function,FirebaseStorageService._logStorageConfig,void,Private,STATICALLY_VALID,Params: ()
lib/services/firebase_storage_service.dart,65,Method/Function,FirebaseStorageService.uploadTemporaryImage,Future<String?>,Public,STATICALLY_VALID,"Params: (File file, {dio.CancelToken? cancelToken...)"
lib/services/firestore_user_service.dart,8,Class,FirestoreUserService,GetxService,Public,STATICALLY_VALID,Extends GetxService
lib/services/firestore_user_service.dart,92,Method/Function,FirestoreUserService.isAdmin,Future<bool>,Public,STATICALLY_VALID,Params: (String uid)
lib/services/firestore_user_service.dart,111,Method/Function,FirestoreUserService.getUserRole,Future<String>,Public,STATICALLY_VALID,Params: (String uid)
lib/services/firestore_user_service.dart,159,Method/Function,FirestoreUserService.incrementVisualAnalysisCount,Future<void>,Public,STATICALLY_VALID,Params: (String uid)
lib/services/firestore_user_service.dart,173,Method/Function,FirestoreUserService.canPerformVisualAnalysis,Future<bool>,Public,STATICALLY_VALID,Params: (String uid)
lib/services/firestore_user_service.dart,200,Method/Function,FirestoreUserService.clearUserNotification,Future<void>,Public,STATICALLY_VALID,Params: (String uid)
lib/services/firestore_user_service.dart,243,Method/Function,FirestoreUserService.checkConnection,Future<bool>,Public,STATICALLY_VALID,Params: ()
lib/services/firestore_user_service.dart,276,Method/Function,FirestoreUserService.getBrandIdentity,Future<BrandIdentity?>,Public,STATICALLY_VALID,Params: (String uid)
lib/services/firestore_user_service.dart,296,Method/Function,FirestoreUserService.getUserAiBackend,Future<String>,Public,STATICALLY_VALID,Params: (String uid)
lib/services/gatekeeper_service.dart,15,Class,GatekeeperService,GetxService,Public,STATICALLY_VALID,Extends GetxService
lib/services/gatekeeper_service.dart,19,Method/Function,GatekeeperService.canAccess,bool,Public,STATICALLY_VALID,Params: (FeatureGate feature)
lib/services/gatekeeper_service.dart,41,Method/Function,GatekeeperService.checkPermission,bool,Public,STATICALLY_VALID,Params: (String controlName)
lib/services/gatekeeper_service.dart,54,Method/Function,GatekeeperService.getUpgradeMessage,String,Public,STATICALLY_VALID,Params: (FeatureGate feature)
lib/services/gemini_service.dart,11,Class,GeminiService,,Public,STATICALLY_VALID,Base Class
lib/services/gemini_service.dart,196,Method/Function,GeminiService._discoverAvailableModels,await,Private,STATICALLY_VALID,"Params: (cleanKey, customBaseUrl: customBaseUrl)"
lib/services/gemini_service.dart,414,Method/Function,GeminiService.isGenerativeModel,bool,Public,STATICALLY_VALID,Params: (String name)
lib/services/gemini_service.dart,581,Method/Function,GeminiService.Exception,throw,Public,STATICALLY_VALID,"Params: (""Gemini Error: ${response.statusCode}"")"
lib/services/gemini_service.dart,607,Method/Function,GeminiService.testConnection,Future<bool>,Public,STATICALLY_VALID,Params: (String apiKey)
lib/services/gemini_service.dart,642,Method/Function,GeminiService.generateText,await,Public,STATICALLY_VALID,"Params: (prompt, apiKey: apiKey, cancelToken: can...)"
lib/services/gemini_service.dart,652,Method/Function,GeminiService.generateText,await,Public,STATICALLY_VALID,"Params: (prompt, apiKey: apiKey, cancelToken: can...)"
lib/services/gemini_service.dart,659,Method/Function,GeminiService.generateText,await,Public,STATICALLY_VALID,"Params: (prompt, apiKey: apiKey, cancelToken: can...)"
lib/services/gemini_service.dart,681,Method/Function,GeminiService.generateText,await,Public,STATICALLY_VALID,"Params: (prompt, apiKey: apiKey, cancelToken: can...)"
lib/services/gemini_service.dart,688,Method/Function,GeminiService.UnimplementedError,throw,Public,STATICALLY_VALID,"Params: (""Video generation not supported by Gemin...)"
lib/services/gemini_service.dart,693,Method/Function,GeminiService.UnimplementedError,throw,Public,STATICALLY_VALID,"Params: (""Task status check not supported by Gemi...)"
lib/services/global_config_service.dart,6,Class,GlobalConfigService,GetxService,Public,STATICALLY_VALID,Extends GetxService
lib/services/global_config_service.dart,14,Method/Function,GlobalConfigService.getAdminApiKey,Future<String?>,Public,STATICALLY_VALID,Params: (String provider)
lib/services/google_veo_service.dart,13,Class,GoogleVeoService,GetxService,Public,STATICALLY_VALID,Extends GetxService
lib/services/google_veo_service.dart,24,Method/Function,GoogleVeoService.testConnection,Future<bool>,Public,STATICALLY_VALID,Params: (String apiKey)
lib/services/google_veo_service.dart,110,Method/Function,GoogleVeoService.Exception,throw,Public,STATICALLY_VALID,"Params: (""خطأ من جوجل (Veo)"
lib/services/google_veo_service.dart,113,Method/Function,GoogleVeoService.Exception,throw,Public,STATICALLY_VALID,"Params: (""فشل الاتصال بـ Google Veo: $e"")"
lib/services/groq_service.dart,7,Class,GroqService,AIProvider,Public,STATICALLY_VALID,Extends AIProvider
lib/services/groq_service.dart,49,Method/Function,GroqService.Exception,throw,Public,STATICALLY_VALID,"Params: (""Groq API Error (${response.statusCode})"
lib/services/groq_service.dart,53,Method/Function,GroqService.Exception,throw,Public,STATICALLY_VALID,"Params: (""🚫 تم إلغاء طلب Groq."")"
lib/services/groq_service.dart,55,Method/Function,GroqService.Exception,throw,Public,STATICALLY_VALID,"Params: (""Groq Connection Error: $e"")"
lib/services/groq_service.dart,66,Method/Function,GroqService.UnimplementedError,throw,Public,STATICALLY_VALID,Params: ()
lib/services/groq_service.dart,76,Method/Function,GroqService.UnimplementedError,throw,Public,STATICALLY_VALID,Params: ()
lib/services/groq_service.dart,80,Method/Function,GroqService.testConnection,Future<bool>,Public,STATICALLY_VALID,Params: (String apiKey)
lib/services/groq_service.dart,82,Method/Function,GroqService.generateText,await,Public,STATICALLY_VALID,"Params: (""Test"", apiKey: apiKey)"
lib/services/groq_service.dart,96,Method/Function,GroqService.UnimplementedError,throw,Public,STATICALLY_VALID,Params: ()
lib/services/groq_service.dart,102,Method/Function,GroqService.UnimplementedError,throw,Public,STATICALLY_VALID,Params: ()
lib/services/higgsfield_service.dart,13,Class,HiggsfieldService,GetxService,Public,STATICALLY_VALID,Extends GetxService
lib/services/higgsfield_service.dart,21,Method/Function,HiggsfieldService._getEffectiveToken,String,Private,STATICALLY_VALID,Params: ({String? manualKey})
lib/services/higgsfield_service.dart,82,Method/Function,HiggsfieldService.testConnection,Future<bool>,Public,STATICALLY_VALID,Params: (String apiKey)
lib/services/higgsfield_service.dart,154,Method/Function,HiggsfieldService.if,else,Public,STATICALLY_VALID,Params: (base64Image != null)
lib/services/higgsfield_service.dart,166,Method/Function,HiggsfieldService.Exception,throw,Public,STATICALLY_VALID,"Params: (""لم يتم استلام معرف المهمة."")"
lib/services/instagram_service.dart,17,Class,InstagramService,GetxService,Public,STATICALLY_VALID,Extends GetxService
lib/services/instagram_service.dart,46,Method/Function,InstagramService.onInit,void,Public,STATICALLY_VALID,Params: ()
lib/services/instagram_service.dart,52,Method/Function,InstagramService._checkConnectionStatus,Future<void>,Private,STATICALLY_VALID,Params: ()
lib/services/instagram_service.dart,62,Method/Function,InstagramService._fetchInstagramProfile,await,Private,STATICALLY_VALID,Params: (token)
lib/services/instagram_service.dart,70,Method/Function,InstagramService._loadTokenFromFirestore,await,Private,STATICALLY_VALID,Params: ()
lib/services/instagram_service.dart,80,Method/Function,InstagramService.connectInstagram,Future<void>,Public,STATICALLY_VALID,Params: ()
lib/services/instagram_service.dart,101,Method/Function,InstagramService.launchUrl,await,Public,STATICALLY_VALID,"Params: (uri, mode: LaunchMode.externalApplicatio...)"
lib/services/instagram_service.dart,116,Method/Function,InstagramService.handleAuthCallback,Future<bool>,Public,STATICALLY_VALID,Params: (Uri uri)
lib/services/instagram_service.dart,152,Method/Function,InstagramService._saveTokenToFirestore,await,Private,STATICALLY_VALID,Params: (finalToken)
lib/services/instagram_service.dart,155,Method/Function,InstagramService._fetchInstagramProfile,await,Private,STATICALLY_VALID,Params: (finalToken)
lib/services/instagram_service.dart,173,Method/Function,InstagramService.disconnectInstagram,Future<void>,Public,STATICALLY_VALID,Params: ()
lib/services/instagram_service.dart,207,Method/Function,InstagramService._exchangeCodeForToken,Future<String?>,Private,STATICALLY_VALID,Params: (String code)
lib/services/instagram_service.dart,238,Method/Function,InstagramService._getLongLivedToken,Future<String?>,Private,STATICALLY_VALID,Params: (String shortLivedToken)
lib/services/instagram_service.dart,264,Method/Function,InstagramService._fetchInstagramProfile,Future<void>,Private,STATICALLY_VALID,Params: (String token)
lib/services/instagram_service.dart,303,Method/Function,InstagramService._validateToken,Future<bool>,Private,STATICALLY_VALID,Params: (String token)
lib/services/instagram_service.dart,315,Method/Function,InstagramService._saveTokenToFirestore,Future<void>,Private,STATICALLY_VALID,Params: (String token)
lib/services/instagram_service.dart,333,Method/Function,InstagramService._loadTokenFromFirestore,Future<void>,Private,STATICALLY_VALID,Params: ()
lib/services/instagram_service.dart,348,Method/Function,InstagramService._fetchInstagramProfile,await,Private,STATICALLY_VALID,Params: (token)
lib/services/instagram_service.dart,366,Method/Function,InstagramService._generateState,String,Private,STATICALLY_VALID,Params: ()
lib/services/instagram_service.dart,376,Method/Function,InstagramService.searchInstagram,Future<void>,Public,STATICALLY_VALID,Params: (String query)
lib/services/instagram_service.dart,382,Method/Function,InstagramService._fallbackDeepLink,void,Private,STATICALLY_VALID,Params: (String query)
lib/services/kling_service.dart,13,Class,KlingService,GetxService,Public,STATICALLY_VALID,Extends GetxService
lib/services/kling_service.dart,34,Method/Function,KlingService.Exception,throw,Public,STATICALLY_VALID,"Params: (""فشل الاتصال: مفاتيح AK/SK غير صحيحة أو ...)"
lib/services/kling_service.dart,58,Method/Function,KlingService.testConnection,Future<bool>,Public,STATICALLY_VALID,Params: (String apiKey)
lib/services/kling_service.dart,106,Method/Function,KlingService._generateJWT,String,Private,STATICALLY_VALID,"Params: (String accessKey, String secretKey)"
lib/services/kling_service.dart,136,Method/Function,KlingService.base64UrlSafe,String,Public,STATICALLY_VALID,"Params: (Map<String, dynamic> map)"
lib/services/kling_service.dart,163,Method/Function,KlingService._getAuthToken,Future<String>,Private,STATICALLY_VALID,Params: ({String? manualKey})
lib/services/kling_service.dart,248,Method/Function,KlingService.if,else,Public,STATICALLY_VALID,Params: (base64Image != null)
lib/services/kling_service.dart,260,Method/Function,KlingService.Exception,throw,Public,STATICALLY_VALID,"Params: (""فشل غير متوقع"")"
lib/services/kling_service.dart,262,Method/Function,KlingService.Exception,throw,Public,STATICALLY_VALID,Params: (e.message)
lib/services/kling_service.dart,299,Method/Function,KlingService.Exception,throw,Public,STATICALLY_VALID,"Params: (""خطأ فحص الحالة: ${e.message}"")"
lib/services/kling_service.dart,301,Method/Function,KlingService.Exception,throw,Public,STATICALLY_VALID,"Params: (""فشل التحقق من المهمة: $e"")"
lib/services/manus_ai_service.dart,33,Class,ManusAiService,GetxService,Public,STATICALLY_VALID,Extends GetxService
lib/services/manus_ai_service.dart,46,Method/Function,ManusAiService._getFreshFirebaseIdToken,Future<String?>,Private,STATICALLY_VALID,Params: ()
lib/services/manus_ai_service.dart,227,Method/Function,ManusAiService.pollTaskStatus,Future<ManusTaskStatus>,Public,STATICALLY_VALID,Params: (String taskId)
lib/services/manus_ai_service.dart,283,Method/Function,ManusAiService.Function,void,Public,STATICALLY_VALID,Params: (ManusTaskStatus status)
lib/services/manus_ai_service.dart,359,Method/Function,ManusAiService.Function,void,Public,STATICALLY_VALID,Params: (ManusTaskStatus status)
lib/services/manus_ai_service.dart,398,Method/Function,ManusAiService.toAiResult,AiResult,Public,STATICALLY_VALID,"Params: (Map<String, dynamic> response)"
lib/services/manus_ai_service.dart,406,Method/Function,ManusAiService._redactId,String,Private,STATICALLY_VALID,Params: (String? id)
lib/services/manus_ai_service.dart,413,Method/Function,ManusAiService._normalizeError,String,Private,STATICALLY_VALID,Params: (dynamic e)
lib/services/marketing_share_service.dart,9,Class,MarketingShareService,,Public,STATICALLY_VALID,Base Class
lib/services/marketing_share_service.dart,11,Method/Function,MarketingShareService.generateProductDescription,String,Public,STATICALLY_VALID,"Params: (ImageItem item, {BrandInfo? brand})"
lib/services/marketing_share_service.dart,66,Method/Function,MarketingShareService.generateHashtags,String,Public,STATICALLY_VALID,Params: (String industry)
lib/services/marketing_share_service.dart,120,Method/Function,MarketingShareService.Exception,throw,Public,STATICALLY_VALID,"Params: (""لم نتمكن من تحميل أي صورة للمشاركة"")"
lib/services/media_merge_service.dart,22,Class,MediaMergeService,GetxService,Public,STATICALLY_VALID,Extends GetxService
lib/services/media_merge_service.dart,79,Method/Function,MediaMergeService._analyzeSmartPosition,await,Private,STATICALLY_VALID,"Params: (productImage, videoPath, customPrompt)"
lib/services/media_merge_service.dart,135,Method/Function,MediaMergeService._removeBackgroundFromImage,Future<File?>,Private,STATICALLY_VALID,Params: (File image)
lib/services/media_merge_service.dart,303,Method/Function,MediaMergeService.resetSettings,void,Public,STATICALLY_VALID,Params: ()
lib/services/media_merge_service.dart,316,Method/Function,MediaMergeService._updateStatus,void,Private,STATICALLY_VALID,"Params: (String message, double prog)"
lib/services/media_processing_service.dart,16,Class,MediaProcessingResult,,Public,STATICALLY_VALID,Base Class
lib/services/media_processing_service.dart,58,Class,MediaProcessingService,GetxService,Public,STATICALLY_VALID,Extends GetxService
lib/services/media_processing_service.dart,72,Method/Function,MediaProcessingService.isAvailable,Future<bool>,Public,STATICALLY_VALID,Params: ()
lib/services/media_processing_service.dart,77,Method/Function,MediaProcessingService.cancelAll,void,Public,STATICALLY_VALID,Params: ()
lib/services/media_processing_service.dart,88,Method/Function,MediaProcessingService.extractKeyFrames,Future<List<Uint8List>>,Public,STATICALLY_VALID,"Params: (File videoFile, {int count = 3})"
lib/services/media_processing_service.dart,201,Method/Function,MediaProcessingService.extractAudio,Future<String?>,Public,STATICALLY_VALID,Params: (String videoPath)
lib/services/media_processing_service.dart,300,Method/Function,MediaProcessingService.renderProject,Future<String?>,Public,STATICALLY_VALID,"Params: (VideoProject project, {Function(String)"
lib/services/media_processing_service.dart,410,Method/Function,MediaProcessingService._pollRenderJob,Future<String?>,Private,STATICALLY_VALID,"Params: (String jobId, Function(String)"
lib/services/openai_service.dart,7,Class,OpenAIService,AIProvider,Public,STATICALLY_VALID,Extends AIProvider
lib/services/openai_service.dart,58,Method/Function,OpenAIService.Exception,throw,Public,STATICALLY_VALID,"Params: (""OpenAI API Error (${response.statusCode...)"
lib/services/openai_service.dart,62,Method/Function,OpenAIService.Exception,throw,Public,STATICALLY_VALID,"Params: (""🚫 تم إلغاء طلب OpenAI."")"
lib/services/openai_service.dart,64,Method/Function,OpenAIService.Exception,throw,Public,STATICALLY_VALID,"Params: (""OpenAI Connection Error: $e"")"
lib/services/openai_service.dart,75,Method/Function,OpenAIService.UnimplementedError,throw,Public,STATICALLY_VALID,Params: ()
lib/services/openai_service.dart,85,Method/Function,OpenAIService.UnimplementedError,throw,Public,STATICALLY_VALID,Params: ()
lib/services/openai_service.dart,89,Method/Function,OpenAIService.testConnection,Future<bool>,Public,STATICALLY_VALID,Params: (String apiKey)
lib/services/openai_service.dart,91,Method/Function,OpenAIService.generateText,await,Public,STATICALLY_VALID,"Params: (""Test"", apiKey: apiKey)"
lib/services/openai_service.dart,105,Method/Function,OpenAIService.UnimplementedError,throw,Public,STATICALLY_VALID,Params: ()
lib/services/openai_service.dart,111,Method/Function,OpenAIService.UnimplementedError,throw,Public,STATICALLY_VALID,Params: ()
lib/services/permissions_sync_service.dart,10,Class,PermissionsSyncService,GetxService,Public,STATICALLY_VALID,Extends GetxService
lib/services/permissions_sync_service.dart,99,Method/Function,PermissionsSyncService.syncAllPermissionsToCloud,Future<void>,Public,STATICALLY_VALID,Params: ()
lib/services/permissions_sync_service.dart,150,Method/Function,PermissionsSyncService.syncUIControlsToCloud,Future<void>,Public,STATICALLY_VALID,Params: ()
lib/services/permissions_sync_service.dart,194,Method/Function,PermissionsSyncService.getPermissionDocId,String,Public,STATICALLY_VALID,"Params: (String userId, String controlName)"
lib/services/permissions_sync_service.dart,223,Method/Function,PermissionsSyncService._updateUserPermissionCount,Future<void>,Private,STATICALLY_VALID,Params: (String userId)
lib/services/permissions_sync_service.dart,237,Method/Function,PermissionsSyncService.watchUserPermissions,Stream<QuerySnapshot>,Public,STATICALLY_VALID,Params: (String userId)
lib/services/permissions_sync_service.dart,247,Method/Function,PermissionsSyncService.setupRealtimeSync,void,Public,STATICALLY_VALID,"Params: (String firebaseUid, int localId)"
lib/services/permissions_sync_service.dart,254,Method/Function,PermissionsSyncService.deleteUserPermissionsFromCloud,Future<void>,Public,STATICALLY_VALID,Params: (String userId)
lib/services/permissions_sync_service.dart,274,Method/Function,PermissionsSyncService.checkCloudConnection,Future<bool>,Public,STATICALLY_VALID,Params: ()
lib/services/permissions_sync_service.dart,288,Method/Function,PermissionsSyncService.fullSync,Future<void>,Public,STATICALLY_VALID,Params: (String userId)
lib/services/permissions_sync_service.dart,311,Method/Function,PermissionsSyncService.Exception,throw,Public,STATICALLY_VALID,Params: ('لا يوجد اتصال بالإنترنت')
lib/services/permissions_sync_service.dart,315,Method/Function,PermissionsSyncService.syncUserPermissionsFromCloud,await,Public,STATICALLY_VALID,"Params: (firebaseUid, localId)"
lib/services/permissions_sync_service.dart,369,Method/Function,PermissionsSyncService.onClose,void,Public,STATICALLY_VALID,Params: ()
lib/services/product_matching_service.dart,16,Class,ProductMatchingResult,,Public,STATICALLY_VALID,Base Class
lib/services/product_matching_service.dart,32,Class,ProductMatchingService,GetxService,Public,STATICALLY_VALID,Extends GetxService
lib/services/product_matching_service.dart,35,Method/Function,ProductMatchingService.calculateJaccardSimilarity,double,Public,STATICALLY_VALID,"Params: (String s1, String s2)"
lib/services/product_matching_service.dart,70,Method/Function,ProductMatchingService.findMatches,List<ProductMatchingResult>,Public,STATICALLY_VALID,"Params: (Map<String, String> aiData, List<Catalog...)"
lib/services/product_memory_service.dart,9,Class,ProductMemoryService,GetxService,Public,STATICALLY_VALID,Extends GetxService
lib/services/product_memory_service.dart,64,Method/Function,ProductMemoryService.getLastProduct,Future<ProductMemoryModel?>,Public,STATICALLY_VALID,Params: (String userId)
lib/services/product_memory_service.dart,99,Method/Function,ProductMemoryService.clearProductMemory,Future<void>,Public,STATICALLY_VALID,Params: (String userId)
lib/services/product_memory_service.dart,120,Method/Function,ProductMemoryService.hasProductMemory,Future<bool>,Public,STATICALLY_VALID,Params: (String userId)
lib/services/product_memory_service.dart,141,Method/Function,ProductMemoryService.updateLastUsed,Future<void>,Public,STATICALLY_VALID,Params: (String userId)
lib/services/product_photography_service.dart,27,Class,ProductPhotographyService,GetxService,Public,STATICALLY_VALID,Extends GetxService
lib/services/product_photography_service.dart,36,Method/Function,ProductPhotographyService.analyzeProduct,Future<ProductAnalysis>,Public,STATICALLY_VALID,"Params: (File productImage, {File? templateImage})"
lib/services/product_photography_service.dart,181,Method/Function,ProductPhotographyService.Exception,throw,Public,STATICALLY_VALID,Params: ('مفتاح Gemini API غير موجود')
lib/services/product_photography_service.dart,580,Method/Function,ProductPhotographyService._createFallbackAnalysis,"Map<String,",Private,STATICALLY_VALID,Params: (String rawResponse)
lib/services/profile_sync_service.dart,11,Class,ProfileSyncService,GetxService,Public,STATICALLY_VALID,Extends GetxService
lib/services/profile_sync_service.dart,20,Method/Function,ProfileSyncService.syncProfile,Future<void>,Public,STATICALLY_VALID,Params: ()
lib/services/profile_sync_service.dart,99,Method/Function,ProfileSyncService._isLocalPath,bool,Private,STATICALLY_VALID,Params: (String path)
lib/services/referral_service.dart,8,Class,ReferralService,GetxService,Public,STATICALLY_VALID,Extends GetxService
lib/services/referral_service.dart,13,Method/Function,ReferralService.onInit,void,Public,STATICALLY_VALID,Params: ()
lib/services/referral_service.dart,18,Method/Function,ReferralService._initDeepLinks,Future<void>,Private,STATICALLY_VALID,Params: ()
lib/services/referral_service.dart,37,Method/Function,ReferralService._handleDeepLink,void,Private,STATICALLY_VALID,Params: (Uri uri)
lib/services/referral_service.dart,44,Method/Function,ReferralService._saveReferral,await,Private,STATICALLY_VALID,Params: (refCode)
lib/services/referral_service.dart,48,Method/Function,ReferralService._saveReferral,Future<void>,Private,STATICALLY_VALID,Params: (String referrerCode)
lib/services/referral_service.dart,72,Method/Function,ReferralService.shareApp,void,Public,STATICALLY_VALID,Params: ()
lib/services/remotion_service.dart,16,Class,RemotionService,GetxService,Public,STATICALLY_VALID,Extends GetxService
lib/services/remotion_service.dart,21,Method/Function,RemotionService.onInit,void,Public,STATICALLY_VALID,Params: ()
lib/services/remotion_service.dart,29,Method/Function,RemotionService.composeProject,Future<VideoProject?>,Public,STATICALLY_VALID,Params: (String prompt)
lib/services/remotion_service.dart,109,Method/Function,RemotionService.renderProject,Future<String?>,Public,STATICALLY_VALID,"Params: (VideoProject project, {Function(String)"
lib/services/remotion_service.dart,124,Method/Function,RemotionService._renderMobile,Future<String?>,Private,STATICALLY_VALID,"Params: (VideoProject project, Function(String)"
lib/services/remotion_service.dart,130,Method/Function,RemotionService._renderDesktop,Future<String?>,Private,STATICALLY_VALID,"Params: (VideoProject project, Function(String)"
lib/services/secure_storage_service.dart,5,Class,SecureStorageService,GetxService,Public,STATICALLY_VALID,Extends GetxService
lib/services/secure_storage_service.dart,8,Method/Function,SecureStorageService.saveApiKey,Future<void>,Public,STATICALLY_VALID,"Params: (String provider, String key)"
lib/services/secure_storage_service.dart,12,Method/Function,SecureStorageService.getApiKey,Future<String>,Public,STATICALLY_VALID,Params: (String provider)
lib/services/secure_storage_service.dart,16,Method/Function,SecureStorageService.deleteApiKey,Future<void>,Public,STATICALLY_VALID,Params: (String provider)
lib/services/secure_storage_service.dart,21,Method/Function,SecureStorageService.saveSecretKey,Future<void>,Public,STATICALLY_VALID,"Params: (ProviderType type, String key)"
lib/services/secure_storage_service.dart,25,Method/Function,SecureStorageService.getSecretKey,Future<String>,Public,STATICALLY_VALID,Params: (ProviderType type)
lib/services/secure_storage_service.dart,30,Method/Function,SecureStorageService.saveGeminiToken,Future<void>,Public,STATICALLY_VALID,Params: (String token)
lib/services/secure_storage_service.dart,34,Method/Function,SecureStorageService.getGeminiToken,Future<String>,Public,STATICALLY_VALID,Params: ()
lib/services/secure_storage_service.dart,38,Method/Function,SecureStorageService.deleteGeminiToken,Future<void>,Public,STATICALLY_VALID,Params: ()
lib/services/secure_storage_service.dart,43,Method/Function,SecureStorageService.saveInstagramToken,Future<void>,Public,STATICALLY_VALID,Params: (String token)
lib/services/secure_storage_service.dart,47,Method/Function,SecureStorageService.getInstagramToken,Future<String>,Public,STATICALLY_VALID,Params: ()
lib/services/secure_storage_service.dart,51,Method/Function,SecureStorageService.deleteInstagramToken,Future<void>,Public,STATICALLY_VALID,Params: ()
lib/services/secure_storage_service.dart,56,Method/Function,SecureStorageService.saveInstagramState,Future<void>,Public,STATICALLY_VALID,Params: (String state)
lib/services/secure_storage_service.dart,60,Method/Function,SecureStorageService.getInstagramState,Future<String>,Public,STATICALLY_VALID,Params: ()
lib/services/secure_storage_service.dart,65,Method/Function,SecureStorageService.saveTikTokToken,Future<void>,Public,STATICALLY_VALID,Params: (String token)
lib/services/secure_storage_service.dart,69,Method/Function,SecureStorageService.getTikTokToken,Future<String>,Public,STATICALLY_VALID,Params: ()
lib/services/secure_storage_service.dart,73,Method/Function,SecureStorageService.deleteTikTokToken,Future<void>,Public,STATICALLY_VALID,Params: ()
lib/services/secure_storage_service.dart,78,Method/Function,SecureStorageService.saveTikTokRefreshToken,Future<void>,Public,STATICALLY_VALID,Params: (String token)
lib/services/secure_storage_service.dart,82,Method/Function,SecureStorageService.getTikTokRefreshToken,Future<String>,Public,STATICALLY_VALID,Params: ()
lib/services/secure_storage_service.dart,86,Method/Function,SecureStorageService.deleteTikTokRefreshToken,Future<void>,Public,STATICALLY_VALID,Params: ()
lib/services/secure_storage_service.dart,91,Method/Function,SecureStorageService.saveTikTokState,Future<void>,Public,STATICALLY_VALID,Params: (String state)
lib/services/secure_storage_service.dart,95,Method/Function,SecureStorageService.getTikTokState,Future<String>,Public,STATICALLY_VALID,Params: ()
lib/services/secure_storage_service.dart,100,Method/Function,SecureStorageService.saveTikTokCodeVerifier,Future<void>,Public,STATICALLY_VALID,Params: (String verifier)
lib/services/secure_storage_service.dart,104,Method/Function,SecureStorageService.getTikTokCodeVerifier,Future<String>,Public,STATICALLY_VALID,Params: ()
lib/services/secure_storage_service.dart,108,Method/Function,SecureStorageService.clearAll,Future<void>,Public,STATICALLY_VALID,Params: ()
lib/services/secure_storage_service.dart,137,Method/Function,SecureStorageService.hasStoreSignature,Future<bool>,Public,STATICALLY_VALID,Params: ()
lib/services/serpapi_master_service.dart,10,Class,SerpApiMasterService,,Public,STATICALLY_VALID,Base Class
lib/services/serpapi_master_service.dart,13,Method/Function,SerpApiMasterService.SerpApiMasterService,factory,Public,STATICALLY_VALID,Params: ()
lib/services/serpapi_master_service.dart,20,Method/Function,SerpApiMasterService._ensureApiKey,Future<void>,Private,STATICALLY_VALID,Params: ()
lib/services/serpapi_master_service.dart,40,Method/Function,SerpApiMasterService.Exception,throw,Public,STATICALLY_VALID,Params: ('لم يتم إعداد مفتاح SerpApi. يرجى إضافته...)
lib/services/serpapi_master_service.dart,44,Method/Function,SerpApiMasterService._checkInternetConnection,Future<bool>,Private,STATICALLY_VALID,Params: ()
lib/services/serpapi_master_service.dart,54,Method/Function,SerpApiMasterService.setApiKey,Future<void>,Public,STATICALLY_VALID,Params: (String key)
lib/services/serpapi_master_service.dart,57,Method/Function,SerpApiMasterService.Exception,throw,Public,STATICALLY_VALID,Params: ('API key cannot be empty')
lib/services/serpapi_master_service.dart,69,Method/Function,SerpApiMasterService._ensureApiKey,await,Private,STATICALLY_VALID,Params: ()
lib/services/serpapi_master_service.dart,79,Method/Function,SerpApiMasterService.Exception,throw,Public,STATICALLY_VALID,Params: ('فشل جلب الحساب (${response.statusCode})
lib/services/serpapi_master_service.dart,82,Method/Function,SerpApiMasterService.Exception,throw,Public,STATICALLY_VALID,Params: ('فشل جلب الحساب: استجابة غير متوقعة من ا...)
lib/services/serpapi_master_service.dart,85,Method/Function,SerpApiMasterService.Exception,throw,Public,STATICALLY_VALID,Params: ('🚫 تم إلغاء جلب بيانات الحساب')
lib/services/serpapi_master_service.dart,102,Method/Function,SerpApiMasterService._ensureApiKey,await,Private,STATICALLY_VALID,Params: ()
lib/services/serpapi_master_service.dart,131,Method/Function,SerpApiMasterService.Exception,throw,Public,STATICALLY_VALID,Params: ('خطأ من SerpApi: استجابة غير متوقعة من ا...)
lib/services/serpapi_master_service.dart,134,Method/Function,SerpApiMasterService.Exception,throw,Public,STATICALLY_VALID,Params: ('🚫 تم إلغاء طلب البحث')
lib/services/serpapi_services.dart,7,Class,GoogleLensService,,Public,STATICALLY_VALID,Base Class
lib/services/serpapi_services.dart,10,Method/Function,GoogleLensService.analyzeImage,Future<String>,Public,STATICALLY_VALID,"Params: (String imageUrl, {dio.CancelToken? cance...)"
lib/services/serpapi_services.dart,57,Class,GoogleTrendsService,,Public,STATICALLY_VALID,Base Class
lib/services/serpapi_services.dart,77,Method/Function,GoogleTrendsService.getTrends,Future<String>,Public,STATICALLY_VALID,"Params: (String query, {dio.CancelToken? cancelTo...)"
lib/services/serpapi_services.dart,84,Class,SocialProfileService,,Public,STATICALLY_VALID,Base Class
lib/services/serpapi_services.dart,117,Class,YoutubeSearchService,,Public,STATICALLY_VALID,Base Class
lib/services/serpapi_services.dart,151,Method/Function,YoutubeSearchService._normalizeYoutubeItem,"Map<String,",Private,STATICALLY_VALID,"Params: (Map<String, dynamic> v)"
lib/services/serpapi_services.dart,187,Class,AmazonProductService,,Public,STATICALLY_VALID,Base Class
lib/services/serpapi_services.dart,209,Class,GoogleNewsService,,Public,STATICALLY_VALID,Base Class
lib/services/serpapi_services.dart,231,Class,GoogleShoppingService,,Public,STATICALLY_VALID,Base Class
lib/services/serpapi_services.dart,253,Class,GoogleReverseImageService,,Public,STATICALLY_VALID,Base Class
lib/services/serpapi_services.dart,254,Method/Function,GoogleReverseImageService.findImageSources,Future<String>,Public,STATICALLY_VALID,"Params: (File image, {dio.CancelToken? cancelToke...)"
lib/services/serpapi_services.dart,260,Class,GoogleShortVideosService,,Public,STATICALLY_VALID,Base Class
lib/services/serpapi_services.dart,339,Class,SocialInsightScraperService,,Public,STATICALLY_VALID,Base Class
lib/services/serpapi_services.dart,382,Class,BingCopilotService,,Public,STATICALLY_VALID,Base Class
lib/services/serpapi_services.dart,403,Class,GoogleImagesService,,Public,STATICALLY_VALID,Base Class
lib/services/serpapi_services.dart,425,Class,BingImagesService,,Public,STATICALLY_VALID,Base Class
lib/services/serpapi_services.dart,446,Class,GoogleSearchService,,Public,STATICALLY_VALID,Base Class
lib/services/serpapi_services.dart,466,Method/Function,GoogleSearchService._formatResults,"Map<String,",Private,STATICALLY_VALID,"Params: (Map<String, dynamic> data)"
lib/services/serpapi_services.dart,518,Class,VisualExpansionService,,Public,STATICALLY_VALID,Base Class
lib/services/subscription_service.dart,7,Class,SubscriptionService,GetxController,Public,STATICALLY_VALID,Extends GetxController
lib/services/subscription_service.dart,18,Method/Function,SubscriptionService.buySubscription,Future<void>,Public,STATICALLY_VALID,Params: ()
lib/services/subscription_service.dart,30,Method/Function,SubscriptionService.restorePurchases,Future<void>,Public,STATICALLY_VALID,Params: ()
lib/services/subscription_service.dart,80,Method/Function,SubscriptionService.checkAndRefreshSubscription,Future<void>,Public,STATICALLY_VALID,Params: (String uid)
lib/services/subscription_service.dart,109,Method/Function,SubscriptionService.revokeSubscription,Future<bool>,Public,STATICALLY_VALID,Params: (String uid)
lib/services/telegram_service.dart,11,Class,TelegramService,GetxService,Public,STATICALLY_VALID,Extends GetxService
lib/services/telegram_service.dart,21,Method/Function,TelegramService.sendMessage,Future<bool>,Public,STATICALLY_VALID,Params: (String text)
lib/services/telegram_service.dart,60,Method/Function,TelegramService.sendPhoto,Future<bool>,Public,STATICALLY_VALID,"Params: (File imageFile, {String? caption})"
lib/services/telegram_service.dart,101,Method/Function,TelegramService.sendVideo,Future<bool>,Public,STATICALLY_VALID,"Params: (File videoFile, {String? caption})"
lib/services/tiktok_account_service.dart,17,Class,TikTokAccountService,GetxService,Public,STATICALLY_VALID,Extends GetxService
lib/services/tiktok_account_service.dart,48,Method/Function,TikTokAccountService.onInit,void,Public,STATICALLY_VALID,Params: ()
lib/services/tiktok_account_service.dart,54,Method/Function,TikTokAccountService._checkConnectionStatus,Future<void>,Private,STATICALLY_VALID,Params: ()
lib/services/tiktok_account_service.dart,63,Method/Function,TikTokAccountService._fetchTikTokProfile,await,Private,STATICALLY_VALID,Params: (token)
lib/services/tiktok_account_service.dart,66,Method/Function,TikTokAccountService._tryRefreshToken,await,Private,STATICALLY_VALID,Params: ()
lib/services/tiktok_account_service.dart,69,Method/Function,TikTokAccountService._loadTokenFromFirestore,await,Private,STATICALLY_VALID,Params: ()
lib/services/tiktok_account_service.dart,79,Method/Function,TikTokAccountService.connectTikTok,Future<void>,Public,STATICALLY_VALID,Params: ()
lib/services/tiktok_account_service.dart,113,Method/Function,TikTokAccountService.launchUrl,await,Public,STATICALLY_VALID,"Params: (uri, mode: LaunchMode.externalApplicatio...)"
lib/services/tiktok_account_service.dart,128,Method/Function,TikTokAccountService.handleAuthCallback,Future<bool>,Public,STATICALLY_VALID,Params: (Uri uri)
lib/services/tiktok_account_service.dart,166,Method/Function,TikTokAccountService._saveTokenToFirestore,await,Private,STATICALLY_VALID,"Params: (accessToken, refreshToken)"
lib/services/tiktok_account_service.dart,169,Method/Function,TikTokAccountService._fetchTikTokProfile,await,Private,STATICALLY_VALID,Params: (accessToken)
lib/services/tiktok_account_service.dart,187,Method/Function,TikTokAccountService.disconnectTikTok,Future<void>,Public,STATICALLY_VALID,Params: ()
lib/services/tiktok_account_service.dart,222,Method/Function,TikTokAccountService._getClientKey,Future<String>,Private,STATICALLY_VALID,Params: ()
lib/services/tiktok_account_service.dart,248,Method/Function,TikTokAccountService._getClientSecret,Future<String>,Private,STATICALLY_VALID,Params: ()
lib/services/tiktok_account_service.dart,307,Method/Function,TikTokAccountService._fetchTikTokProfile,Future<void>,Private,STATICALLY_VALID,Params: (String token)
lib/services/tiktok_account_service.dart,393,Method/Function,TikTokAccountService._validateToken,Future<bool>,Private,STATICALLY_VALID,Params: (String token)
lib/services/tiktok_account_service.dart,406,Method/Function,TikTokAccountService._tryRefreshToken,Future<void>,Private,STATICALLY_VALID,Params: ()
lib/services/tiktok_account_service.dart,440,Method/Function,TikTokAccountService._saveTokenToFirestore,await,Private,STATICALLY_VALID,"Params: (newToken, newRefresh)"
lib/services/tiktok_account_service.dart,442,Method/Function,TikTokAccountService._fetchTikTokProfile,await,Private,STATICALLY_VALID,Params: (newToken)
lib/services/tiktok_account_service.dart,460,Method/Function,TikTokAccountService._saveTokenToFirestore,Future<void>,Private,STATICALLY_VALID,"Params: (String token, String? refreshToken)"
lib/services/tiktok_account_service.dart,485,Method/Function,TikTokAccountService._loadTokenFromFirestore,Future<void>,Private,STATICALLY_VALID,Params: ()
lib/services/tiktok_account_service.dart,507,Method/Function,TikTokAccountService._fetchTikTokProfile,await,Private,STATICALLY_VALID,Params: (token)
lib/services/tiktok_account_service.dart,524,Method/Function,TikTokAccountService._generateState,String,Private,STATICALLY_VALID,Params: ()
lib/services/tiktok_service.dart,12,Class,TikTokService,,Public,STATICALLY_VALID,Base Class
lib/services/tiktok_service.dart,16,Method/Function,TikTokService.parseSafe,String,Public,STATICALLY_VALID,"Params: (dynamic value, {String fallback = ''})"
lib/services/tiktok_service.dart,43,Method/Function,TikTokService.generateAuthUrl,String,Public,STATICALLY_VALID,Params: ()
lib/services/tiktok_service.dart,65,Method/Function,TikTokService.testConnection,Future<bool>,Public,STATICALLY_VALID,Params: ()
lib/services/tiktok_service.dart,90,Method/Function,TikTokService.Exception,throw,Public,STATICALLY_VALID,"Params: (""مفتاح Apify غير صحيح (401)"
lib/services/tiktok_service.dart,99,Method/Function,TikTokService._getRunsEndpoint,String,Private,STATICALLY_VALID,Params: (String actorId)
lib/services/tiktok_service.dart,101,Method/Function,TikTokService._getRunStatusEndpoint,String,Private,STATICALLY_VALID,Params: (String runId)
lib/services/tiktok_service.dart,115,Method/Function,TikTokService.isGeneric,bool,Public,STATICALLY_VALID,Params: (String? s)
lib/services/tiktok_service.dart,184,Method/Function,TikTokService._cleanProductName,String,Private,STATICALLY_VALID,Params: (String text)
lib/services/tiktok_service.dart,353,Method/Function,TikTokService.Exception,throw,Public,STATICALLY_VALID,"Params: (""فشل تشغيل الكاشط: $e"")"
lib/services/tiktok_service.dart,360,Method/Function,TikTokService.Exception,throw,Public,STATICALLY_VALID,Params: ('فشل بدء التشغيل: استجابة غير صالحة')
lib/services/tiktok_service.dart,366,Method/Function,TikTokService._waitForRunToFinish,await,Private,STATICALLY_VALID,"Params: (usedActorId, runId)"
lib/services/tiktok_service.dart,473,Method/Function,TikTokService._videoToResult,"Map<String,",Private,STATICALLY_VALID,Params: (TikTokVideo v)
lib/services/tiktok_service.dart,529,Method/Function,TikTokService.Exception,throw,Public,STATICALLY_VALID,Params: ('فشل بدء التشغيل: ${response.statusCode}...)
lib/services/tiktok_service.dart,534,Method/Function,TikTokService._waitForRunToFinish,Future<void>,Private,STATICALLY_VALID,"Params: (String actorId, String runId)"
lib/services/tiktok_service.dart,550,Method/Function,TikTokService.Exception,throw,Public,STATICALLY_VALID,Params: ('فشل التشغيل في Apify: $status')
lib/services/tiktok_service.dart,557,Method/Function,TikTokService._fetchDatasetItems,Future<List<dynamic>>,Private,STATICALLY_VALID,Params: (String datasetId)
lib/services/tiktok_service.dart,565,Method/Function,TikTokService.Exception,throw,Public,STATICALLY_VALID,Params: ('فشل جلب البيانات: ${response.statusCode...)
lib/services/tiktok_service.dart,633,Method/Function,TikTokService._isHighQualityTrend,bool,Private,STATICALLY_VALID,"Params: (TikTokVideo v, {String mode = 'general'})"
lib/services/tiktok_service.dart,725,Method/Function,TikTokService.getSuggestedHashtags,List<String>,Public,STATICALLY_VALID,Params: (String category)
lib/services/unified_ai_service.dart,33,Class,UnifiedAIService,GetxService,Public,STATICALLY_VALID,Extends GetxService
lib/services/unified_ai_service.dart,43,Method/Function,UnifiedAIService._getEffectiveKey,Future<String?>,Private,STATICALLY_VALID,Params: (ProviderType provider)
lib/services/unified_ai_service.dart,51,Method/Function,UnifiedAIService._getGeminiKey,Future<String>,Private,STATICALLY_VALID,Params: ()
lib/services/unified_ai_service.dart,57,Method/Function,UnifiedAIService.classifyUserIntent,Future<AIIntentResult>,Public,STATICALLY_VALID,"Params: (String userText, {File? image, dio.Cance...)"
lib/services/unified_ai_service.dart,122,Method/Function,UnifiedAIService.Exception,throw,Public,STATICALLY_VALID,"Params: (""مفتاح Gemini غير موجود في الإعدادات"")"
lib/services/unified_ai_service.dart,194,Method/Function,UnifiedAIService.generateDescription,Future<String>,Public,STATICALLY_VALID,"Params: (File image, {dio.CancelToken? cancelToke...)"
lib/services/unified_ai_service.dart,219,Method/Function,UnifiedAIService.generateHashtags,Future<String>,Public,STATICALLY_VALID,"Params: (File image, {dio.CancelToken? cancelToke...)"
lib/services/unified_ai_service.dart,233,Method/Function,UnifiedAIService.generateScript,Future<String>,Public,STATICALLY_VALID,"Params: (String topic, {String tone = 'مرح', dio....)"
lib/services/unified_ai_service.dart,259,Method/Function,UnifiedAIService.generateMarketingAd,Future<String>,Public,STATICALLY_VALID,"Params: (String product, {File? image, dio.Cancel...)"
lib/services/unified_ai_service.dart,338,Method/Function,UnifiedAIService.suggestViralHooks,Future<String>,Public,STATICALLY_VALID,"Params: (String topic, {dio.CancelToken? cancelTo...)"
lib/services/unified_ai_service.dart,373,Method/Function,UnifiedAIService.Exception,throw,Public,STATICALLY_VALID,Params: (res['error'] ?? 'AI generation failed')
lib/services/unified_ai_service.dart,553,Method/Function,UnifiedAIService.generateVideo,Future<String>,Public,STATICALLY_VALID,"Params: (File image, {String? prompt, dio.CancelT...)"
lib/services/unified_ai_service.dart,590,Method/Function,UnifiedAIService.generateVideoPrompt,Future<String>,Public,STATICALLY_VALID,"Params: (File image, {dio.CancelToken? cancelToke...)"
lib/services/unified_ai_service.dart,672,Method/Function,UnifiedAIService.FORMAT,OUTPUT,Public,STATICALLY_VALID,Params: (STRICT)
lib/services/unified_ai_service.dart,828,Method/Function,UnifiedAIService.Exception,throw,Public,STATICALLY_VALID,"Params: (""Integrated Batch request failed: ${resp...)"
lib/services/unified_backend_service.dart,8,Class,UnifiedBackendService,GetxService,Public,STATICALLY_VALID,Extends GetxService
lib/services/unified_backend_service.dart,14,Method/Function,UnifiedBackendService.callSmartAI,Future<String>,Public,STATICALLY_VALID,Params: (String prompt)
lib/services/unified_backend_service.dart,40,Method/Function,UnifiedBackendService.Exception,throw,Public,STATICALLY_VALID,"Params: (errorData['error'] ?? ""Server error: ${r...)"
lib/services/vertex_ai_service.dart,19,Class,VertexAiService,GetxService,Public,STATICALLY_VALID,Extends GetxService
lib/services/vertex_ai_service.dart,88,Method/Function,VertexAiService.Exception,throw,Public,STATICALLY_VALID,Params: ('[VertexAI] لا توجد صور للتحليل.')
lib/services/vertex_ai_service.dart,101,Method/Function,VertexAiService.testConnection,Future<bool>,Public,STATICALLY_VALID,Params: (String apiKey)
lib/services/vertex_ai_service.dart,143,Method/Function,VertexAiService.UnimplementedError,throw,Public,STATICALLY_VALID,"Params: (""Video generation not supported by Verte...)"
lib/services/vertex_ai_service.dart,148,Method/Function,VertexAiService.UnimplementedError,throw,Public,STATICALLY_VALID,"Params: (""Task status check not supported by Vert...)"
lib/services/vertex_ai_service.dart,241,Method/Function,VertexAiService.Exception,throw,Public,STATICALLY_VALID,Params: ('VertexAI ($errorCode)
lib/services/video_pipeline_service.dart,27,Class,PipelineStatus,,Public,STATICALLY_VALID,Base Class
lib/services/video_pipeline_service.dart,39,Class,VideoPipelineService,GetxService,Public,STATICALLY_VALID,Extends GetxService
lib/services/video_pipeline_service.dart,46,Method/Function,VideoPipelineService.cancelProcess,void,Public,STATICALLY_VALID,Params: ()
lib/services/video_pipeline_service.dart,160,Method/Function,VideoPipelineService.Exception,throw,Public,STATICALLY_VALID,"Params: (""فشل $providerName في توليد المهمة"")"
lib/services/video_pipeline_service.dart,198,Method/Function,VideoPipelineService.Exception,throw,Public,STATICALLY_VALID,"Params: (""فشل التوليد في Higgsfield AI: $errorMsg...)"
lib/services/video_pipeline_service.dart,214,Method/Function,VideoPipelineService.Exception,throw,Public,STATICALLY_VALID,"Params: (""فشل التوليد في OpenRouter: ${data['erro...)"
lib/services/video_pipeline_service.dart,231,Method/Function,VideoPipelineService.Exception,throw,Public,STATICALLY_VALID,"Params: (""فشل التوليد في Kling AI: $errorMsg"")"
lib/services/video_pipeline_service.dart,265,Method/Function,VideoPipelineService.Exception,throw,Public,STATICALLY_VALID,"Params: (""انتهى وقت الانتظار لتوليد الفيديو في $p...)"
lib/services/whatsapp_sync_service.dart,10,Class,WhatsAppSyncService,GetxService,Public,STATICALLY_VALID,Extends GetxService
lib/services/whatsapp_sync_service.dart,21,Method/Function,WhatsAppSyncService._getAuthToken,Future<String?>,Private,STATICALLY_VALID,Params: ()
lib/services/whatsapp_sync_service.dart,32,Method/Function,WhatsAppSyncService.getConfig,Future<WhatsAppSyncConfig>,Public,STATICALLY_VALID,Params: ()
lib/services/whatsapp_sync_service.dart,57,Method/Function,WhatsAppSyncService.saveConfig,Future<bool>,Public,STATICALLY_VALID,Params: (WhatsAppSyncConfig config)
lib/services/whatsapp_sync_service.dart,110,Method/Function,WhatsAppSyncService.getPendingDrafts,Future<List<WhatsAppDraftModel>>,Public,STATICALLY_VALID,Params: ()
lib/theme/app_theme.dart,4,Class,AppTheme,,Public,STATICALLY_VALID,Base Class
lib/utils/logger.dart,3,Class,AppLogger,,Public,STATICALLY_VALID,Base Class
lib/widgets/account_picker_sheet.dart,6,Class,AccountPickerSheet,StatelessWidget,Public,STATICALLY_VALID,Extends StatelessWidget
lib/widgets/account_picker_sheet.dart,7,Method/Function,AccountPickerSheet.AccountPickerSheet,const,Public,STATICALLY_VALID,Params: ({super.key})
lib/widgets/account_picker_sheet.dart,10,Method/Function,AccountPickerSheet.build,Widget,Public,STATICALLY_VALID,Params: (BuildContext context)
lib/widgets/account_picker_sheet.dart,36,Method/Function,AccountPickerSheet.Spacer,const,Public,STATICALLY_VALID,Params: ()
lib/widgets/account_picker_sheet.dart,41,Method/Function,AccountPickerSheet.Spacer,const,Public,STATICALLY_VALID,Params: (flex: 2)
lib/widgets/account_picker_sheet.dart,46,Method/Function,AccountPickerSheet.SizedBox,const,Public,STATICALLY_VALID,Params: (height: 10)
lib/widgets/account_picker_sheet.dart,49,Method/Function,AccountPickerSheet.SizedBox,const,Public,STATICALLY_VALID,Params: (height: 20)
lib/widgets/account_picker_sheet.dart,52,Method/Function,AccountPickerSheet.SizedBox,const,Public,STATICALLY_VALID,Params: (height: 20)
lib/widgets/account_picker_sheet.dart,53,Method/Function,AccountPickerSheet.Divider,const,Public,STATICALLY_VALID,"Params: (color: Colors.white10, height: 1)"
lib/widgets/account_picker_sheet.dart,75,Method/Function,AccountPickerSheet.Divider,const,Public,STATICALLY_VALID,"Params: (color: Colors.white10, height: 1)"
lib/widgets/account_picker_sheet.dart,86,Method/Function,AccountPickerSheet.SizedBox,const,Public,STATICALLY_VALID,Params: (height: 10)
lib/widgets/account_picker_sheet.dart,93,Method/Function,AccountPickerSheet._buildMainProfile,Widget,Private,STATICALLY_VALID,"Params: (String name, String photoUrl)"
lib/widgets/account_picker_sheet.dart,129,Method/Function,AccountPickerSheet.SizedBox,const,Public,STATICALLY_VALID,Params: (height: 12)
lib/widgets/account_picker_sheet.dart,142,Method/Function,AccountPickerSheet._buildManageButton,Widget,Private,STATICALLY_VALID,Params: ()
lib/widgets/account_picker_sheet.dart,187,Method/Function,AccountPickerSheet._buildActionTile,Widget,Private,STATICALLY_VALID,"Params: (IconData icon, String title, VoidCallbac...)"
lib/widgets/api_key_status_indicator.dart,5,Class,ApiKeyStatusIndicator,StatelessWidget,Public,STATICALLY_VALID,Extends StatelessWidget
lib/widgets/api_key_status_indicator.dart,6,Method/Function,ApiKeyStatusIndicator.ApiKeyStatusIndicator,const,Public,STATICALLY_VALID,Params: ({super.key})
lib/widgets/api_key_status_indicator.dart,9,Method/Function,ApiKeyStatusIndicator.build,Widget,Public,STATICALLY_VALID,Params: (BuildContext context)
lib/widgets/chat_bubble.dart,31,Class,ChatBubble,StatefulWidget,Public,STATICALLY_VALID,Extends StatefulWidget
lib/widgets/chat_bubble.dart,92,Method/Function,ChatBubble.createState,State<ChatBubble>,Public,STATICALLY_VALID,Params: ()
lib/widgets/chat_bubble.dart,95,Class,_ChatBubbleState,State,Private,STATICALLY_VALID,Extends State
lib/widgets/chat_bubble.dart,102,Method/Function,_ChatBubbleState.initState,void,Public,STATICALLY_VALID,Params: ()
lib/widgets/chat_bubble.dart,109,Method/Function,_ChatBubbleState._initializeContent,void,Private,STATICALLY_VALID,Params: ()
lib/widgets/chat_bubble.dart,184,Method/Function,_ChatBubbleState.didUpdateWidget,void,Public,STATICALLY_VALID,Params: (covariant ChatBubble oldWidget)
lib/widgets/chat_bubble.dart,217,Method/Function,_ChatBubbleState._displayStreamedText,Future<void>,Private,STATICALLY_VALID,Params: ()
lib/widgets/chat_bubble.dart,238,Method/Function,_ChatBubbleState._parseSmartAd,void,Private,STATICALLY_VALID,Params: ()
lib/widgets/chat_bubble.dart,250,Method/Function,_ChatBubbleState._cleanText,String,Private,STATICALLY_VALID,Params: ()
lib/widgets/chat_bubble.dart,272,Method/Function,_ChatBubbleState.build,Widget,Public,STATICALLY_VALID,Params: (BuildContext context)
lib/widgets/chat_bubble.dart,296,Method/Function,_ChatBubbleState.SizedBox,const,Public,STATICALLY_VALID,Params: (width: 8)
lib/widgets/chat_bubble.dart,307,Method/Function,_ChatBubbleState._buildAssistantAvatar,Widget,Private,STATICALLY_VALID,Params: ()
lib/widgets/chat_bubble.dart,417,Method/Function,_ChatBubbleState.SizedBox,const,Public,STATICALLY_VALID,Params: (width: 4)
lib/widgets/chat_bubble.dart,456,Method/Function,_ChatBubbleState._getBubbleDecoration,BoxDecoration,Private,STATICALLY_VALID,"Params: (bool isDark, bool isImageOnly)"
lib/widgets/chat_bubble.dart,518,Method/Function,_ChatBubbleState._buildTextWithExpand,Widget,Private,STATICALLY_VALID,"Params: (String text, bool isDark, bool isError)"
lib/widgets/chat_bubble.dart,522,Method/Function,_ChatBubbleState._buildTextContent,Widget,Private,STATICALLY_VALID,"Params: (String text, bool isDark, bool isError)"
lib/widgets/chat_bubble.dart,588,Method/Function,_ChatBubbleState.SizedBox,const,Public,STATICALLY_VALID,Params: (width: 12)
lib/widgets/chat_bubble.dart,601,Method/Function,_ChatBubbleState.SizedBox,const,Public,STATICALLY_VALID,Params: (height: 12)
lib/widgets/chat_bubble.dart,611,Method/Function,_ChatBubbleState.SizedBox,const,Public,STATICALLY_VALID,Params: (height: 16)
lib/widgets/chat_bubble.dart,634,Method/Function,_ChatBubbleState._isLocalSource,bool,Private,STATICALLY_VALID,Params: (String? path)
lib/widgets/chat_bubble.dart,639,Method/Function,_ChatBubbleState._isPathVideo,bool,Private,STATICALLY_VALID,Params: (String path)
lib/widgets/chat_bubble.dart,647,Method/Function,_ChatBubbleState._buildImageDisplay,Widget,Private,STATICALLY_VALID,Params: ()
lib/widgets/chat_bubble.dart,707,Method/Function,_ChatBubbleState.Icon,const,Public,STATICALLY_VALID,Params: (Icons.broken_image)
lib/widgets/chat_bubble.dart,750,Method/Function,_ChatBubbleState._buildTikTokVideoWidget,Widget,Private,STATICALLY_VALID,Params: (String cleanText)
lib/widgets/chat_bubble.dart,767,Method/Function,_ChatBubbleState._buildVideoErrorDisplay,Widget,Private,STATICALLY_VALID,Params: (String message)
lib/widgets/chat_bubble.dart,784,Method/Function,_ChatBubbleState.SizedBox,const,Public,STATICALLY_VALID,Params: (width: 8)
lib/widgets/chat_bubble.dart,795,Method/Function,_ChatBubbleState.SizedBox,const,Public,STATICALLY_VALID,Params: (height: 8)
lib/widgets/chat_bubble.dart,813,Method/Function,_ChatBubbleState._buildBottomActions,Widget,Private,STATICALLY_VALID,Params: ()
lib/widgets/chat_bubble.dart,1022,Method/Function,_ChatBubbleState._buildReplyReference,Widget,Private,STATICALLY_VALID,Params: (bool isDark)
lib/widgets/chat_bubble.dart,1044,Method/Function,_ChatBubbleState._buildActionChips,Widget,Private,STATICALLY_VALID,Params: (List<dynamic> actions)
lib/widgets/chat_bubble.dart,1148,Method/Function,_ChatBubbleState.SizedBox,const,Public,STATICALLY_VALID,Params: (width: 8)
lib/widgets/chat_bubble.dart,1181,Method/Function,_ChatBubbleState._getActionColor,Color,Private,STATICALLY_VALID,Params: (String? id)
lib/widgets/chat_bubble.dart,1241,Method/Function,_ChatBubbleState._handleAction,void,Private,STATICALLY_VALID,"Params: (String id, dynamic payload)"
lib/widgets/chat_bubble.dart,1247,Method/Function,_ChatBubbleState._getIconForAction,IconData,Private,STATICALLY_VALID,Params: (String? action)
lib/widgets/chat_bubble.dart,1331,Method/Function,_ChatBubbleState.SizedBox,const,Public,STATICALLY_VALID,Params: (width: 6)
lib/widgets/chat_bubble.dart,1347,Method/Function,_ChatBubbleState._buildProviderBadge,Widget,Private,STATICALLY_VALID,Params: (bool isDark)
lib/widgets/chat_bubble.dart,1380,Method/Function,_ChatBubbleState.SizedBox,const,Public,STATICALLY_VALID,Params: (width: 4)
lib/widgets/chat_bubble.dart,1394,Method/Function,_ChatBubbleState._isScenario,bool,Private,STATICALLY_VALID,Params: (String text)
lib/widgets/chat_bubble.dart,1398,Method/Function,_ChatBubbleState._extractTitleFromClean,String,Private,STATICALLY_VALID,Params: (String cleanText)
lib/widgets/chat_drawer.dart,15,Class,ChatDrawer,StatelessWidget,Public,STATICALLY_VALID,Extends StatelessWidget
lib/widgets/chat_drawer.dart,16,Method/Function,ChatDrawer.ChatDrawer,const,Public,STATICALLY_VALID,Params: ({super.key})
lib/widgets/chat_drawer.dart,19,Method/Function,ChatDrawer.build,Widget,Public,STATICALLY_VALID,Params: (BuildContext context)
lib/widgets/chat_drawer.dart,92,Method/Function,ChatDrawer.Spacer,const,Public,STATICALLY_VALID,Params: ()
lib/widgets/chat_drawer.dart,111,Method/Function,ChatDrawer.SizedBox,const,Public,STATICALLY_VALID,Params: (height: 10)
lib/widgets/chat_drawer.dart,116,Method/Function,ChatDrawer.buildHistoryList,Widget,Public,STATICALLY_VALID,Params: ({required bool scrollable})
lib/widgets/chat_drawer.dart,190,Method/Function,ChatDrawer._buildVipHeader,Widget,Private,STATICALLY_VALID,Params: (bool isLandscape)
lib/widgets/chat_drawer.dart,240,Method/Function,ChatDrawer.SizedBox,const,Public,STATICALLY_VALID,Params: (width: 16)
lib/widgets/chat_drawer.dart,256,Method/Function,ChatDrawer.SizedBox,const,Public,STATICALLY_VALID,Params: (height: 2)
lib/widgets/chat_drawer.dart,299,Method/Function,ChatDrawer.SizedBox,const,Public,STATICALLY_VALID,Params: (width: 12)
lib/widgets/chat_drawer.dart,394,Method/Function,ChatDrawer.SizedBox,const,Public,STATICALLY_VALID,Params: (height: 6)
lib/widgets/chat_drawer.dart,400,Method/Function,ChatDrawer.SizedBox,const,Public,STATICALLY_VALID,Params: (width: 4)
lib/widgets/chat_drawer.dart,453,Method/Function,ChatDrawer._buildPlaceholderIcon,Widget,Private,STATICALLY_VALID,Params: (bool isSelected)
lib/widgets/chat_drawer.dart,471,Method/Function,ChatDrawer.SizedBox,const,Public,STATICALLY_VALID,Params: (width: 8)
lib/widgets/chat_drawer.dart,497,Method/Function,ChatDrawer._buildEmptyState,Widget,Private,STATICALLY_VALID,Params: (ChatHistoryController controller)
lib/widgets/chat_drawer.dart,506,Method/Function,ChatDrawer.SizedBox,const,Public,STATICALLY_VALID,Params: (height: 16)
lib/widgets/chat_drawer.dart,516,Method/Function,ChatDrawer.SizedBox,const,Public,STATICALLY_VALID,Params: (height: 24)
lib/widgets/chat_drawer.dart,559,Method/Function,ChatDrawer._confirmDelete,void,Private,STATICALLY_VALID,"Params: (ChatHistoryController controller, int id)"
lib/widgets/chat_drawer.dart,575,Method/Function,ChatDrawer._confirmDeleteAll,void,Private,STATICALLY_VALID,Params: (ChatHistoryController controller)
lib/widgets/chat_drawer.dart,595,Method/Function,ChatDrawer._formatDate,String,Private,STATICALLY_VALID,Params: (String? iso)
lib/widgets/chat_drawer.dart,615,Method/Function,ChatDrawer._buildCatalogButton,Widget,Private,STATICALLY_VALID,Params: ()
lib/widgets/chat_drawer.dart,651,Method/Function,ChatDrawer._buildAdminButton,Widget,Private,STATICALLY_VALID,Params: ()
lib/widgets/chat_loading_shimmer.dart,5,Class,ChatLoadingShimmer,StatelessWidget,Public,STATICALLY_VALID,Extends StatelessWidget
lib/widgets/chat_loading_shimmer.dart,6,Method/Function,ChatLoadingShimmer.ChatLoadingShimmer,const,Public,STATICALLY_VALID,Params: ({super.key})
lib/widgets/chat_loading_shimmer.dart,9,Method/Function,ChatLoadingShimmer.build,Widget,Public,STATICALLY_VALID,Params: (BuildContext context)
lib/widgets/chat_loading_shimmer.dart,29,Method/Function,ChatLoadingShimmer.SizedBox,const,Public,STATICALLY_VALID,Params: (width: 12)
lib/widgets/chat_loading_shimmer.dart,44,Method/Function,ChatLoadingShimmer.SizedBox,const,Public,STATICALLY_VALID,Params: (height: 8)
lib/widgets/chat_loading_shimmer.dart,54,Method/Function,ChatLoadingShimmer.SizedBox,const,Public,STATICALLY_VALID,Params: (height: 8)
lib/widgets/facebook_settings_form.dart,8,Class,FacebookSettingsForm,StatelessWidget,Public,STATICALLY_VALID,Extends StatelessWidget
lib/widgets/facebook_settings_form.dart,9,Method/Function,FacebookSettingsForm.FacebookSettingsForm,const,Public,STATICALLY_VALID,Params: ({super.key})
lib/widgets/facebook_settings_form.dart,12,Method/Function,FacebookSettingsForm.build,Widget,Public,STATICALLY_VALID,Params: (BuildContext context)
lib/widgets/facebook_settings_form.dart,34,Method/Function,FacebookSettingsForm.SizedBox,const,Public,STATICALLY_VALID,Params: (width: 12)
lib/widgets/facebook_settings_form.dart,58,Method/Function,FacebookSettingsForm.Divider,const,Public,STATICALLY_VALID,"Params: (height: 30, color: Colors.white10)"
lib/widgets/facebook_settings_form.dart,64,Method/Function,FacebookSettingsForm.SizedBox,const,Public,STATICALLY_VALID,Params: (height: 12)
lib/widgets/facebook_settings_form.dart,66,Method/Function,FacebookSettingsForm.SizedBox,const,Public,STATICALLY_VALID,Params: (height: 10)
lib/widgets/facebook_settings_form.dart,71,Method/Function,FacebookSettingsForm.SizedBox,const,Public,STATICALLY_VALID,Params: (height: 20)
lib/widgets/facebook_settings_form.dart,76,Method/Function,FacebookSettingsForm.Divider,const,Public,STATICALLY_VALID,"Params: (height: 40, color: Colors.white10)"
lib/widgets/facebook_settings_form.dart,90,Method/Function,FacebookSettingsForm.SizedBox,const,Public,STATICALLY_VALID,Params: (height: 20)
lib/widgets/facebook_settings_form.dart,101,Method/Function,FacebookSettingsForm._buildTokenField,Widget,Private,STATICALLY_VALID,Params: (SettingsController controller)
lib/widgets/facebook_settings_form.dart,134,Method/Function,FacebookSettingsForm.SizedBox,const,Public,STATICALLY_VALID,Params: (width: 10)
lib/widgets/facebook_settings_form.dart,167,Method/Function,FacebookSettingsForm._buildPagesSelector,Widget,Private,STATICALLY_VALID,Params: (SettingsController controller)
lib/widgets/facebook_settings_form.dart,187,Method/Function,FacebookSettingsForm.SizedBox,const,Public,STATICALLY_VALID,Params: (height: 10)
lib/widgets/facebook_settings_form.dart,265,Method/Function,FacebookSettingsForm._buildDisconnectButton,Widget,Private,STATICALLY_VALID,Params: (SettingsController controller)
lib/widgets/media_action_bar.dart,6,Class,MediaActionBar,StatelessWidget,Public,STATICALLY_VALID,Extends StatelessWidget
lib/widgets/media_action_bar.dart,8,Method/Function,MediaActionBar.Function,final,Public,STATICALLY_VALID,Params: (MediaAction)
lib/widgets/media_action_bar.dart,19,Method/Function,MediaActionBar.build,Widget,Public,STATICALLY_VALID,Params: (BuildContext context)
lib/widgets/media_action_bar.dart,37,Method/Function,MediaActionBar._buildCompactBar,Widget,Private,STATICALLY_VALID,"Params: (BuildContext context, bool isDark)"
lib/widgets/media_action_bar.dart,50,Method/Function,MediaActionBar._buildActionButton,Widget,Private,STATICALLY_VALID,"Params: (BuildContext context, MediaAction action...)"
lib/widgets/media_action_bar.dart,96,Method/Function,MediaActionBar.SizedBox,const,Public,STATICALLY_VALID,Params: (width: 6)
lib/widgets/media_action_bar.dart,109,Method/Function,MediaActionBar.SizedBox,const,Public,STATICALLY_VALID,Params: (width: 8)
lib/widgets/media_action_bar.dart,128,Class,MediaAction,,Public,STATICALLY_VALID,Base Class
lib/widgets/modern_video_bubble.dart,17,Class,ModernVideoBubble,StatefulWidget,Public,STATICALLY_VALID,Extends StatefulWidget
lib/widgets/modern_video_bubble.dart,39,Method/Function,ModernVideoBubble.createState,State<ModernVideoBubble>,Public,STATICALLY_VALID,Params: ()
lib/widgets/modern_video_bubble.dart,42,Class,_ModernVideoBubbleState,State,Private,STATICALLY_VALID,Extends State
lib/widgets/modern_video_bubble.dart,61,Method/Function,_ModernVideoBubbleState.initState,void,Public,STATICALLY_VALID,Params: ()
lib/widgets/modern_video_bubble.dart,82,Method/Function,_ModernVideoBubbleState.didChangeAppLifecycleState,void,Public,STATICALLY_VALID,Params: (AppLifecycleState state)
lib/widgets/modern_video_bubble.dart,92,Method/Function,_ModernVideoBubbleState._generateThumbnail,Future<void>,Private,STATICALLY_VALID,Params: ()
lib/widgets/modern_video_bubble.dart,142,Method/Function,_ModernVideoBubbleState._initializeVideo,Future<void>,Private,STATICALLY_VALID,Params: ()
lib/widgets/modern_video_bubble.dart,232,Method/Function,_ModernVideoBubbleState._videoListener,void,Private,STATICALLY_VALID,Params: ()
lib/widgets/modern_video_bubble.dart,270,Method/Function,_ModernVideoBubbleState.didUpdateWidget,void,Public,STATICALLY_VALID,Params: (covariant ModernVideoBubble oldWidget)
lib/widgets/modern_video_bubble.dart,279,Method/Function,_ModernVideoBubbleState.if,else,Public,STATICALLY_VALID,Params: (widget.videoPath == null && _controller ...)
lib/widgets/modern_video_bubble.dart,285,Method/Function,_ModernVideoBubbleState._disposeController,Future<void>,Private,STATICALLY_VALID,Params: ()
lib/widgets/modern_video_bubble.dart,297,Method/Function,_ModernVideoBubbleState.dispose,void,Public,STATICALLY_VALID,Params: ()
lib/widgets/modern_video_bubble.dart,305,Method/Function,_ModernVideoBubbleState.build,Widget,Public,STATICALLY_VALID,Params: (BuildContext context)
lib/widgets/modern_video_bubble.dart,358,Method/Function,_ModernVideoBubbleState._buildGeneratingState,Widget,Private,STATICALLY_VALID,Params: ()
lib/widgets/modern_video_bubble.dart,404,Method/Function,_ModernVideoBubbleState.SizedBox,const,Public,STATICALLY_VALID,Params: (height: 18)
lib/widgets/modern_video_bubble.dart,414,Method/Function,_ModernVideoBubbleState.SizedBox,const,Public,STATICALLY_VALID,Params: (height: 8)
lib/widgets/modern_video_bubble.dart,427,Method/Function,_ModernVideoBubbleState.SizedBox,const,Public,STATICALLY_VALID,Params: (height: 16)
lib/widgets/modern_video_bubble.dart,458,Method/Function,_ModernVideoBubbleState.Icon,const,Public,STATICALLY_VALID,"Params: (Icons.check_circle_rounded, color: Color...)"
lib/widgets/modern_video_bubble.dart,459,Method/Function,_ModernVideoBubbleState.SizedBox,const,Public,STATICALLY_VALID,Params: (width: 6)
lib/widgets/modern_video_bubble.dart,483,Method/Function,_ModernVideoBubbleState._buildLoadingState,Widget,Private,STATICALLY_VALID,Params: ()
lib/widgets/modern_video_bubble.dart,503,Method/Function,_ModernVideoBubbleState.SizedBox,const,Public,STATICALLY_VALID,Params: (height: 12)
lib/widgets/modern_video_bubble.dart,517,Method/Function,_ModernVideoBubbleState._buildMainContent,Widget,Private,STATICALLY_VALID,Params: ()
lib/widgets/modern_video_bubble.dart,591,Method/Function,_ModernVideoBubbleState._buildControlsOverlay,Widget,Private,STATICALLY_VALID,Params: ()
lib/widgets/modern_video_bubble.dart,624,Method/Function,_ModernVideoBubbleState.SizedBox,const,Public,STATICALLY_VALID,Params: (width: 6)
lib/widgets/modern_video_bubble.dart,637,Method/Function,_ModernVideoBubbleState.SizedBox,const,Public,STATICALLY_VALID,Params: (width: 6)
lib/widgets/modern_video_bubble.dart,695,Method/Function,_ModernVideoBubbleState._buildBottomBar,Widget,Private,STATICALLY_VALID,Params: ()
lib/widgets/modern_video_bubble.dart,817,Method/Function,_ModernVideoBubbleState._togglePlay,void,Private,STATICALLY_VALID,Params: ()
lib/widgets/modern_video_bubble.dart,839,Method/Function,_ModernVideoBubbleState._onVideoTap,void,Private,STATICALLY_VALID,Params: ()
lib/widgets/modern_video_bubble.dart,851,Method/Function,_ModernVideoBubbleState._shareVideo,Future<void>,Private,STATICALLY_VALID,Params: ()
lib/widgets/modern_video_bubble.dart,885,Method/Function,_ModernVideoBubbleState._saveVideo,Future<void>,Private,STATICALLY_VALID,Params: ()
lib/widgets/modern_video_bubble.dart,929,Method/Function,_ModernVideoBubbleState._formatDuration,String,Private,STATICALLY_VALID,Params: (Duration duration)
lib/widgets/modern_video_bubble.dart,930,Method/Function,_ModernVideoBubbleState.twoDigits,String,Public,STATICALLY_VALID,Params: (int n)
lib/widgets/permission_controlled_widget.dart,6,Class,PermissionControlledWidget,StatelessWidget,Public,STATICALLY_VALID,Extends StatelessWidget
lib/widgets/permission_controlled_widget.dart,19,Method/Function,PermissionControlledWidget.build,Widget,Public,STATICALLY_VALID,Params: (BuildContext context)
lib/widgets/permission_controlled_widget.dart,46,Class,VisibilityControlled,StatelessWidget,Public,STATICALLY_VALID,Extends StatelessWidget
lib/widgets/permission_controlled_widget.dart,59,Method/Function,VisibilityControlled.build,Widget,Public,STATICALLY_VALID,Params: (BuildContext context)
lib/widgets/permission_controlled_widget.dart,75,Method/Function,VisibilityControlled.withPermission,Widget,Public,STATICALLY_VALID,"Params: (String controlName, {Widget? fallback})"
lib/widgets/permission_controlled_widget.dart,84,Method/Function,VisibilityControlled.withVisibilityControl,Widget,Public,STATICALLY_VALID,"Params: (String controlName, {Widget? fallback})"
lib/widgets/provider_selection_list.dart,6,Class,ProviderSelectionList,StatelessWidget,Public,STATICALLY_VALID,Extends StatelessWidget
lib/widgets/provider_selection_list.dart,7,Method/Function,ProviderSelectionList.ProviderSelectionList,const,Public,STATICALLY_VALID,Params: ({super.key})
lib/widgets/provider_selection_list.dart,10,Method/Function,ProviderSelectionList.build,Widget,Public,STATICALLY_VALID,Params: (BuildContext context)
lib/widgets/provider_selection_list.dart,76,Method/Function,ProviderSelectionList.SizedBox,const,Public,STATICALLY_VALID,Params: (height: 10)
lib/widgets/provider_selection_list.dart,109,Method/Function,ProviderSelectionList.SizedBox,const,Public,STATICALLY_VALID,Params: (height: 10)
lib/widgets/provider_selection_list.dart,122,Method/Function,ProviderSelectionList.SizedBox,const,Public,STATICALLY_VALID,Params: (height: 10)
lib/widgets/provider_selection_list.dart,147,Method/Function,ProviderSelectionList._buildSectionHeader,Widget,Private,STATICALLY_VALID,Params: (String title)
lib/widgets/provider_selection_list.dart,164,Method/Function,ProviderSelectionList._divider,Widget,Private,STATICALLY_VALID,Params: ()
lib/widgets/recommendation_panel.dart,3,Class,RecommendationPanel,StatelessWidget,Public,STATICALLY_VALID,Extends StatelessWidget
lib/widgets/recommendation_panel.dart,5,Method/Function,RecommendationPanel.Function,final,Public,STATICALLY_VALID,"Params: (Map<String, dynamic>)"
lib/widgets/recommendation_panel.dart,14,Method/Function,RecommendationPanel.build,Widget,Public,STATICALLY_VALID,Params: (BuildContext context)
lib/widgets/recommendation_panel.dart,73,Method/Function,RecommendationPanel.SizedBox,const,Public,STATICALLY_VALID,Params: (width: 6)
lib/widgets/scanning_overlay_painter.dart,4,Class,ScanningOverlay,StatefulWidget,Public,STATICALLY_VALID,Extends StatefulWidget
lib/widgets/scanning_overlay_painter.dart,5,Method/Function,ScanningOverlay.ScanningOverlay,const,Public,STATICALLY_VALID,Params: ({super.key})
lib/widgets/scanning_overlay_painter.dart,8,Method/Function,ScanningOverlay.createState,State<ScanningOverlay>,Public,STATICALLY_VALID,Params: ()
lib/widgets/scanning_overlay_painter.dart,11,Class,_ScanningOverlayState,State,Private,STATICALLY_VALID,Extends State
lib/widgets/scanning_overlay_painter.dart,15,Method/Function,_ScanningOverlayState.initState,void,Public,STATICALLY_VALID,Params: ()
lib/widgets/scanning_overlay_painter.dart,25,Method/Function,_ScanningOverlayState.dispose,void,Public,STATICALLY_VALID,Params: ()
lib/widgets/scanning_overlay_painter.dart,31,Method/Function,_ScanningOverlayState.build,Widget,Public,STATICALLY_VALID,Params: (BuildContext context)
lib/widgets/scanning_overlay_painter.dart,44,Class,ScanningOverlayPainter,CustomPainter,Public,STATICALLY_VALID,Extends CustomPainter
lib/widgets/scanning_overlay_painter.dart,50,Method/Function,ScanningOverlayPainter.paint,void,Public,STATICALLY_VALID,"Params: (Canvas canvas, Size size)"
lib/widgets/scanning_overlay_painter.dart,124,Method/Function,ScanningOverlayPainter.shouldRepaint,bool,Public,STATICALLY_VALID,Params: (covariant ScanningOverlayPainter oldDele...)
lib/widgets/scenario_display_widget.dart,6,Class,ScenarioDisplayWidget,StatelessWidget,Public,STATICALLY_VALID,Extends StatelessWidget
lib/widgets/scenario_display_widget.dart,9,Method/Function,ScenarioDisplayWidget.ScenarioDisplayWidget,const,Public,STATICALLY_VALID,"Params: ({super.key, required this.content})"
lib/widgets/scenario_display_widget.dart,12,Method/Function,ScenarioDisplayWidget.build,Widget,Public,STATICALLY_VALID,Params: (BuildContext context)
lib/widgets/scenario_display_widget.dart,40,Method/Function,ScenarioDisplayWidget.Icon,const,Public,STATICALLY_VALID,"Params: (Icons.movie_filter_rounded, color: AppTh...)"
lib/widgets/scenario_display_widget.dart,41,Method/Function,ScenarioDisplayWidget.SizedBox,const,Public,STATICALLY_VALID,Params: (width: 8)
lib/widgets/scenario_display_widget.dart,66,Method/Function,ScenarioDisplayWidget._buildScoreCard,Widget,Private,STATICALLY_VALID,"Params: (BuildContext context, Map<String, String...)"
lib/widgets/scenario_display_widget.dart,87,Method/Function,ScenarioDisplayWidget.Text,const,Public,STATICALLY_VALID,"Params: (""🔥 قوة الجذب (Hook)"
lib/widgets/scenario_display_widget.dart,91,Method/Function,ScenarioDisplayWidget.Text,const,Public,STATICALLY_VALID,"Params: (""/10"", style: TextStyle(color: Colors.wh...)"
lib/widgets/scenario_display_widget.dart,103,Method/Function,ScenarioDisplayWidget.Text,const,Public,STATICALLY_VALID,"Params: (""📱 مناسب لـ"", style: TextStyle(color: Co...)"
lib/widgets/scenario_display_widget.dart,108,Method/Function,ScenarioDisplayWidget.Icon,const,Public,STATICALLY_VALID,"Params: (Icons.verified_rounded, color: Colors.wh...)"
lib/widgets/scenario_display_widget.dart,114,Method/Function,ScenarioDisplayWidget._buildSectionCard,Widget,Private,STATICALLY_VALID,"Params: (BuildContext context, Map<String, String...)"
lib/widgets/scenario_display_widget.dart,138,Method/Function,ScenarioDisplayWidget.SizedBox,const,Public,STATICALLY_VALID,Params: (width: 12)
lib/widgets/scenario_display_widget.dart,143,Method/Function,ScenarioDisplayWidget.Text,const,Public,STATICALLY_VALID,"Params: (""دليل التعليق الصوتي 🎙️"", style: TextSty...)"
lib/widgets/scenario_display_widget.dart,144,Method/Function,ScenarioDisplayWidget.SizedBox,const,Public,STATICALLY_VALID,Params: (height: 4)
lib/widgets/scenario_display_widget.dart,179,Method/Function,ScenarioDisplayWidget.Row,const,Public,STATICALLY_VALID,"Params: (children: [Icon(Icons.lightbulb_rounded,...)"
lib/widgets/scenario_display_widget.dart,180,Method/Function,ScenarioDisplayWidget.SizedBox,const,Public,STATICALLY_VALID,Params: (height: 5)
lib/widgets/scenario_display_widget.dart,222,Method/Function,ScenarioDisplayWidget.Spacer,const,Public,STATICALLY_VALID,Params: ()
lib/widgets/scenario_display_widget.dart,223,Method/Function,ScenarioDisplayWidget.Icon,const,Public,STATICALLY_VALID,"Params: (Icons.timer_rounded, size: 14, color: Co...)"
lib/widgets/scenario_display_widget.dart,224,Method/Function,ScenarioDisplayWidget.SizedBox,const,Public,STATICALLY_VALID,Params: (width: 4)
lib/widgets/scenario_display_widget.dart,236,Method/Function,ScenarioDisplayWidget.Divider,const,Public,STATICALLY_VALID,Params: (height: 16)
lib/widgets/scenario_display_widget.dart,248,Method/Function,ScenarioDisplayWidget._buildRow,Widget,Private,STATICALLY_VALID,"Params: (IconData icon, String label, String text...)"
lib/widgets/scenario_display_widget.dart,253,Method/Function,ScenarioDisplayWidget.SizedBox,const,Public,STATICALLY_VALID,Params: (width: 8)
lib/widgets/scenario_display_widget.dart,255,Method/Function,ScenarioDisplayWidget.SizedBox,const,Public,STATICALLY_VALID,Params: (width: 8)
lib/widgets/smart_ad_bubble.dart,6,Class,SmartAdBubble,StatefulWidget,Public,STATICALLY_VALID,Extends StatefulWidget
lib/widgets/smart_ad_bubble.dart,21,Method/Function,SmartAdBubble.createState,State<SmartAdBubble>,Public,STATICALLY_VALID,Params: ()
lib/widgets/smart_ad_bubble.dart,24,Class,_SmartAdBubbleState,State,Private,STATICALLY_VALID,Extends State
lib/widgets/smart_ad_bubble.dart,31,Method/Function,_SmartAdBubbleState.initState,void,Public,STATICALLY_VALID,Params: ()
lib/widgets/smart_ad_bubble.dart,46,Method/Function,_SmartAdBubbleState._startSubtitleLoop,void,Private,STATICALLY_VALID,Params: ()
lib/widgets/smart_ad_bubble.dart,58,Method/Function,_SmartAdBubbleState.dispose,void,Public,STATICALLY_VALID,Params: ()
lib/widgets/smart_ad_bubble.dart,65,Method/Function,_SmartAdBubbleState.build,Widget,Public,STATICALLY_VALID,Params: (BuildContext context)
lib/widgets/smart_ad_bubble.dart,131,Method/Function,_SmartAdBubbleState.SizedBox,const,Public,STATICALLY_VALID,Params: (height: 10)
lib/widgets/smart_ad_bubble.dart,149,Method/Function,_SmartAdBubbleState.SizedBox,const,Public,STATICALLY_VALID,Params: (height: 20)
lib/widgets/smart_ad_bubble.dart,154,Method/Function,_SmartAdBubbleState.Icon,const,Public,STATICALLY_VALID,"Params: (Icons.star, color: Colors.yellow, size: ...)"
lib/widgets/smart_ad_bubble.dart,155,Method/Function,_SmartAdBubbleState.SizedBox,const,Public,STATICALLY_VALID,Params: (width: 5)
lib/widgets/smart_ad_bubble.dart,160,Method/Function,_SmartAdBubbleState.Spacer,const,Public,STATICALLY_VALID,Params: ()
lib/widgets/standard_provider_form.dart,8,Class,StandardProviderForm,StatefulWidget,Public,STATICALLY_VALID,Extends StatefulWidget
lib/widgets/standard_provider_form.dart,11,Method/Function,StandardProviderForm.StandardProviderForm,const,Public,STATICALLY_VALID,"Params: ({super.key, required this.providerType})"
lib/widgets/standard_provider_form.dart,14,Method/Function,StandardProviderForm.createState,State<StandardProviderForm>,Public,STATICALLY_VALID,Params: ()
lib/widgets/standard_provider_form.dart,17,Class,_StandardProviderFormState,State,Private,STATICALLY_VALID,Extends State
lib/widgets/standard_provider_form.dart,21,Method/Function,_StandardProviderFormState.build,Widget,Public,STATICALLY_VALID,Params: (BuildContext context)
lib/widgets/standard_provider_form.dart,46,Method/Function,_StandardProviderFormState.SizedBox,const,Public,STATICALLY_VALID,Params: (height: 16)
lib/widgets/standard_provider_form.dart,62,Method/Function,_StandardProviderFormState.Icon,const,Public,STATICALLY_VALID,"Params: (Icons.vpn_key, color: Colors.blue, size:...)"
lib/widgets/standard_provider_form.dart,63,Method/Function,_StandardProviderFormState.SizedBox,const,Public,STATICALLY_VALID,Params: (width: 12)
lib/widgets/standard_provider_form.dart,70,Method/Function,_StandardProviderFormState.Icon,const,Public,STATICALLY_VALID,"Params: (Icons.open_in_new, color: Colors.blue, s...)"
lib/widgets/standard_provider_form.dart,81,Method/Function,_StandardProviderFormState.SizedBox,const,Public,STATICALLY_VALID,Params: (height: 8)
lib/widgets/standard_provider_form.dart,88,Method/Function,_StandardProviderFormState._buildHeader,Widget,Private,STATICALLY_VALID,Params: (SettingsController controller)
lib/widgets/standard_provider_form.dart,100,Method/Function,_StandardProviderFormState.SizedBox,const,Public,STATICALLY_VALID,Params: (width: 12)
lib/widgets/standard_provider_form.dart,131,Method/Function,_StandardProviderFormState._buildConnectOptions,Widget,Private,STATICALLY_VALID,Params: (SettingsController controller)
lib/widgets/standard_provider_form.dart,180,Method/Function,_StandardProviderFormState.SizedBox,const,Public,STATICALLY_VALID,Params: (width: 16)
lib/widgets/standard_provider_form.dart,190,Method/Function,_StandardProviderFormState.SizedBox,const,Public,STATICALLY_VALID,Params: (height: 4)
lib/widgets/standard_provider_form.dart,193,Method/Function,_StandardProviderFormState.TextStyle,const,Public,STATICALLY_VALID,"Params: (fontSize: 11, color: Colors.white54)"
lib/widgets/standard_provider_form.dart,205,Method/Function,_StandardProviderFormState._buildActiveConfig,Widget,Private,STATICALLY_VALID,Params: (SettingsController controller)
lib/widgets/standard_provider_form.dart,211,Method/Function,_StandardProviderFormState.SizedBox,const,Public,STATICALLY_VALID,Params: (height: 8)
lib/widgets/standard_provider_form.dart,214,Method/Function,_StandardProviderFormState.SizedBox,const,Public,STATICALLY_VALID,Params: (height: 16)
lib/widgets/standard_provider_form.dart,216,Method/Function,_StandardProviderFormState.SizedBox,const,Public,STATICALLY_VALID,Params: (height: 20)
lib/widgets/standard_provider_form.dart,261,Method/Function,_StandardProviderFormState.SizedBox,const,Public,STATICALLY_VALID,Params: (height: 16)
lib/widgets/standard_provider_form.dart,263,Method/Function,_StandardProviderFormState.SizedBox,const,Public,STATICALLY_VALID,Params: (height: 12)
lib/widgets/standard_provider_form.dart,265,Method/Function,_StandardProviderFormState.SizedBox,const,Public,STATICALLY_VALID,Params: (height: 16)
lib/widgets/standard_provider_form.dart,283,Method/Function,_StandardProviderFormState.SizedBox,const,Public,STATICALLY_VALID,Params: (width: 12)
lib/widgets/standard_provider_form.dart,298,Method/Function,_StandardProviderFormState._showManualInputDialog,void,Private,STATICALLY_VALID,Params: (SettingsController controller)
lib/widgets/standard_provider_form.dart,326,Method/Function,_StandardProviderFormState.SizedBox,const,Public,STATICALLY_VALID,Params: (height: 8)
lib/widgets/standard_provider_form.dart,329,Method/Function,_StandardProviderFormState.TextStyle,const,Public,STATICALLY_VALID,"Params: (color: Colors.white54, fontSize: 12)"
lib/widgets/standard_provider_form.dart,330,Method/Function,_StandardProviderFormState.SizedBox,const,Public,STATICALLY_VALID,Params: (height: 20)
lib/widgets/standard_provider_form.dart,343,Method/Function,_StandardProviderFormState.SizedBox,const,Public,STATICALLY_VALID,Params: (height: 8)
lib/widgets/standard_provider_form.dart,354,Method/Function,_StandardProviderFormState.TextStyle,const,Public,STATICALLY_VALID,"Params: (color: Colors.white24, fontSize: 13)"
lib/widgets/standard_provider_form.dart,381,Method/Function,_StandardProviderFormState.SizedBox,const,Public,STATICALLY_VALID,Params: (height: 20)
lib/widgets/standard_provider_form.dart,392,Method/Function,_StandardProviderFormState.SizedBox,const,Public,STATICALLY_VALID,Params: (height: 8)
lib/widgets/standard_provider_form.dart,407,Method/Function,_StandardProviderFormState.TextStyle,const,Public,STATICALLY_VALID,"Params: (color: Colors.white24, fontSize: 13)"
lib/widgets/standard_provider_form.dart,428,Method/Function,_StandardProviderFormState.SizedBox,const,Public,STATICALLY_VALID,Params: (height: 20)
lib/widgets/standard_provider_form.dart,434,Method/Function,_StandardProviderFormState.SizedBox,const,Public,STATICALLY_VALID,Params: (height: 8)
lib/widgets/standard_provider_form.dart,444,Method/Function,_StandardProviderFormState.TextStyle,const,Public,STATICALLY_VALID,"Params: (color: Colors.white24, fontSize: 12)"
lib/widgets/standard_provider_form.dart,464,Method/Function,_StandardProviderFormState.SizedBox,const,Public,STATICALLY_VALID,Params: (height: 24)
lib/widgets/standard_provider_form.dart,509,Method/Function,_StandardProviderFormState.SizedBox,const,Public,STATICALLY_VALID,Params: (height: 12)
lib/widgets/standard_provider_form.dart,518,Method/Function,_StandardProviderFormState._buildConnectionStatus,Widget,Private,STATICALLY_VALID,Params: (SettingsController controller)
lib/widgets/standard_provider_form.dart,538,Method/Function,_StandardProviderFormState.SizedBox,const,Public,STATICALLY_VALID,Params: (width: 12)
lib/widgets/standard_provider_form.dart,551,Method/Function,_StandardProviderFormState.TextStyle,const,Public,STATICALLY_VALID,"Params: (color: Colors.white70, fontSize: 10)"
lib/widgets/standard_provider_form.dart,560,Method/Function,_StandardProviderFormState._buildManualKeyField,Widget,Private,STATICALLY_VALID,Params: (SettingsController controller)
lib/widgets/standard_provider_form.dart,578,Method/Function,_StandardProviderFormState.Icon,const,Public,STATICALLY_VALID,"Params: (Icons.key, color: Colors.white38, size: ...)"
lib/widgets/standard_provider_form.dart,579,Method/Function,_StandardProviderFormState.SizedBox,const,Public,STATICALLY_VALID,Params: (width: 12)
lib/widgets/standard_provider_form.dart,588,Method/Function,_StandardProviderFormState.Icon,const,Public,STATICALLY_VALID,"Params: (Icons.verified, color: Colors.blueAccent...)"
lib/widgets/standard_provider_form.dart,594,Method/Function,_StandardProviderFormState._buildSecretKeyField,Widget,Private,STATICALLY_VALID,Params: (SettingsController controller)
lib/widgets/standard_provider_form.dart,610,Method/Function,_StandardProviderFormState.Icon,const,Public,STATICALLY_VALID,"Params: (Icons.security, color: Colors.white38, s...)"
lib/widgets/standard_provider_form.dart,611,Method/Function,_StandardProviderFormState.SizedBox,const,Public,STATICALLY_VALID,Params: (width: 12)
lib/widgets/standard_provider_form.dart,620,Method/Function,_StandardProviderFormState.Icon,const,Public,STATICALLY_VALID,"Params: (Icons.lock_outline, color: Colors.amber,...)"
lib/widgets/standard_provider_form.dart,626,Method/Function,_StandardProviderFormState._buildEndpointDisplay,Widget,Private,STATICALLY_VALID,Params: (SettingsController controller)
lib/widgets/standard_provider_form.dart,634,Method/Function,_StandardProviderFormState.Icon,const,Public,STATICALLY_VALID,"Params: (Icons.link, color: Colors.white38, size:...)"
lib/widgets/standard_provider_form.dart,635,Method/Function,_StandardProviderFormState.SizedBox,const,Public,STATICALLY_VALID,Params: (width: 12)
lib/widgets/standard_provider_form.dart,652,Method/Function,_StandardProviderFormState._launchKeyURL,void,Private,STATICALLY_VALID,Params: (ProviderType type)
lib/widgets/standard_provider_form.dart,657,Method/Function,_StandardProviderFormState.launchUrl,await,Public,STATICALLY_VALID,"Params: (uri, mode: LaunchMode.externalApplicatio...)"
lib/widgets/tiktok_logo_icon.dart,4,Class,TikTokLogoIcon,StatelessWidget,Public,STATICALLY_VALID,Extends StatelessWidget
lib/widgets/tiktok_logo_icon.dart,8,Method/Function,TikTokLogoIcon.TikTokLogoIcon,const,Public,STATICALLY_VALID,"Params: ({super.key, this.size = 60, this.color})"
lib/widgets/tiktok_logo_icon.dart,11,Method/Function,TikTokLogoIcon.build,Widget,Public,STATICALLY_VALID,Params: (BuildContext context)
lib/widgets/tiktok_settings_form.dart,10,Class,TikTokSettingsForm,StatelessWidget,Public,STATICALLY_VALID,Extends StatelessWidget
lib/widgets/tiktok_settings_form.dart,11,Method/Function,TikTokSettingsForm.TikTokSettingsForm,const,Public,STATICALLY_VALID,Params: ({super.key})
lib/widgets/tiktok_settings_form.dart,14,Method/Function,TikTokSettingsForm.build,Widget,Public,STATICALLY_VALID,Params: (BuildContext context)
lib/widgets/tiktok_settings_form.dart,39,Method/Function,TikTokSettingsForm.SizedBox,const,Public,STATICALLY_VALID,Params: (width: 12)
lib/widgets/tiktok_settings_form.dart,66,Method/Function,TikTokSettingsForm.Divider,const,Public,STATICALLY_VALID,"Params: (height: 30, color: Colors.white10)"
lib/widgets/tiktok_settings_form.dart,68,Method/Function,TikTokSettingsForm.SizedBox,const,Public,STATICALLY_VALID,Params: (height: 20)
lib/widgets/tiktok_settings_form.dart,75,Method/Function,TikTokSettingsForm.SizedBox,const,Public,STATICALLY_VALID,Params: (height: 12)
lib/widgets/tiktok_settings_form.dart,77,Method/Function,TikTokSettingsForm.SizedBox,const,Public,STATICALLY_VALID,Params: (height: 10)
lib/widgets/tiktok_settings_form.dart,88,Method/Function,TikTokSettingsForm.SizedBox,const,Public,STATICALLY_VALID,Params: (height: 20)
lib/widgets/tiktok_settings_form.dart,102,Method/Function,TikTokSettingsForm.Divider,const,Public,STATICALLY_VALID,"Params: (color: Colors.white10, height: 30)"
lib/widgets/tiktok_settings_form.dart,118,Method/Function,TikTokSettingsForm.SizedBox,const,Public,STATICALLY_VALID,Params: (height: 10)
lib/widgets/tiktok_settings_form.dart,124,Method/Function,TikTokSettingsForm.SizedBox,const,Public,STATICALLY_VALID,Params: (height: 10)
lib/widgets/tiktok_settings_form.dart,150,Method/Function,TikTokSettingsForm.SizedBox,const,Public,STATICALLY_VALID,Params: (height: 10)
lib/widgets/tiktok_settings_form.dart,157,Method/Function,TikTokSettingsForm.SizedBox,const,Public,STATICALLY_VALID,Params: (height: 25)
lib/widgets/tiktok_settings_form.dart,179,Method/Function,TikTokSettingsForm.SizedBox,const,Public,STATICALLY_VALID,Params: (height: 20)
lib/widgets/tiktok_settings_form.dart,189,Method/Function,TikTokSettingsForm._buildProfileStats,Widget,Private,STATICALLY_VALID,"Params: (Map<String, dynamic> profile)"
lib/widgets/tiktok_settings_form.dart,201,Method/Function,TikTokSettingsForm._buildStatItem,Widget,Private,STATICALLY_VALID,"Params: (String label, String value)"
lib/widgets/tiktok_settings_form.dart,219,Method/Function,TikTokSettingsForm.SizedBox,const,Public,STATICALLY_VALID,Params: (height: 10)
lib/widgets/tiktok_settings_form.dart,247,Method/Function,TikTokSettingsForm._buildDisconnectButton,Widget,Private,STATICALLY_VALID,Params: (TikTokAccountService service)
lib/widgets/tiktok_settings_form.dart,271,Method/Function,TikTokSettingsForm._launchURL,void,Private,STATICALLY_VALID,Params: (String url)
lib/widgets/tiktok_settings_form.dart,274,Method/Function,TikTokSettingsForm.launchUrl,await,Public,STATICALLY_VALID,"Params: (uri, mode: LaunchMode.externalApplicatio...)"
lib/widgets/tiktok_settings_form.dart,278,Method/Function,TikTokSettingsForm._buildHeader,Widget,Private,STATICALLY_VALID,Params: ()
lib/widgets/tiktok_settings_form.dart,291,Method/Function,TikTokSettingsForm._buildSectionTitle,Widget,Private,STATICALLY_VALID,"Params: (String title, IconData icon)"
lib/widgets/tiktok_settings_form.dart,295,Method/Function,TikTokSettingsForm.SizedBox,const,Public,STATICALLY_VALID,Params: (width: 8)
lib/widgets/tiktok_settings_form.dart,344,Method/Function,TikTokSettingsForm._buildUsernameSyncField,Widget,Private,STATICALLY_VALID,Params: (SettingsController controller)
lib/widgets/tiktok_settings_form.dart,376,Method/Function,TikTokSettingsForm.SizedBox,const,Public,STATICALLY_VALID,Params: (width: 10)
lib/widgets/tiktok_video_widget.dart,13,Class,TikTokVideoWidget,StatelessWidget,Public,STATICALLY_VALID,Extends StatelessWidget
lib/widgets/tiktok_video_widget.dart,16,Method/Function,TikTokVideoWidget.TikTokVideoWidget,const,Public,STATICALLY_VALID,"Params: ({super.key, required this.video})"
lib/widgets/tiktok_video_widget.dart,18,Method/Function,TikTokVideoWidget._openTikTok,Future<void>,Private,STATICALLY_VALID,Params: ()
lib/widgets/tiktok_video_widget.dart,21,Method/Function,TikTokVideoWidget.launchUrl,await,Public,STATICALLY_VALID,Params: (Uri.parse(url)
lib/widgets/tiktok_video_widget.dart,26,Method/Function,TikTokVideoWidget.build,Widget,Public,STATICALLY_VALID,Params: (BuildContext context)
lib/widgets/tiktok_video_widget.dart,127,Method/Function,TikTokVideoWidget.SizedBox,const,Public,STATICALLY_VALID,Params: (width: 4)
lib/widgets/tiktok_video_widget.dart,159,Method/Function,TikTokVideoWidget.SizedBox,const,Public,STATICALLY_VALID,Params: (height: 12)
lib/widgets/tiktok_video_widget.dart,164,Method/Function,TikTokVideoWidget.TikTokLogoIcon,const,Public,STATICALLY_VALID,Params: (size: 18)
lib/widgets/tiktok_video_widget.dart,165,Method/Function,TikTokVideoWidget.SizedBox,const,Public,STATICALLY_VALID,Params: (width: 6)
lib/widgets/tiktok_video_widget.dart,177,Method/Function,TikTokVideoWidget.SizedBox,const,Public,STATICALLY_VALID,Params: (width: 12)
lib/widgets/tiktok_video_widget.dart,183,Method/Function,TikTokVideoWidget.SizedBox,const,Public,STATICALLY_VALID,Params: (height: 16)
lib/widgets/tiktok_video_widget.dart,200,Method/Function,TikTokVideoWidget.SizedBox,const,Public,STATICALLY_VALID,Params: (width: 8)
lib/widgets/tiktok_video_widget.dart,205,Method/Function,TikTokVideoWidget.SizedBox,const,Public,STATICALLY_VALID,Params: (width: 8)
lib/widgets/tiktok_video_widget.dart,222,Method/Function,TikTokVideoWidget._buildPlaceholder,Widget,Private,STATICALLY_VALID,Params: ()
lib/widgets/tiktok_video_widget.dart,229,Method/Function,TikTokVideoWidget._buildErrorWidget,Widget,Private,STATICALLY_VALID,Params: ()
lib/widgets/tiktok_video_widget.dart,242,Method/Function,TikTokVideoWidget._buildQuickStat,Widget,Private,STATICALLY_VALID,"Params: (IconData icon, String value)"
lib/widgets/tiktok_video_widget.dart,246,Method/Function,TikTokVideoWidget.SizedBox,const,Public,STATICALLY_VALID,Params: (width: 4)
lib/widgets/tiktok_video_widget.dart,273,Method/Function,TikTokVideoWidget.SizedBox,const,Public,STATICALLY_VALID,Params: (width: 8)
lib/widgets/tiktok_video_widget.dart,303,Method/Function,TikTokVideoWidget._handleDownload,void,Private,STATICALLY_VALID,Params: ()
lib/widgets/tiktok_video_widget.dart,317,Method/Function,TikTokVideoWidget.SizedBox,const,Public,STATICALLY_VALID,Params: (height: 12)
lib/widgets/video_full_screen_viewer.dart,9,Class,VideoFullScreenViewer,StatefulWidget,Public,STATICALLY_VALID,Extends StatefulWidget
lib/widgets/video_full_screen_viewer.dart,20,Method/Function,VideoFullScreenViewer.createState,State<VideoFullScreenViewer>,Public,STATICALLY_VALID,Params: ()
lib/widgets/video_full_screen_viewer.dart,23,Class,_VideoFullScreenViewerState,State,Private,STATICALLY_VALID,Extends State
lib/widgets/video_full_screen_viewer.dart,29,Method/Function,_VideoFullScreenViewerState.initState,void,Public,STATICALLY_VALID,Params: ()
lib/widgets/video_full_screen_viewer.dart,34,Method/Function,_VideoFullScreenViewerState._initializeVideo,Future<void>,Private,STATICALLY_VALID,Params: ()
lib/widgets/video_full_screen_viewer.dart,54,Method/Function,_VideoFullScreenViewerState.dispose,void,Public,STATICALLY_VALID,Params: ()
lib/widgets/video_full_screen_viewer.dart,59,Method/Function,_VideoFullScreenViewerState._saveVideo,Future<void>,Private,STATICALLY_VALID,Params: ()
lib/widgets/video_full_screen_viewer.dart,93,Method/Function,_VideoFullScreenViewerState.build,Widget,Public,STATICALLY_VALID,Params: (BuildContext context)
lib/widgets/youtube_settings_form.dart,8,Class,YoutubeSettingsForm,StatelessWidget,Public,STATICALLY_VALID,Extends StatelessWidget
lib/widgets/youtube_settings_form.dart,9,Method/Function,YoutubeSettingsForm.YoutubeSettingsForm,const,Public,STATICALLY_VALID,Params: ({super.key})
lib/widgets/youtube_settings_form.dart,12,Method/Function,YoutubeSettingsForm.build,Widget,Public,STATICALLY_VALID,Params: (BuildContext context)
lib/widgets/youtube_settings_form.dart,34,Method/Function,YoutubeSettingsForm.SizedBox,const,Public,STATICALLY_VALID,Params: (width: 12)
lib/widgets/youtube_settings_form.dart,58,Method/Function,YoutubeSettingsForm.Divider,const,Public,STATICALLY_VALID,"Params: (height: 30, color: Colors.white10)"
lib/widgets/youtube_settings_form.dart,63,Method/Function,YoutubeSettingsForm.SizedBox,const,Public,STATICALLY_VALID,Params: (height: 12)
lib/widgets/youtube_settings_form.dart,65,Method/Function,YoutubeSettingsForm.SizedBox,const,Public,STATICALLY_VALID,Params: (height: 10)
lib/widgets/youtube_settings_form.dart,71,Method/Function,YoutubeSettingsForm.SizedBox,const,Public,STATICALLY_VALID,Params: (height: 20)
lib/widgets/youtube_settings_form.dart,82,Method/Function,YoutubeSettingsForm._buildHandleSyncField,Widget,Private,STATICALLY_VALID,Params: (SettingsController controller)
lib/widgets/youtube_settings_form.dart,114,Method/Function,YoutubeSettingsForm.SizedBox,const,Public,STATICALLY_VALID,Params: (width: 10)
lib/widgets/youtube_settings_form.dart,136,Method/Function,YoutubeSettingsForm._buildDisconnectButton,Widget,Private,STATICALLY_VALID,Params: (SettingsController controller)
lib/widgets/animations/vip_message_entry.dart,3,Class,VipMessageEntry,StatelessWidget,Public,STATICALLY_VALID,Extends StatelessWidget
lib/widgets/animations/vip_message_entry.dart,16,Method/Function,VipMessageEntry.build,Widget,Public,STATICALLY_VALID,Params: (BuildContext context)
lib/widgets/chat/chat_action_button.dart,5,Class,ChatActionButton,StatelessWidget,Public,STATICALLY_VALID,Extends StatelessWidget
lib/widgets/chat/chat_action_button.dart,23,Method/Function,ChatActionButton.build,Widget,Public,STATICALLY_VALID,Params: (BuildContext context)
lib/widgets/chat/chat_action_button.dart,30,Method/Function,ChatActionButton._buildButton,Widget,Private,STATICALLY_VALID,Params: (bool loading)
lib/widgets/chat/chat_action_button.dart,68,Method/Function,ChatActionButton.SizedBox,const,Public,STATICALLY_VALID,Params: (width: 8)
lib/widgets/chat/chat_input_area.dart,15,Class,ChatInputArea,StatelessWidget,Public,STATICALLY_VALID,Extends StatelessWidget
lib/widgets/chat/chat_input_area.dart,27,Method/Function,ChatInputArea.Function,final,Public,STATICALLY_VALID,Params: (int)
lib/widgets/chat/chat_input_area.dart,35,Method/Function,ChatInputArea.Function,final,Public,STATICALLY_VALID,Params: (SuggestedAction)
lib/widgets/chat/chat_input_area.dart,61,Method/Function,ChatInputArea.build,Widget,Public,STATICALLY_VALID,Params: (BuildContext context)
lib/widgets/chat/chat_input_area.dart,146,Method/Function,ChatInputArea.SizedBox,const,Public,STATICALLY_VALID,Params: (width: 4)
lib/widgets/chat/chat_input_area.dart,173,Method/Function,ChatInputArea.SizedBox,const,Public,STATICALLY_VALID,Params: (width: 8)
lib/widgets/chat/chat_input_area.dart,190,Method/Function,ChatInputArea._buildMediaStrip,Widget,Private,STATICALLY_VALID,Params: ()
lib/widgets/chat/chat_input_area.dart,226,Method/Function,ChatInputArea.SizedBox,const,Public,STATICALLY_VALID,Params: (width: 4)
lib/widgets/chat/chat_input_area.dart,233,Method/Function,ChatInputArea._buildReplyPreview,Widget,Private,STATICALLY_VALID,Params: ()
lib/widgets/chat/chat_input_area.dart,248,Method/Function,ChatInputArea.SizedBox,const,Public,STATICALLY_VALID,Params: (width: 8)
lib/widgets/chat/chat_input_area.dart,271,Method/Function,ChatInputArea._cleanPreview,String,Private,STATICALLY_VALID,Params: (String text)
lib/widgets/chat/chat_input_area.dart,390,Method/Function,ChatInputArea._buildAudioEnhanceButton,Widget,Private,STATICALLY_VALID,Params: ()
lib/widgets/chat/chat_input_area.dart,436,Method/Function,ChatInputArea._buildGoogleActionGroup,Widget,Private,STATICALLY_VALID,Params: (SettingsController settings)
lib/widgets/chat/chat_input_area.dart,447,Method/Function,ChatInputArea.SizedBox,const,Public,STATICALLY_VALID,Params: (width: 8)
lib/widgets/chat/chat_input_area.dart,522,Method/Function,ChatInputArea._buildGeminiModelChip,Widget,Private,STATICALLY_VALID,Params: (SettingsController settings)
lib/widgets/chat/chat_input_area.dart,570,Method/Function,ChatInputArea.SizedBox,const,Public,STATICALLY_VALID,Params: (width: 4)
lib/widgets/chat/chat_input_area.dart,583,Method/Function,ChatInputArea._getGeminiHint,String,Private,STATICALLY_VALID,Params: ()
lib/widgets/chat/chat_input_area.dart,597,Method/Function,ChatInputArea._showModelSwitcherSheet,void,Private,STATICALLY_VALID,Params: ()
lib/widgets/chat/chat_input_area.dart,674,Method/Function,ChatInputArea.Divider,const,Public,STATICALLY_VALID,"Params: (color: Colors.white10, height: 30)"
lib/widgets/chat/chat_input_area.dart,707,Method/Function,ChatInputArea.SizedBox,const,Public,STATICALLY_VALID,Params: (width: 10)
lib/widgets/chat/context_preview_bar.dart,3,Class,ContextPreviewBar,StatelessWidget,Public,STATICALLY_VALID,Extends StatelessWidget
lib/widgets/chat/context_preview_bar.dart,14,Method/Function,ContextPreviewBar.build,Widget,Public,STATICALLY_VALID,Params: (BuildContext context)
lib/widgets/chat/context_preview_bar.dart,36,Method/Function,ContextPreviewBar.SizedBox,const,Public,STATICALLY_VALID,Params: (width: 8)
lib/widgets/chat/full_screen_viewer.dart,10,Class,FullScreenImageViewer,StatelessWidget,Public,STATICALLY_VALID,Extends StatelessWidget
lib/widgets/chat/full_screen_viewer.dart,24,Method/Function,FullScreenImageViewer._saveToGallery,Future<void>,Private,STATICALLY_VALID,Params: ()
lib/widgets/chat/full_screen_viewer.dart,64,Method/Function,FullScreenImageViewer.build,Widget,Public,STATICALLY_VALID,Params: (BuildContext context)
lib/widgets/chat/full_screen_viewer.dart,103,Method/Function,FullScreenImageViewer._buildImageSource,Widget,Private,STATICALLY_VALID,Params: ()
lib/widgets/chat/swipe_to_reply.dart,3,Class,SwipeToReply,StatefulWidget,Public,STATICALLY_VALID,Extends StatefulWidget
lib/widgets/chat/swipe_to_reply.dart,18,Method/Function,SwipeToReply.createState,State<SwipeToReply>,Public,STATICALLY_VALID,Params: ()
lib/widgets/chat/swipe_to_reply.dart,21,Class,_SwipeToReplyState,State,Private,STATICALLY_VALID,Extends State
lib/widgets/chat/swipe_to_reply.dart,28,Method/Function,_SwipeToReplyState.initState,void,Public,STATICALLY_VALID,Params: ()
lib/widgets/chat/swipe_to_reply.dart,35,Method/Function,_SwipeToReplyState.dispose,void,Public,STATICALLY_VALID,Params: ()
lib/widgets/chat/swipe_to_reply.dart,40,Method/Function,_SwipeToReplyState._onHorizontalDragUpdate,void,Private,STATICALLY_VALID,Params: (DragUpdateDetails details)
lib/widgets/chat/swipe_to_reply.dart,57,Method/Function,_SwipeToReplyState._onHorizontalDragEnd,void,Private,STATICALLY_VALID,Params: (DragEndDetails details)
lib/widgets/chat/swipe_to_reply.dart,67,Method/Function,_SwipeToReplyState.build,Widget,Public,STATICALLY_VALID,Params: (BuildContext context)
lib/widgets/social/social_profile_dashboard.dart,9,Class,SocialProfileDashboard,GetView,Public,STATICALLY_VALID,Extends GetView
lib/widgets/social/social_profile_dashboard.dart,20,Method/Function,SocialProfileDashboard.build,Widget,Public,STATICALLY_VALID,Params: (BuildContext context)
lib/widgets/social/social_profile_dashboard.dart,61,Method/Function,SocialProfileDashboard._buildHandle,Widget,Private,STATICALLY_VALID,Params: ()
lib/widgets/social/social_profile_dashboard.dart,73,Method/Function,SocialProfileDashboard._buildLoadingState,Widget,Private,STATICALLY_VALID,Params: ()
lib/widgets/social/social_profile_dashboard.dart,82,Method/Function,SocialProfileDashboard.SizedBox,const,Public,STATICALLY_VALID,Params: (height: 20)
lib/widgets/social/social_profile_dashboard.dart,84,Method/Function,SocialProfileDashboard.SizedBox,const,Public,STATICALLY_VALID,Params: (height: 30)
lib/widgets/social/social_profile_dashboard.dart,95,Method/Function,SocialProfileDashboard._buildErrorState,Widget,Private,STATICALLY_VALID,Params: ()
lib/widgets/social/social_profile_dashboard.dart,100,Method/Function,SocialProfileDashboard.Icon,const,Public,STATICALLY_VALID,"Params: (Icons.error_outline, color: Colors.redAc...)"
lib/widgets/social/social_profile_dashboard.dart,101,Method/Function,SocialProfileDashboard.SizedBox,const,Public,STATICALLY_VALID,Params: (height: 16)
lib/widgets/social/social_profile_dashboard.dart,116,Method/Function,SocialProfileDashboard._buildProfileContent,Widget,Private,STATICALLY_VALID,"Params: (Map<String, dynamic> data)"
lib/widgets/social/social_profile_dashboard.dart,146,Method/Function,SocialProfileDashboard.Icon,const,Public,STATICALLY_VALID,"Params: (Icons.verified, color: Colors.blueAccent...)"
lib/widgets/social/social_profile_dashboard.dart,150,Method/Function,SocialProfileDashboard.SizedBox,const,Public,STATICALLY_VALID,Params: (height: 16)
lib/widgets/social/social_profile_dashboard.dart,157,Method/Function,SocialProfileDashboard.SizedBox,const,Public,STATICALLY_VALID,Params: (height: 8)
lib/widgets/social/social_profile_dashboard.dart,165,Method/Function,SocialProfileDashboard.SizedBox,const,Public,STATICALLY_VALID,Params: (height: 24)
lib/widgets/social/social_profile_dashboard.dart,177,Method/Function,SocialProfileDashboard.SizedBox,const,Public,STATICALLY_VALID,Params: (height: 30)
lib/widgets/social/social_profile_dashboard.dart,181,Method/Function,SocialProfileDashboard.Text,const,Public,STATICALLY_VALID,"Params: ('عن الحساب', style: TextStyle(color: Col...)"
lib/widgets/social/social_profile_dashboard.dart,182,Method/Function,SocialProfileDashboard.SizedBox,const,Public,STATICALLY_VALID,Params: (height: 8)
lib/widgets/social/social_profile_dashboard.dart,191,Method/Function,SocialProfileDashboard.SizedBox,const,Public,STATICALLY_VALID,Params: (height: 24)
lib/widgets/social/social_profile_dashboard.dart,196,Method/Function,SocialProfileDashboard.Text,const,Public,STATICALLY_VALID,"Params: ('روابط خارجية', style: TextStyle(color: ...)"
lib/widgets/social/social_profile_dashboard.dart,197,Method/Function,SocialProfileDashboard.SizedBox,const,Public,STATICALLY_VALID,Params: (height: 12)
lib/widgets/social/social_profile_dashboard.dart,210,Method/Function,SocialProfileDashboard.SizedBox,const,Public,STATICALLY_VALID,Params: (height: 30)
lib/widgets/social/social_profile_dashboard.dart,215,Method/Function,SocialProfileDashboard.Text,const,Public,STATICALLY_VALID,"Params: ('معرض الصور', style: TextStyle(color: Co...)"
lib/widgets/social/social_profile_dashboard.dart,216,Method/Function,SocialProfileDashboard.SizedBox,const,Public,STATICALLY_VALID,Params: (height: 16)
lib/widgets/social/social_profile_dashboard.dart,243,Method/Function,SocialProfileDashboard._buildStatItem,Widget,Private,STATICALLY_VALID,"Params: (String label, String value)"
lib/widgets/social/social_profile_dashboard.dart,247,Method/Function,SocialProfileDashboard.SizedBox,const,Public,STATICALLY_VALID,Params: (height: 4)
lib/widgets/social/social_profile_dashboard.dart,253,Method/Function,SocialProfileDashboard._buildLinkIcon,Widget,Private,STATICALLY_VALID,"Params: (String iconUrl, String url)"
lib/widgets/ui_kit/custom_widgets.dart,6,Class,SmartButton,StatelessWidget,Public,STATICALLY_VALID,Extends StatelessWidget
lib/widgets/ui_kit/custom_widgets.dart,27,Method/Function,SmartButton.build,Widget,Public,STATICALLY_VALID,Params: (BuildContext context)
lib/widgets/ui_kit/custom_widgets.dart,68,Method/Function,SmartButton.SizedBox,const,Public,STATICALLY_VALID,Params: (width: 8)
lib/widgets/ui_kit/custom_widgets.dart,90,Class,SmartTextField,StatelessWidget,Public,STATICALLY_VALID,Extends StatelessWidget
lib/widgets/ui_kit/custom_widgets.dart,99,Method/Function,SmartTextField.Function,final,Public,STATICALLY_VALID,Params: (String)
lib/widgets/ui_kit/custom_widgets.dart,117,Method/Function,SmartTextField.build,Widget,Public,STATICALLY_VALID,Params: (BuildContext context)
lib/widgets/ui_kit/custom_widgets.dart,130,Method/Function,SmartTextField.SizedBox,const,Public,STATICALLY_VALID,Params: (height: 8)
lib/widgets/ui_kit/custom_widgets.dart,153,Class,BrandAnchor,StatelessWidget,Public,STATICALLY_VALID,Extends StatelessWidget
lib/widgets/ui_kit/custom_widgets.dart,155,Method/Function,BrandAnchor.BrandAnchor,const,Public,STATICALLY_VALID,"Params: ({super.key, this.size = 80})"
lib/widgets/ui_kit/custom_widgets.dart,158,Method/Function,BrandAnchor.build,Widget,Public,STATICALLY_VALID,Params: (BuildContext context)
lib/widgets/ui_kit/smart_badge.dart,3,Class,SmartBadge,StatelessWidget,Public,STATICALLY_VALID,Extends StatelessWidget
lib/widgets/ui_kit/smart_badge.dart,14,Method/Function,SmartBadge.build,Widget,Public,STATICALLY_VALID,Params: (BuildContext context)
lib/widgets/ui_kit/smart_card.dart,5,Class,SmartCard,StatefulWidget,Public,STATICALLY_VALID,Extends StatefulWidget
lib/widgets/ui_kit/smart_card.dart,22,Method/Function,SmartCard.createState,State<SmartCard>,Public,STATICALLY_VALID,Params: ()
lib/widgets/ui_kit/smart_card.dart,25,Class,_SmartCardState,State,Private,STATICALLY_VALID,Extends State
lib/widgets/ui_kit/smart_card.dart,31,Method/Function,_SmartCardState.initState,void,Public,STATICALLY_VALID,Params: ()
lib/widgets/ui_kit/smart_card.dart,43,Method/Function,_SmartCardState.dispose,void,Public,STATICALLY_VALID,Params: ()
lib/widgets/ui_kit/smart_card.dart,49,Method/Function,_SmartCardState.build,Widget,Public,STATICALLY_VALID,Params: (BuildContext context)
lib/widgets/ui_kit/smart_loading_overlay.dart,5,Class,SmartLoadingOverlay,StatelessWidget,Public,STATICALLY_VALID,Extends StatelessWidget
lib/widgets/ui_kit/smart_loading_overlay.dart,16,Method/Function,SmartLoadingOverlay.build,Widget,Public,STATICALLY_VALID,Params: (BuildContext context)
lib/widgets/ui_kit/smart_loading_overlay.dart,57,Method/Function,SmartLoadingOverlay.SizedBox,const,Public,STATICALLY_VALID,Params: (height: 20)
lib/services/ai/background_removal_service.dart,11,Class,BackgroundRemovalService,GetxService,Public,STATICALLY_VALID,Extends GetxService
lib/services/ai/background_removal_service.dart,15,Method/Function,BackgroundRemovalService.removeBackground,Future<File?>,Public,STATICALLY_VALID,"Params: (File sourceImage, {dio.CancelToken? canc...)"
lib/services/ai/gemini_audio_service.dart,12,Class,GeminiAudioService,GetxService,Public,STATICALLY_VALID,Extends GetxService
lib/services/ai/gemini_audio_service.dart,63,Method/Function,GeminiAudioService.getAudioFilterCommand,Future<String>,Public,STATICALLY_VALID,"Params: (String actionId, Map<String, dynamic> an...)"
lib/services/ai/gemini_director_service.dart,9,Class,GeminiDirectorService,,Public,STATICALLY_VALID,Base Class
lib/services/ai/gemini_director_service.dart,88,Method/Function,GeminiDirectorService._parseJson,"Map<String,",Private,STATICALLY_VALID,Params: (String text)
lib/services/ai/gemini_vision_service.dart,12,Class,GeminiVisionService,,Public,STATICALLY_VALID,Base Class
lib/services/ai/gemini_vision_service.dart,79,Method/Function,GeminiVisionService.suggestMusic,Future<List<String>>,Public,STATICALLY_VALID,Params: (File videoFile)
lib/services/ai/gemini_vision_service.dart,114,Method/Function,GeminiVisionService.analyzeImageWithPrompt,Future<AiResult>,Public,STATICALLY_VALID,"Params: (File image, {required String prompt})"
lib/services/ai/gemini_vision_service.dart,120,Method/Function,GeminiVisionService.buildEnhancementFilters,Future<String>,Public,STATICALLY_VALID,"Params: (Map<String, dynamic> analysis)"
lib/services/ai/gemini_vision_service.dart,142,Method/Function,GeminiVisionService.buildPresetFilters,Future<String>,Public,STATICALLY_VALID,"Params: (String presetName, Map<String, dynamic> ...)"
lib/services/ai/gemini_vision_service.dart,164,Method/Function,GeminiVisionService._extractKeyFrames,Future<List<Uint8List>>,Private,STATICALLY_VALID,"Params: (File file, {int count = 3})"
lib/services/ai/google_ai_mode_service.dart,9,Class,GoogleAiModeService,,Public,STATICALLY_VALID,Base Class
lib/services/ai/google_ai_mode_service.dart,48,Method/Function,GoogleAiModeService.testConnection,Future<bool>,Public,STATICALLY_VALID,Params: (String apiKey)
lib/services/ai/google_ai_mode_service.dart,72,Method/Function,GoogleAiModeService.UnimplementedError,throw,Public,STATICALLY_VALID,Params: ('Google AI Mode does not support embeddi...)
lib/services/ai/google_ai_mode_service.dart,117,Method/Function,GoogleAiModeService.Exception,throw,Public,STATICALLY_VALID,Params: ('SerpApi Error: ${data['error']}')
lib/services/ai/google_ai_mode_service.dart,121,Method/Function,GoogleAiModeService.Exception,throw,Public,STATICALLY_VALID,Params: ('Failed to load AI Mode results: ${respo...)
lib/services/ai/google_ai_mode_service.dart,146,Method/Function,GoogleAiModeService.UnimplementedError,throw,Public,STATICALLY_VALID,"Params: (""Video generation not supported by Googl...)"
lib/services/ai/google_ai_mode_service.dart,151,Method/Function,GoogleAiModeService.UnimplementedError,throw,Public,STATICALLY_VALID,"Params: (""Task status check not supported by Goog...)"
lib/services/ai/intent_classifier_service.dart,13,Class,IntentClassifierService,,Public,STATICALLY_VALID,Base Class
lib/services/ai/intent_classifier_service.dart,22,Method/Function,IntentClassifierService._trainClassifier,void,Private,STATICALLY_VALID,Params: ()
lib/services/ai/intent_classifier_service.dart,109,Method/Function,IntentClassifierService.FormatException,throw,Public,STATICALLY_VALID,"Params: (""No JSON object found in response: $raw"")"
lib/services/ai/intent_classifier_service.dart,138,Method/Function,IntentClassifierService._cleanJson,String,Private,STATICALLY_VALID,Params: (String raw)
lib/services/ai/intent_classifier_service.dart,160,Method/Function,IntentClassifierService._localFallback,"Map<String,",Private,STATICALLY_VALID,"Params: (String text, AppContext? context)"
lib/services/ai/intent_classifier_service.dart,197,Method/Function,IntentClassifierService._containsGoogleSearchRequest,bool,Private,STATICALLY_VALID,Params: (String text)
lib/services/ai/intent_classifier_service.dart,207,Method/Function,IntentClassifierService._containsVisualExpansionRequest,bool,Private,STATICALLY_VALID,"Params: (String text, bool hasMedia)"
lib/services/ai/intent_classifier_service.dart,283,Method/Function,IntentClassifierService._isTikTokUrl,bool,Private,STATICALLY_VALID,Params: (Uri url)
lib/services/ai/intent_classifier_service.dart,287,Method/Function,IntentClassifierService._containsTrendRequest,bool,Private,STATICALLY_VALID,Params: (String text)
lib/services/ai/intent_classifier_service.dart,301,Method/Function,IntentClassifierService._containsAdRequest,bool,Private,STATICALLY_VALID,Params: (String text)
lib/services/ai/intent_classifier_service.dart,320,Method/Function,IntentClassifierService._containsCodeRequest,bool,Private,STATICALLY_VALID,Params: (String text)
lib/services/ai/intent_classifier_service.dart,333,Method/Function,IntentClassifierService._containsImageRequest,bool,Private,STATICALLY_VALID,Params: (String text)
lib/services/ai/intent_classifier_service.dart,353,Method/Function,IntentClassifierService._containsVideoRequest,bool,Private,STATICALLY_VALID,Params: (String text)
lib/services/ai/intent_classifier_service.dart,370,Method/Function,IntentClassifierService._containsInstagramRequest,bool,Private,STATICALLY_VALID,Params: (String text)
lib/services/ai/intent_classifier_service.dart,383,Method/Function,IntentClassifierService._containsAlibabaRequest,bool,Private,STATICALLY_VALID,Params: (String text)
lib/services/ai/intent_classifier_service.dart,396,Method/Function,IntentClassifierService._containsVisualSearchRequest,bool,Private,STATICALLY_VALID,Params: (String text)
lib/services/ai/intent_classifier_service.dart,411,Method/Function,IntentClassifierService._isPotentialProduct,bool,Private,STATICALLY_VALID,Params: (String text)
lib/services/ai/intent_classifier_service.dart,535,Method/Function,IntentClassifierService._isExplicitProductMention,bool,Private,STATICALLY_VALID,Params: (String text)
lib/services/ai/intent_classifier_service.dart,552,Method/Function,IntentClassifierService.analyzeSentiment,Sentiment,Public,STATICALLY_VALID,Params: (String text)
lib/services/ai/model_capability_service.dart,11,Class,ModelCapabilityService,GetxService,Public,STATICALLY_VALID,Extends GetxService
lib/services/ai/model_capability_service.dart,14,Method/Function,ModelCapabilityService.isModelAvailable,bool,Public,STATICALLY_VALID,Params: (String modelId)
lib/services/ai/model_capability_service.dart,17,Method/Function,ModelCapabilityService.checkAllCapabilities,Future<void>,Public,STATICALLY_VALID,Params: ()
lib/services/ai/model_capability_service.dart,72,Method/Function,ModelCapabilityService.getBestVideoModel,String,Public,STATICALLY_VALID,Params: ()
lib/services/ai/naive_bayes_classifier.dart,4,Class,NaiveBayesClassifier,,Public,STATICALLY_VALID,Base Class
lib/services/ai/naive_bayes_classifier.dart,18,Method/Function,NaiveBayesClassifier.train,void,Public,STATICALLY_VALID,"Params: (Map<String, String> data)"
lib/services/ai/naive_bayes_classifier.dart,24,Method/Function,NaiveBayesClassifier._trainSingle,void,Private,STATICALLY_VALID,"Params: (String text, String label)"
lib/services/ai/naive_bayes_classifier.dart,41,Method/Function,NaiveBayesClassifier.predict,"Map<String,",Public,STATICALLY_VALID,Params: (String text)
lib/services/ai/naive_bayes_classifier.dart,78,Method/Function,NaiveBayesClassifier._tokenize,List<String>,Private,STATICALLY_VALID,Params: (String text)
lib/services/ai/openrouter_video_service.dart,10,Class,OpenRouterVideoService,GetxService,Public,STATICALLY_VALID,Extends GetxService
lib/services/ai/openrouter_video_service.dart,25,Method/Function,OpenRouterVideoService.Exception,throw,Public,STATICALLY_VALID,"Params: (""مفتاح OpenRouter مفقود. يرجى إضافته في ...)"
lib/services/ai/openrouter_video_service.dart,63,Method/Function,OpenRouterVideoService.Exception,throw,Public,STATICALLY_VALID,"Params: (""فشل بدء توليد الفيديو في OpenRouter: ${...)"
lib/services/ai/openrouter_video_service.dart,65,Method/Function,OpenRouterVideoService.Exception,throw,Public,STATICALLY_VALID,Params: (e.message)
lib/services/ai/openrouter_video_service.dart,89,Method/Function,OpenRouterVideoService.Exception,throw,Public,STATICALLY_VALID,"Params: (""استجابة غير صالحة من OpenRouter"")"
lib/services/ai/openrouter_video_service.dart,91,Method/Function,OpenRouterVideoService.Exception,throw,Public,STATICALLY_VALID,"Params: (""فشل فحص حالة المهمة في OpenRouter: $e"")"
lib/services/ai/remote_segmentation_service.dart,15,Class,RemoteSegmentationService,GetxService,Public,STATICALLY_VALID,Extends GetxService
lib/services/ai/remote_segmentation_service.dart,24,Method/Function,RemoteSegmentationService.removeBackground,Future<File?>,Public,STATICALLY_VALID,Params: (File sourceImage)
lib/services/ai/remote_segmentation_service.dart,50,Method/Function,RemoteSegmentationService.removeBackgroundFromBytes,Future<Uint8List?>,Public,STATICALLY_VALID,Params: (Uint8List imageBytes)
lib/services/ai/scene_director_service.dart,9,Class,SceneDirectorService,GetxService,Public,STATICALLY_VALID,Extends GetxService
lib/services/ai/scene_director_service.dart,13,Method/Function,SceneDirectorService.createProfessionalPrompt,Future<String>,Public,STATICALLY_VALID,Params: (File productImage)
lib/services/ai/scene_director_service.dart,43,Method/Function,SceneDirectorService._extractEnglishPrompt,String,Private,STATICALLY_VALID,Params: (String response)
lib/services/ai/vision_product_service.dart,14,Class,VisionProductService,GetxService,Public,STATICALLY_VALID,Extends GetxService
lib/services/ai/vision_product_service.dart,21,Method/Function,VisionProductService.analyzeImage,Future<ProductVisionResult>,Public,STATICALLY_VALID,"Params: (File image, {BrandIdentity? brand, dio.C...)"
lib/services/api/jina_service.dart,6,Class,JinaService,,Public,STATICALLY_VALID,Base Class
lib/services/api/jina_service.dart,10,Method/Function,JinaService.fetchCleanContent,Future<String?>,Public,STATICALLY_VALID,Params: (String url)
lib/services/api/jina_service.dart,23,Method/Function,JinaService.Duration,const,Public,STATICALLY_VALID,Params: (seconds: 15)
lib/services/api/jina_service.dart,25,Method/Function,JinaService.TimeoutException,throw,Public,STATICALLY_VALID,"Params: (""انتهى وقت الاتصال. Jina AI استغرق أكثر ...)"
lib/services/api/jina_service.dart,41,Method/Function,JinaService.Exception,throw,Public,STATICALLY_VALID,"Params: (""فشل برمز حالة: ${response.statusCode}"")"
lib/services/api/jina_service.dart,54,Method/Function,JinaService.testJinaReader,Future<void>,Public,STATICALLY_VALID,Params: (String productUrl)
lib/services/api/social_media_api_client.dart,5,Class,SocialMediaApiClient,,Public,STATICALLY_VALID,Base Class
lib/services/api/tiktok_api_client.dart,7,Class,TikTokApiClient,,Public,STATICALLY_VALID,Base Class
lib/services/api/tiktok_api_client.dart,77,Method/Function,TikTokApiClient.Exception,throw,Public,STATICALLY_VALID,"Params: (""TikTok API credentials not configured o...)"
lib/services/api/tiktok_api_client.dart,145,Method/Function,TikTokApiClient._getAccessToken,Future<String>,Private,STATICALLY_VALID,Params: ()
lib/services/api/tiktok_api_client.dart,165,Method/Function,TikTokApiClient.Exception,throw,Public,STATICALLY_VALID,"Params: (""Response error: ${response.data}"")"
lib/services/api/tiktok_api_client.dart,167,Method/Function,TikTokApiClient.Exception,throw,Public,STATICALLY_VALID,"Params: (""DioError: ${e.response?.data ?? e.messa...)"
lib/services/api/tiktok_api_client.dart,192,Method/Function,TikTokApiClient.Exception,throw,Public,STATICALLY_VALID,"Params: (""Failed to fetch official TikTok videos....)"
lib/services/api/tiktok_api_client.dart,285,Method/Function,TikTokApiClient.Exception,throw,Public,STATICALLY_VALID,Params: ('Rate limit exceeded')
lib/services/api/tiktok_api_client.dart,378,Method/Function,TikTokApiClient._mapOfficialToInternal,"Map<String,",Private,STATICALLY_VALID,"Params: (Map<String, dynamic> v)"
lib/services/api/tiktok_api_client.dart,396,Method/Function,TikTokApiClient._mapProxyToInternal,"Map<String,",Private,STATICALLY_VALID,"Params: (Map<String, dynamic> v)"
lib/services/media/youtube_stream_service.dart,5,Class,YoutubeStreamService,GetxService,Public,STATICALLY_VALID,Extends GetxService
lib/services/media/youtube_stream_service.dart,10,Method/Function,YoutubeStreamService.onClose,void,Public,STATICALLY_VALID,Params: ()
lib/services/media/youtube_stream_service.dart,16,Method/Function,YoutubeStreamService.getDirectStreamUrl,Future<String?>,Public,STATICALLY_VALID,Params: (String url)
lib/services/search/platform_query_builder.dart,6,Class,PlatformQueryBuilder,,Public,STATICALLY_VALID,Base Class
lib/services/search/product_search_context.dart,4,Class,ProductSearchContext,,Public,STATICALLY_VALID,Base Class
lib/services/search/product_search_context.dart,108,Method/Function,ProductSearchContext.toMap,"Map<String,",Public,STATICALLY_VALID,Params: ()
lib/services/search/product_search_context.dart,266,Method/Function,ProductSearchContext.toString,String,Public,STATICALLY_VALID,Params: ()
lib/services/ai/data/bing_image_models.dart,1,Class,BingImageSearchResponse,,Public,STATICALLY_VALID,Base Class
lib/services/ai/data/bing_image_models.dart,18,Class,BingImageResult,,Public,STATICALLY_VALID,Base Class
lib/services/ai/data/bing_image_models.dart,50,Class,BingImageSuggestion,,Public,STATICALLY_VALID,Base Class
lib/services/ai/data/google_ai_mode_models.dart,3,Class,GoogleAiModeResult,,Public,STATICALLY_VALID,Base Class
lib/services/ai/data/google_ai_mode_models.dart,59,Class,AiTextBlock,,Public,STATICALLY_VALID,Base Class
lib/services/ai/data/google_ai_mode_models.dart,89,Class,AiListItem,,Public,STATICALLY_VALID,Base Class
lib/services/ai/data/google_ai_mode_models.dart,131,Class,AiReference,,Public,STATICALLY_VALID,Base Class
lib/services/ai/data/google_ai_mode_models.dart,163,Class,AiShoppingResult,,Public,STATICALLY_VALID,Base Class
lib/services/ai/data/google_ai_mode_models.dart,201,Class,AiLocalResult,,Public,STATICALLY_VALID,Base Class
lib/services/ai/data/google_ai_mode_models.dart,242,Class,AiInlineVideo,,Public,STATICALLY_VALID,Base Class
lib/services/ai/data/google_ai_mode_models.dart,271,Class,AiRelatedQuestion,,Public,STATICALLY_VALID,Base Class
lib/services/ai/data/google_ai_mode_models.dart,286,Class,AiBlocksParser,,Public,STATICALLY_VALID,Base Class
lib/services/ai/data/google_reverse_image_models.dart,1,Class,GoogleReverseImageResponse,,Public,STATICALLY_VALID,Base Class
lib/services/ai/data/google_reverse_image_models.dart,22,Class,ReverseImageResult,,Public,STATICALLY_VALID,Base Class
lib/services/ai/data/google_reverse_image_models.dart,48,Class,ReverseImageKnowledgeGraph,,Public,STATICALLY_VALID,Base Class
lib/services/ai/data/google_shopping_models.dart,1,Class,GoogleShoppingResult,,Public,STATICALLY_VALID,Base Class
lib/services/ai/data/google_shopping_models.dart,47,Method/Function,GoogleShoppingResult.toJson,"Map<String,",Public,STATICALLY_VALID,Params: ()
lib/services/ai/data/google_short_videos_models.dart,1,Class,GoogleShortVideosResponse,,Public,STATICALLY_VALID,Base Class
lib/services/ai/data/google_short_videos_models.dart,14,Class,ShortVideoResult,,Public,STATICALLY_VALID,Base Class
lib/screens/admin/users_list_screen.dart,12,Class,UsersListScreen,StatefulWidget,Public,STATICALLY_VALID,Extends StatefulWidget
lib/screens/admin/users_list_screen.dart,13,Method/Function,UsersListScreen.UsersListScreen,const,Public,STATICALLY_VALID,Params: ({super.key})
lib/screens/admin/users_list_screen.dart,16,Method/Function,UsersListScreen.createState,State<UsersListScreen>,Public,STATICALLY_VALID,Params: ()
lib/screens/admin/users_list_screen.dart,19,Class,_UsersListScreenState,State,Private,STATICALLY_VALID,Extends State
lib/screens/admin/users_list_screen.dart,30,Method/Function,_UsersListScreenState.initState,void,Public,STATICALLY_VALID,Params: ()
lib/screens/admin/users_list_screen.dart,40,Method/Function,_UsersListScreenState.dispose,void,Public,STATICALLY_VALID,Params: ()
lib/screens/admin/users_list_screen.dart,45,Method/Function,_UsersListScreenState._loadUsers,Future<void>,Private,STATICALLY_VALID,Params: ()
lib/screens/admin/users_list_screen.dart,54,Method/Function,_UsersListScreenState._handleDelete,void,Private,STATICALLY_VALID,Params: (dynamic userId)
lib/screens/admin/users_list_screen.dart,99,Method/Function,_UsersListScreenState._handlePromote,void,Private,STATICALLY_VALID,"Params: (dynamic userId, String currentRole)"
lib/screens/admin/users_list_screen.dart,149,Method/Function,_UsersListScreenState._showSubscriptionManager,void,Private,STATICALLY_VALID,"Params: (Map<String, dynamic> user)"
lib/screens/admin/users_list_screen.dart,182,Method/Function,_UsersListScreenState.Icon,const,Public,STATICALLY_VALID,"Params: (Icons.stars_rounded, color: Color(0xFFFF...)"
lib/screens/admin/users_list_screen.dart,183,Method/Function,_UsersListScreenState.SizedBox,const,Public,STATICALLY_VALID,Params: (width: 10)
lib/screens/admin/users_list_screen.dart,209,Method/Function,_UsersListScreenState.SizedBox,const,Public,STATICALLY_VALID,Params: (height: 10)
lib/screens/admin/users_list_screen.dart,225,Method/Function,_UsersListScreenState.SizedBox,const,Public,STATICALLY_VALID,Params: (height: 10)
lib/screens/admin/users_list_screen.dart,299,Method/Function,_UsersListScreenState.SizedBox,const,Public,STATICALLY_VALID,Params: (width: 12)
lib/screens/admin/users_list_screen.dart,315,Method/Function,_UsersListScreenState.Icon,const,Public,STATICALLY_VALID,"Params: (Icons.chevron_left_rounded, color: Color...)"
lib/screens/admin/users_list_screen.dart,322,Method/Function,_UsersListScreenState._openPermissionsEditor,Future<void>,Private,STATICALLY_VALID,"Params: (Map<String, dynamic> user)"
lib/screens/admin/users_list_screen.dart,353,Method/Function,_UsersListScreenState.SizedBox,const,Public,STATICALLY_VALID,Params: (height: 24)
lib/screens/admin/users_list_screen.dart,362,Method/Function,_UsersListScreenState.SizedBox,const,Public,STATICALLY_VALID,Params: (height: 24)
lib/screens/admin/users_list_screen.dart,431,Method/Function,_UsersListScreenState.SizedBox,const,Public,STATICALLY_VALID,Params: (width: 12)
lib/screens/admin/users_list_screen.dart,488,Method/Function,_UsersListScreenState.build,Widget,Public,STATICALLY_VALID,Params: (BuildContext context)
lib/screens/admin/users_list_screen.dart,588,Method/Function,_UsersListScreenState.SizedBox,const,Public,STATICALLY_VALID,Params: (width: 6)
lib/screens/admin/users_list_screen.dart,603,Method/Function,_UsersListScreenState.SizedBox,const,Public,STATICALLY_VALID,Params: (height: 6)
lib/screens/admin/users_list_screen.dart,628,Method/Function,_UsersListScreenState.SizedBox,const,Public,STATICALLY_VALID,Params: (width: 6)
lib/screens/auth/account_confirmation_screen.dart,13,Class,AccountConfirmationScreen,StatefulWidget,Public,STATICALLY_VALID,Extends StatefulWidget
lib/screens/auth/account_confirmation_screen.dart,14,Method/Function,AccountConfirmationScreen.AccountConfirmationScreen,const,Public,STATICALLY_VALID,Params: ({super.key})
lib/screens/auth/account_confirmation_screen.dart,17,Method/Function,AccountConfirmationScreen.createState,State<AccountConfirmationScreen>,Public,STATICALLY_VALID,Params: ()
lib/screens/auth/account_confirmation_screen.dart,20,Class,_AccountConfirmationScreenState,State,Private,STATICALLY_VALID,Extends State
lib/screens/auth/account_confirmation_screen.dart,30,Method/Function,_AccountConfirmationScreenState.initState,void,Public,STATICALLY_VALID,Params: ()
lib/screens/auth/account_confirmation_screen.dart,44,Method/Function,_AccountConfirmationScreenState.dispose,void,Public,STATICALLY_VALID,Params: ()
lib/screens/auth/account_confirmation_screen.dart,50,Method/Function,_AccountConfirmationScreenState._confirmAccount,Future<void>,Private,STATICALLY_VALID,Params: ()
lib/screens/auth/account_confirmation_screen.dart,76,Method/Function,_AccountConfirmationScreenState.build,Widget,Public,STATICALLY_VALID,Params: (BuildContext context)
lib/screens/auth/account_confirmation_screen.dart,98,Method/Function,_AccountConfirmationScreenState.BrandAnchor,const,Public,STATICALLY_VALID,Params: (size: 60)
lib/screens/auth/account_confirmation_screen.dart,99,Method/Function,_AccountConfirmationScreenState.SizedBox,const,Public,STATICALLY_VALID,Params: (height: 24)
lib/screens/auth/account_confirmation_screen.dart,108,Method/Function,_AccountConfirmationScreenState.SizedBox,const,Public,STATICALLY_VALID,Params: (height: 12)
lib/screens/auth/account_confirmation_screen.dart,117,Method/Function,_AccountConfirmationScreenState.SizedBox,const,Public,STATICALLY_VALID,Params: (height: 35)
lib/screens/auth/account_confirmation_screen.dart,125,Method/Function,_AccountConfirmationScreenState.SizedBox,const,Public,STATICALLY_VALID,Params: (height: 32)
lib/screens/auth/account_confirmation_screen.dart,131,Method/Function,_AccountConfirmationScreenState.SizedBox,const,Public,STATICALLY_VALID,Params: (height: 24)
lib/screens/auth/edit_profile_screen.dart,16,Class,EditProfileScreen,StatefulWidget,Public,STATICALLY_VALID,Extends StatefulWidget
lib/screens/auth/edit_profile_screen.dart,17,Method/Function,EditProfileScreen.EditProfileScreen,const,Public,STATICALLY_VALID,Params: ({super.key})
lib/screens/auth/edit_profile_screen.dart,20,Method/Function,EditProfileScreen.createState,State<EditProfileScreen>,Public,STATICALLY_VALID,Params: ()
lib/screens/auth/edit_profile_screen.dart,23,Class,_EditProfileScreenState,State,Private,STATICALLY_VALID,Extends State
lib/screens/auth/edit_profile_screen.dart,41,Method/Function,_EditProfileScreenState.initState,void,Public,STATICALLY_VALID,Params: ()
lib/screens/auth/edit_profile_screen.dart,56,Method/Function,_EditProfileScreenState.dispose,void,Public,STATICALLY_VALID,Params: ()
lib/screens/auth/edit_profile_screen.dart,63,Method/Function,_EditProfileScreenState._pickImage,Future<void>,Private,STATICALLY_VALID,"Params: (ImageSource source, bool isProfile)"
lib/screens/auth/edit_profile_screen.dart,80,Method/Function,_EditProfileScreenState._handleSave,Future<void>,Private,STATICALLY_VALID,Params: ()
lib/screens/auth/edit_profile_screen.dart,109,Method/Function,_EditProfileScreenState.build,Widget,Public,STATICALLY_VALID,Params: (BuildContext context)
lib/screens/auth/edit_profile_screen.dart,142,Method/Function,_EditProfileScreenState.SizedBox,const,Public,STATICALLY_VALID,Params: (height: 100)
lib/screens/auth/edit_profile_screen.dart,148,Method/Function,_EditProfileScreenState.SizedBox,const,Public,STATICALLY_VALID,Params: (height: 20)
lib/screens/auth/edit_profile_screen.dart,155,Method/Function,_EditProfileScreenState.SizedBox,const,Public,STATICALLY_VALID,Params: (height: 25)
lib/screens/auth/edit_profile_screen.dart,166,Method/Function,_EditProfileScreenState.SizedBox,const,Public,STATICALLY_VALID,Params: (height: 30)
lib/screens/auth/edit_profile_screen.dart,168,Method/Function,_EditProfileScreenState.SizedBox,const,Public,STATICALLY_VALID,Params: (height: 50)
lib/screens/auth/edit_profile_screen.dart,187,Method/Function,_EditProfileScreenState._buildSliverAppBar,Widget,Private,STATICALLY_VALID,Params: ()
lib/screens/auth/edit_profile_screen.dart,215,Method/Function,_EditProfileScreenState.if,else,Public,STATICALLY_VALID,Params: (_auth.user?['cover_url'] != null)
lib/screens/auth/edit_profile_screen.dart,245,Method/Function,_EditProfileScreenState._buildOverlappingImages,Widget,Private,STATICALLY_VALID,Params: ()
lib/screens/auth/edit_profile_screen.dart,326,Method/Function,_EditProfileScreenState._buildGlassCard,Widget,Private,STATICALLY_VALID,Params: ({required Widget child})
lib/screens/auth/edit_profile_screen.dart,368,Method/Function,_EditProfileScreenState.SizedBox,const,Public,STATICALLY_VALID,Params: (height: 10)
lib/screens/auth/edit_profile_screen.dart,396,Method/Function,_EditProfileScreenState._buildSectionTitle,Widget,Private,STATICALLY_VALID,Params: (String title)
lib/screens/auth/edit_profile_screen.dart,407,Method/Function,_EditProfileScreenState.SizedBox,const,Public,STATICALLY_VALID,Params: (width: 10)
lib/screens/auth/edit_profile_screen.dart,421,Method/Function,_EditProfileScreenState._buildSaveButton,Widget,Private,STATICALLY_VALID,Params: ()
lib/screens/auth/edit_profile_screen.dart,458,Method/Function,_EditProfileScreenState._buildNetworkImage,Widget,Private,STATICALLY_VALID,Params: (String url)
lib/screens/auth/edit_profile_screen.dart,471,Method/Function,_EditProfileScreenState._getImageProvider,ImageProvider,Private,STATICALLY_VALID,Params: (String path)
lib/screens/auth/login_screen.dart,15,Class,LoginScreen,StatefulWidget,Public,STATICALLY_VALID,Extends StatefulWidget
lib/screens/auth/login_screen.dart,16,Method/Function,LoginScreen.LoginScreen,const,Public,STATICALLY_VALID,Params: ({super.key})
lib/screens/auth/login_screen.dart,19,Method/Function,LoginScreen.createState,State<LoginScreen>,Public,STATICALLY_VALID,Params: ()
lib/screens/auth/login_screen.dart,22,Class,_LoginScreenState,State,Private,STATICALLY_VALID,Extends State
lib/screens/auth/login_screen.dart,31,Method/Function,_LoginScreenState.initState,void,Public,STATICALLY_VALID,Params: ()
lib/screens/auth/login_screen.dart,40,Method/Function,_LoginScreenState.dispose,void,Public,STATICALLY_VALID,Params: ()
lib/screens/auth/login_screen.dart,47,Method/Function,_LoginScreenState._login,Future<void>,Private,STATICALLY_VALID,Params: ()
lib/screens/auth/login_screen.dart,64,Method/Function,_LoginScreenState.build,Widget,Public,STATICALLY_VALID,Params: (BuildContext context)
lib/screens/auth/login_screen.dart,97,Method/Function,_LoginScreenState._buildLoginCard,Widget,Private,STATICALLY_VALID,Params: ()
lib/screens/auth/login_screen.dart,109,Method/Function,_LoginScreenState.BrandAnchor,const,Public,STATICALLY_VALID,Params: (size: 60)
lib/screens/auth/login_screen.dart,110,Method/Function,_LoginScreenState.SizedBox,const,Public,STATICALLY_VALID,Params: (height: 24)
lib/screens/auth/login_screen.dart,119,Method/Function,_LoginScreenState.SizedBox,const,Public,STATICALLY_VALID,Params: (height: 8)
lib/screens/auth/login_screen.dart,127,Method/Function,_LoginScreenState.SizedBox,const,Public,STATICALLY_VALID,Params: (height: 40)
lib/screens/auth/login_screen.dart,140,Method/Function,_LoginScreenState.SizedBox,const,Public,STATICALLY_VALID,Params: (height: 20)
lib/screens/auth/login_screen.dart,156,Method/Function,_LoginScreenState.SizedBox,const,Public,STATICALLY_VALID,Params: (height: 12)
lib/screens/auth/login_screen.dart,188,Method/Function,_LoginScreenState.SizedBox,const,Public,STATICALLY_VALID,Params: (height: 24)
lib/screens/auth/login_screen.dart,197,Method/Function,_LoginScreenState.SizedBox,const,Public,STATICALLY_VALID,Params: (height: 24)
lib/screens/auth/login_screen.dart,199,Method/Function,_LoginScreenState.SizedBox,const,Public,STATICALLY_VALID,Params: (height: 24)
lib/screens/auth/login_screen.dart,203,Method/Function,_LoginScreenState.SizedBox,const,Public,STATICALLY_VALID,Params: (height: 32)
lib/screens/auth/login_screen.dart,212,Method/Function,_LoginScreenState._buildGoogleButton,Widget,Private,STATICALLY_VALID,Params: ()
lib/screens/auth/login_screen.dart,231,Method/Function,_LoginScreenState.SizedBox,const,Public,STATICALLY_VALID,Params: (width: 8)
lib/screens/auth/login_screen.dart,249,Method/Function,_LoginScreenState._buildSocialDivider,Widget,Private,STATICALLY_VALID,Params: ()
lib/screens/auth/login_screen.dart,252,Method/Function,_LoginScreenState.Expanded,const,Public,STATICALLY_VALID,Params: (child: Divider(color: Colors.white10)
lib/screens/auth/login_screen.dart,260,Method/Function,_LoginScreenState.Expanded,const,Public,STATICALLY_VALID,Params: (child: Divider(color: Colors.white10)
lib/screens/auth/login_screen.dart,265,Method/Function,_LoginScreenState._buildFooter,Widget,Private,STATICALLY_VALID,Params: ()
lib/screens/auth/login_screen.dart,288,Method/Function,_LoginScreenState._showForgotPasswordBottomSheet,void,Private,STATICALLY_VALID,Params: ()
lib/screens/auth/login_screen.dart,301,Method/Function,_LoginScreenState.BrandAnchor,const,Public,STATICALLY_VALID,Params: (size: 40)
lib/screens/auth/login_screen.dart,302,Method/Function,_LoginScreenState.SizedBox,const,Public,STATICALLY_VALID,Params: (height: 24)
lib/screens/auth/login_screen.dart,311,Method/Function,_LoginScreenState.SizedBox,const,Public,STATICALLY_VALID,Params: (height: 12)
lib/screens/auth/login_screen.dart,317,Method/Function,_LoginScreenState.SizedBox,const,Public,STATICALLY_VALID,Params: (height: 32)
lib/screens/auth/login_screen.dart,324,Method/Function,_LoginScreenState.SizedBox,const,Public,STATICALLY_VALID,Params: (height: 32)
lib/screens/auth/login_screen.dart,339,Method/Function,_LoginScreenState.SizedBox,const,Public,STATICALLY_VALID,Params: (height: 20)
lib/screens/auth/password_reset_otp_screen.dart,14,Class,PasswordResetOtpScreen,StatefulWidget,Public,STATICALLY_VALID,Extends StatefulWidget
lib/screens/auth/password_reset_otp_screen.dart,17,Method/Function,PasswordResetOtpScreen.PasswordResetOtpScreen,const,Public,STATICALLY_VALID,"Params: ({super.key, required this.email})"
lib/screens/auth/password_reset_otp_screen.dart,20,Method/Function,PasswordResetOtpScreen.createState,State<PasswordResetOtpScreen>,Public,STATICALLY_VALID,Params: ()
lib/screens/auth/password_reset_otp_screen.dart,23,Class,_PasswordResetOtpScreenState,State,Private,STATICALLY_VALID,Extends State
lib/screens/auth/password_reset_otp_screen.dart,37,Method/Function,_PasswordResetOtpScreenState.initState,void,Public,STATICALLY_VALID,Params: ()
lib/screens/auth/password_reset_otp_screen.dart,46,Method/Function,_PasswordResetOtpScreenState.dispose,void,Public,STATICALLY_VALID,Params: ()
lib/screens/auth/password_reset_otp_screen.dart,54,Method/Function,_PasswordResetOtpScreenState._confirmReset,Future<void>,Private,STATICALLY_VALID,Params: ()
lib/screens/auth/password_reset_otp_screen.dart,85,Method/Function,_PasswordResetOtpScreenState.build,Widget,Public,STATICALLY_VALID,Params: (BuildContext context)
lib/screens/auth/password_reset_otp_screen.dart,109,Method/Function,_PasswordResetOtpScreenState.BrandAnchor,const,Public,STATICALLY_VALID,Params: (size: 60)
lib/screens/auth/password_reset_otp_screen.dart,110,Method/Function,_PasswordResetOtpScreenState.SizedBox,const,Public,STATICALLY_VALID,Params: (height: 24)
lib/screens/auth/password_reset_otp_screen.dart,120,Method/Function,_PasswordResetOtpScreenState.SizedBox,const,Public,STATICALLY_VALID,Params: (height: 12)
lib/screens/auth/password_reset_otp_screen.dart,129,Method/Function,_PasswordResetOtpScreenState.SizedBox,const,Public,STATICALLY_VALID,Params: (height: 32)
lib/screens/auth/password_reset_otp_screen.dart,137,Method/Function,_PasswordResetOtpScreenState.SizedBox,const,Public,STATICALLY_VALID,Params: (height: 16)
lib/screens/auth/password_reset_otp_screen.dart,153,Method/Function,_PasswordResetOtpScreenState.SizedBox,const,Public,STATICALLY_VALID,Params: (height: 16)
lib/screens/auth/password_reset_otp_screen.dart,169,Method/Function,_PasswordResetOtpScreenState.SizedBox,const,Public,STATICALLY_VALID,Params: (height: 32)
lib/screens/auth/password_reset_otp_screen.dart,175,Method/Function,_PasswordResetOtpScreenState.SizedBox,const,Public,STATICALLY_VALID,Params: (height: 10)
lib/screens/auth/signup_screen.dart,13,Class,SignupScreen,StatefulWidget,Public,STATICALLY_VALID,Extends StatefulWidget
lib/screens/auth/signup_screen.dart,14,Method/Function,SignupScreen.SignupScreen,const,Public,STATICALLY_VALID,Params: ({super.key})
lib/screens/auth/signup_screen.dart,17,Method/Function,SignupScreen.createState,State<SignupScreen>,Public,STATICALLY_VALID,Params: ()
lib/screens/auth/signup_screen.dart,20,Class,_SignupScreenState,State,Private,STATICALLY_VALID,Extends State
lib/screens/auth/signup_screen.dart,32,Method/Function,_SignupScreenState.initState,void,Public,STATICALLY_VALID,Params: ()
lib/screens/auth/signup_screen.dart,41,Method/Function,_SignupScreenState.dispose,void,Public,STATICALLY_VALID,Params: ()
lib/screens/auth/signup_screen.dart,50,Method/Function,_SignupScreenState._signup,Future<void>,Private,STATICALLY_VALID,Params: ()
lib/screens/auth/signup_screen.dart,68,Method/Function,_SignupScreenState.build,Widget,Public,STATICALLY_VALID,Params: (BuildContext context)
lib/screens/auth/signup_screen.dart,94,Method/Function,_SignupScreenState._buildSignupCard,Widget,Private,STATICALLY_VALID,Params: ()
lib/screens/auth/signup_screen.dart,106,Method/Function,_SignupScreenState.BrandAnchor,const,Public,STATICALLY_VALID,Params: (size: 60)
lib/screens/auth/signup_screen.dart,107,Method/Function,_SignupScreenState.SizedBox,const,Public,STATICALLY_VALID,Params: (height: 24)
lib/screens/auth/signup_screen.dart,116,Method/Function,_SignupScreenState.SizedBox,const,Public,STATICALLY_VALID,Params: (height: 8)
lib/screens/auth/signup_screen.dart,124,Method/Function,_SignupScreenState.SizedBox,const,Public,STATICALLY_VALID,Params: (height: 32)
lib/screens/auth/signup_screen.dart,137,Method/Function,_SignupScreenState.SizedBox,const,Public,STATICALLY_VALID,Params: (height: 16)
lib/screens/auth/signup_screen.dart,145,Method/Function,_SignupScreenState.SizedBox,const,Public,STATICALLY_VALID,Params: (height: 16)
lib/screens/auth/signup_screen.dart,161,Method/Function,_SignupScreenState.SizedBox,const,Public,STATICALLY_VALID,Params: (height: 16)
lib/screens/auth/signup_screen.dart,177,Method/Function,_SignupScreenState.SizedBox,const,Public,STATICALLY_VALID,Params: (height: 12)
lib/screens/auth/signup_screen.dart,194,Method/Function,_SignupScreenState.SizedBox,const,Public,STATICALLY_VALID,Params: (height: 32)
lib/screens/auth/signup_screen.dart,202,Method/Function,_SignupScreenState.SizedBox,const,Public,STATICALLY_VALID,Params: (height: 24)
lib/screens/auth/signup_screen.dart,211,Method/Function,_SignupScreenState._buildFooter,Widget,Private,STATICALLY_VALID,Params: ()
lib/screens/catalog/product_catalog_screen.dart,21,Class,ProductCatalogScreen,StatelessWidget,Public,STATICALLY_VALID,Extends StatelessWidget
lib/screens/catalog/product_catalog_screen.dart,22,Method/Function,ProductCatalogScreen.ProductCatalogScreen,const,Public,STATICALLY_VALID,Params: ({super.key})
lib/screens/catalog/product_catalog_screen.dart,25,Method/Function,ProductCatalogScreen.build,Widget,Public,STATICALLY_VALID,Params: (BuildContext context)
lib/screens/catalog/product_catalog_screen.dart,52,Method/Function,ProductCatalogScreen._buildSliverAppBar,Widget,Private,STATICALLY_VALID,Params: (CatalogController ctrl)
lib/screens/catalog/product_catalog_screen.dart,94,Method/Function,ProductCatalogScreen.SizedBox,const,Public,STATICALLY_VALID,Params: (width: 4)
lib/screens/catalog/product_catalog_screen.dart,108,Method/Function,ProductCatalogScreen.SizedBox,const,Public,STATICALLY_VALID,Params: (width: 6)
lib/screens/catalog/product_catalog_screen.dart,225,Method/Function,ProductCatalogScreen._buildOperationProgressBanner,Widget,Private,STATICALLY_VALID,Params: (CatalogController ctrl)
lib/screens/catalog/product_catalog_screen.dart,250,Method/Function,ProductCatalogScreen.SizedBox,const,Public,STATICALLY_VALID,Params: (width: 12)
lib/screens/catalog/product_catalog_screen.dart,286,Method/Function,ProductCatalogScreen._buildFeedUrlCard,Widget,Private,STATICALLY_VALID,Params: (CatalogController ctrl)
lib/screens/catalog/product_catalog_screen.dart,308,Method/Function,ProductCatalogScreen.Icon,const,Public,STATICALLY_VALID,"Params: (Icons.link_rounded, color: Color(0xFF187...)"
lib/screens/catalog/product_catalog_screen.dart,309,Method/Function,ProductCatalogScreen.SizedBox,const,Public,STATICALLY_VALID,Params: (width: 8)
lib/screens/catalog/product_catalog_screen.dart,343,Method/Function,ProductCatalogScreen.SizedBox,const,Public,STATICALLY_VALID,Params: (height: 6)
lib/screens/catalog/product_catalog_screen.dart,356,Method/Function,ProductCatalogScreen.SizedBox,const,Public,STATICALLY_VALID,Params: (height: 8)
lib/screens/catalog/product_catalog_screen.dart,373,Method/Function,ProductCatalogScreen.SizedBox,const,Public,STATICALLY_VALID,Params: (width: 8)
lib/screens/catalog/product_catalog_screen.dart,399,Method/Function,ProductCatalogScreen._buildActionButtons,Widget,Private,STATICALLY_VALID,Params: (CatalogController ctrl)
lib/screens/catalog/product_catalog_screen.dart,450,Method/Function,ProductCatalogScreen._buildSearchBar,Widget,Private,STATICALLY_VALID,Params: (CatalogController ctrl)
lib/screens/catalog/product_catalog_screen.dart,478,Method/Function,ProductCatalogScreen._buildSortSelector,Widget,Private,STATICALLY_VALID,Params: (CatalogController ctrl)
lib/screens/catalog/product_catalog_screen.dart,505,Method/Function,ProductCatalogScreen.Icon,const,Public,STATICALLY_VALID,"Params: (Icons.sort_rounded, color: Color(0xFF187...)"
lib/screens/catalog/product_catalog_screen.dart,506,Method/Function,ProductCatalogScreen.SizedBox,const,Public,STATICALLY_VALID,Params: (width: 6)
lib/screens/catalog/product_catalog_screen.dart,515,Method/Function,ProductCatalogScreen.SizedBox,const,Public,STATICALLY_VALID,Params: (width: 4)
lib/screens/catalog/product_catalog_screen.dart,516,Method/Function,ProductCatalogScreen.Icon,const,Public,STATICALLY_VALID,"Params: (Icons.arrow_drop_down_rounded, color: Co...)"
lib/screens/catalog/product_catalog_screen.dart,522,Method/Function,ProductCatalogScreen.SizedBox,const,Public,STATICALLY_VALID,Params: (width: 8)
lib/screens/catalog/product_catalog_screen.dart,541,Method/Function,ProductCatalogScreen.Icon,const,Public,STATICALLY_VALID,"Params: (Icons.grid_view_rounded, color: Colors.w...)"
lib/screens/catalog/product_catalog_screen.dart,542,Method/Function,ProductCatalogScreen.SizedBox,const,Public,STATICALLY_VALID,Params: (width: 6)
lib/screens/catalog/product_catalog_screen.dart,585,Method/Function,ProductCatalogScreen._showSortBottomSheet,void,Private,STATICALLY_VALID,Params: (CatalogController ctrl)
lib/screens/catalog/product_catalog_screen.dart,608,Method/Function,ProductCatalogScreen.SizedBox,const,Public,STATICALLY_VALID,Params: (height: 16)
lib/screens/catalog/product_catalog_screen.dart,638,Method/Function,ProductCatalogScreen._buildCategoryFilter,Widget,Private,STATICALLY_VALID,Params: (CatalogController ctrl)
lib/screens/catalog/product_catalog_screen.dart,665,Method/Function,ProductCatalogScreen.Spacer,const,Public,STATICALLY_VALID,Params: ()
lib/screens/catalog/product_catalog_screen.dart,680,Method/Function,ProductCatalogScreen.Icon,const,Public,STATICALLY_VALID,"Params: (Icons.swap_vert_rounded, size: 14, color...)"
lib/screens/catalog/product_catalog_screen.dart,681,Method/Function,ProductCatalogScreen.SizedBox,const,Public,STATICALLY_VALID,Params: (width: 4)
lib/screens/catalog/product_catalog_screen.dart,695,Method/Function,ProductCatalogScreen.SizedBox,const,Public,STATICALLY_VALID,Params: (width: 8)
lib/screens/catalog/product_catalog_screen.dart,727,Method/Function,ProductCatalogScreen.SizedBox,const,Public,STATICALLY_VALID,Params: (height: 8)
lib/screens/catalog/product_catalog_screen.dart,770,Method/Function,ProductCatalogScreen.SizedBox,const,Public,STATICALLY_VALID,Params: (height: 2)
lib/screens/catalog/product_catalog_screen.dart,796,Method/Function,ProductCatalogScreen._showAllCategoriesSheet,void,Private,STATICALLY_VALID,Params: (CatalogController ctrl)
lib/screens/catalog/product_catalog_screen.dart,811,Method/Function,ProductCatalogScreen.Icon,const,Public,STATICALLY_VALID,"Params: (Icons.category_rounded, color: Color(0xF...)"
lib/screens/catalog/product_catalog_screen.dart,812,Method/Function,ProductCatalogScreen.SizedBox,const,Public,STATICALLY_VALID,Params: (width: 8)
lib/screens/catalog/product_catalog_screen.dart,822,Method/Function,ProductCatalogScreen.Spacer,const,Public,STATICALLY_VALID,Params: ()
lib/screens/catalog/product_catalog_screen.dart,829,Method/Function,ProductCatalogScreen.SizedBox,const,Public,STATICALLY_VALID,Params: (height: 12)
lib/screens/catalog/product_catalog_screen.dart,837,Method/Function,ProductCatalogScreen.SizedBox,const,Public,STATICALLY_VALID,Params: (width: 8)
lib/screens/catalog/product_catalog_screen.dart,854,Method/Function,ProductCatalogScreen.SizedBox,const,Public,STATICALLY_VALID,Params: (height: 12)
lib/screens/catalog/product_catalog_screen.dart,936,Method/Function,ProductCatalogScreen._buildStatsRow,Widget,Private,STATICALLY_VALID,Params: (CatalogController ctrl)
lib/screens/catalog/product_catalog_screen.dart,984,Method/Function,ProductCatalogScreen._buildAvailabilityFilter,Widget,Private,STATICALLY_VALID,Params: (CatalogController ctrl)
lib/screens/catalog/product_catalog_screen.dart,1034,Method/Function,ProductCatalogScreen._buildMediaFilter,Widget,Private,STATICALLY_VALID,Params: (CatalogController ctrl)
lib/screens/catalog/product_catalog_screen.dart,1085,Method/Function,ProductCatalogScreen._showBulkQuantitySheet,void,Private,STATICALLY_VALID,Params: (CatalogController ctrl)
lib/screens/catalog/product_catalog_screen.dart,1104,Method/Function,ProductCatalogScreen.Icon,const,Public,STATICALLY_VALID,"Params: (Icons.inventory_2_rounded, color: Colors...)"
lib/screens/catalog/product_catalog_screen.dart,1105,Method/Function,ProductCatalogScreen.SizedBox,const,Public,STATICALLY_VALID,Params: (width: 8)
lib/screens/catalog/product_catalog_screen.dart,1128,Method/Function,ProductCatalogScreen.SizedBox,const,Public,STATICALLY_VALID,Params: (height: 16)
lib/screens/catalog/product_catalog_screen.dart,1144,Method/Function,ProductCatalogScreen.SizedBox,const,Public,STATICALLY_VALID,Params: (height: 12)
lib/screens/catalog/product_catalog_screen.dart,1163,Method/Function,ProductCatalogScreen.SizedBox,const,Public,STATICALLY_VALID,Params: (width: 10)
lib/screens/catalog/product_catalog_screen.dart,1182,Method/Function,ProductCatalogScreen.SizedBox,const,Public,STATICALLY_VALID,Params: (height: 6)
lib/screens/catalog/product_catalog_screen.dart,1203,Method/Function,ProductCatalogScreen.SizedBox,const,Public,STATICALLY_VALID,Params: (height: 16)
lib/screens/catalog/product_catalog_screen.dart,1251,Method/Function,ProductCatalogScreen._buildProductGrid,Widget,Private,STATICALLY_VALID,Params: (CatalogController ctrl)
lib/screens/catalog/product_catalog_screen.dart,1270,Method/Function,ProductCatalogScreen.SizedBox,const,Public,STATICALLY_VALID,Params: (height: 16)
lib/screens/catalog/product_catalog_screen.dart,1279,Method/Function,ProductCatalogScreen.SizedBox,const,Public,STATICALLY_VALID,Params: (height: 8)
lib/screens/catalog/product_catalog_screen.dart,1339,Method/Function,ProductCatalogScreen._buildFab,Widget,Private,STATICALLY_VALID,Params: (CatalogController ctrl)
lib/screens/catalog/product_catalog_screen.dart,1354,Method/Function,ProductCatalogScreen._openProductForm,void,Private,STATICALLY_VALID,"Params: (CatalogController ctrl, {CatalogProduct?...)"
lib/screens/catalog/product_catalog_screen.dart,1362,Method/Function,ProductCatalogScreen._confirmDelete,void,Private,STATICALLY_VALID,"Params: (CatalogController ctrl, CatalogProduct p...)"
lib/screens/catalog/product_catalog_screen.dart,1384,Method/Function,ProductCatalogScreen._confirmDeleteSelected,void,Private,STATICALLY_VALID,Params: (CatalogController ctrl)
lib/screens/catalog/product_catalog_screen.dart,1402,Method/Function,ProductCatalogScreen.Icon,const,Public,STATICALLY_VALID,"Params: (Icons.admin_panel_settings_rounded, colo...)"
lib/screens/catalog/product_catalog_screen.dart,1403,Method/Function,ProductCatalogScreen.SizedBox,const,Public,STATICALLY_VALID,Params: (width: 8)
lib/screens/catalog/product_catalog_screen.dart,1421,Method/Function,ProductCatalogScreen.SizedBox,const,Public,STATICALLY_VALID,Params: (height: 16)
lib/screens/catalog/product_catalog_screen.dart,1432,Method/Function,ProductCatalogScreen.SizedBox,const,Public,STATICALLY_VALID,Params: (height: 10)
lib/screens/catalog/product_catalog_screen.dart,1485,Method/Function,ProductCatalogScreen._showBulkQuantityForSelectedSheet,void,Private,STATICALLY_VALID,Params: (CatalogController ctrl)
lib/screens/catalog/product_catalog_screen.dart,1509,Method/Function,ProductCatalogScreen.Icon,const,Public,STATICALLY_VALID,"Params: (Icons.inventory_2_rounded, color: Colors...)"
lib/screens/catalog/product_catalog_screen.dart,1510,Method/Function,ProductCatalogScreen.SizedBox,const,Public,STATICALLY_VALID,Params: (width: 8)
lib/screens/catalog/product_catalog_screen.dart,1530,Method/Function,ProductCatalogScreen.SizedBox,const,Public,STATICALLY_VALID,Params: (height: 16)
lib/screens/catalog/product_catalog_screen.dart,1549,Method/Function,ProductCatalogScreen.SizedBox,const,Public,STATICALLY_VALID,Params: (width: 10)
lib/screens/catalog/product_catalog_screen.dart,1568,Method/Function,ProductCatalogScreen.SizedBox,const,Public,STATICALLY_VALID,Params: (height: 6)
lib/screens/catalog/product_catalog_screen.dart,1589,Method/Function,ProductCatalogScreen.SizedBox,const,Public,STATICALLY_VALID,Params: (height: 16)
lib/screens/catalog/product_catalog_screen.dart,1636,Method/Function,ProductCatalogScreen._showSmartToolsSheet,void,Private,STATICALLY_VALID,Params: (CatalogController ctrl)
lib/screens/catalog/product_catalog_screen.dart,1651,Method/Function,ProductCatalogScreen.Icon,const,Public,STATICALLY_VALID,"Params: (Icons.auto_fix_high_rounded, color: Colo...)"
lib/screens/catalog/product_catalog_screen.dart,1652,Method/Function,ProductCatalogScreen.SizedBox,const,Public,STATICALLY_VALID,Params: (width: 8)
lib/screens/catalog/product_catalog_screen.dart,1670,Method/Function,ProductCatalogScreen.SizedBox,const,Public,STATICALLY_VALID,Params: (height: 14)
lib/screens/catalog/product_catalog_screen.dart,1682,Method/Function,ProductCatalogScreen.SizedBox,const,Public,STATICALLY_VALID,Params: (height: 8)
lib/screens/catalog/product_catalog_screen.dart,1694,Method/Function,ProductCatalogScreen.SizedBox,const,Public,STATICALLY_VALID,Params: (height: 6)
lib/screens/catalog/product_catalog_screen.dart,1706,Method/Function,ProductCatalogScreen.SizedBox,const,Public,STATICALLY_VALID,Params: (height: 16)
lib/screens/catalog/product_catalog_screen.dart,1717,Method/Function,ProductCatalogScreen.SizedBox,const,Public,STATICALLY_VALID,Params: (height: 8)
lib/screens/catalog/product_catalog_screen.dart,1728,Method/Function,ProductCatalogScreen.SizedBox,const,Public,STATICALLY_VALID,Params: (height: 6)
lib/screens/catalog/product_catalog_screen.dart,1740,Method/Function,ProductCatalogScreen.SizedBox,const,Public,STATICALLY_VALID,Params: (height: 6)
lib/screens/catalog/product_catalog_screen.dart,1752,Method/Function,ProductCatalogScreen.SizedBox,const,Public,STATICALLY_VALID,Params: (height: 6)
lib/screens/catalog/product_catalog_screen.dart,1763,Method/Function,ProductCatalogScreen.SizedBox,const,Public,STATICALLY_VALID,Params: (height: 6)
lib/screens/catalog/product_catalog_screen.dart,1777,Method/Function,ProductCatalogScreen.SizedBox,const,Public,STATICALLY_VALID,Params: (height: 6)
lib/screens/catalog/product_catalog_screen.dart,1792,Method/Function,ProductCatalogScreen.SizedBox,const,Public,STATICALLY_VALID,Params: (height: 8)
lib/screens/catalog/product_catalog_screen.dart,1807,Method/Function,ProductCatalogScreen.SizedBox,const,Public,STATICALLY_VALID,Params: (height: 16)
lib/screens/catalog/product_catalog_screen.dart,1833,Method/Function,ProductCatalogScreen.SizedBox,const,Public,STATICALLY_VALID,Params: (height: 10)
lib/screens/catalog/product_catalog_screen.dart,1844,Method/Function,ProductCatalogScreen.SizedBox,const,Public,STATICALLY_VALID,Params: (height: 6)
lib/screens/catalog/product_catalog_screen.dart,1870,Method/Function,ProductCatalogScreen._confirmAdminDelete,void,Private,STATICALLY_VALID,"Params: (CatalogController ctrl, {required bool p...)"
lib/screens/catalog/product_catalog_screen.dart,1909,Method/Function,ProductCatalogScreen._confirmDeleteWithoutImages,void,Private,STATICALLY_VALID,Params: (CatalogController ctrl)
lib/screens/catalog/product_catalog_screen.dart,1947,Method/Function,ProductCatalogScreen._confirmDeleteOutOfStock,void,Private,STATICALLY_VALID,Params: (CatalogController ctrl)
lib/screens/catalog/product_catalog_screen.dart,1982,Method/Function,ProductCatalogScreen._showExportDialog,void,Private,STATICALLY_VALID,"Params: (CatalogController ctrl, {bool selectedOn...)"
lib/screens/catalog/product_catalog_screen.dart,1997,Method/Function,ProductCatalogScreen.Icon,const,Public,STATICALLY_VALID,"Params: (Icons.file_download_rounded, color: Colo...)"
lib/screens/catalog/product_catalog_screen.dart,1998,Method/Function,ProductCatalogScreen.SizedBox,const,Public,STATICALLY_VALID,Params: (width: 8)
lib/screens/catalog/product_catalog_screen.dart,2016,Method/Function,ProductCatalogScreen.SizedBox,const,Public,STATICALLY_VALID,Params: (height: 16)
lib/screens/catalog/product_catalog_screen.dart,2027,Method/Function,ProductCatalogScreen.SizedBox,const,Public,STATICALLY_VALID,Params: (height: 10)
lib/screens/catalog/product_catalog_screen.dart,2157,Method/Function,ProductCatalogScreen._shareProduct,Future<void>,Private,STATICALLY_VALID,"Params: (CatalogProduct product, {bool toFacebook...)"
lib/screens/catalog/product_catalog_screen.dart,2200,Method/Function,ProductCatalogScreen._startFacebookPublishFlow,Future<void>,Private,STATICALLY_VALID,"Params: (CatalogProduct product, String shareUrl)"
lib/screens/catalog/product_catalog_screen.dart,2247,Method/Function,ProductCatalogScreen.Icon,const,Public,STATICALLY_VALID,"Params: (Icons.facebook, color: Color(0xFF1877F2)"
lib/screens/catalog/product_catalog_screen.dart,2248,Method/Function,ProductCatalogScreen.SizedBox,const,Public,STATICALLY_VALID,Params: (width: 10)
lib/screens/catalog/product_catalog_screen.dart,2266,Method/Function,ProductCatalogScreen.Divider,const,Public,STATICALLY_VALID,Params: (color: Colors.white10)
lib/screens/catalog/product_catalog_screen.dart,2267,Method/Function,ProductCatalogScreen.SizedBox,const,Public,STATICALLY_VALID,Params: (height: 12)
lib/screens/catalog/product_catalog_screen.dart,2274,Method/Function,ProductCatalogScreen.SizedBox,const,Public,STATICALLY_VALID,Params: (height: 8)
lib/screens/catalog/product_catalog_screen.dart,2293,Method/Function,ProductCatalogScreen.SizedBox,const,Public,STATICALLY_VALID,Params: (height: 16)
lib/screens/catalog/product_catalog_screen.dart,2301,Method/Function,ProductCatalogScreen.SizedBox,const,Public,STATICALLY_VALID,Params: (height: 10)
lib/screens/catalog/product_catalog_screen.dart,2417,Method/Function,ProductCatalogScreen.SizedBox,const,Public,STATICALLY_VALID,Params: (height: 24)
lib/screens/catalog/product_catalog_screen.dart,2427,Method/Function,ProductCatalogScreen.SizedBox,const,Public,STATICALLY_VALID,Params: (width: 12)
lib/screens/catalog/product_catalog_screen.dart,2530,Method/Function,ProductCatalogScreen._getCategoryHashtags,String,Private,STATICALLY_VALID,Params: (CatalogProduct product)
lib/screens/catalog/product_catalog_screen.dart,2558,Method/Function,ProductCatalogScreen._showSimilarProductsMergeDialog,void,Private,STATICALLY_VALID,Params: (CatalogController ctrl)
lib/screens/catalog/product_catalog_screen.dart,2570,Class,_ActionChip,StatelessWidget,Private,STATICALLY_VALID,Extends StatelessWidget
lib/screens/catalog/product_catalog_screen.dart,2586,Method/Function,_ActionChip.build,Widget,Public,STATICALLY_VALID,Params: (BuildContext context)
lib/screens/catalog/product_catalog_screen.dart,2607,Method/Function,_ActionChip.SizedBox,const,Public,STATICALLY_VALID,Params: (width: 8)
lib/screens/catalog/product_catalog_screen.dart,2624,Class,_StatBadge,StatelessWidget,Private,STATICALLY_VALID,Extends StatelessWidget
lib/screens/catalog/product_catalog_screen.dart,2636,Method/Function,_StatBadge.build,Widget,Public,STATICALLY_VALID,Params: (BuildContext context)
lib/screens/catalog/product_catalog_screen.dart,2656,Method/Function,_StatBadge.SizedBox,const,Public,STATICALLY_VALID,Params: (width: 6)
lib/screens/catalog/product_catalog_screen.dart,2671,Class,_SmartToolTile,StatelessWidget,Private,STATICALLY_VALID,Extends StatelessWidget
lib/screens/catalog/product_catalog_screen.dart,2689,Method/Function,_SmartToolTile.build,Widget,Public,STATICALLY_VALID,Params: (BuildContext context)
lib/screens/catalog/product_catalog_screen.dart,2713,Method/Function,_SmartToolTile.SizedBox,const,Public,STATICALLY_VALID,Params: (width: 12)
lib/screens/catalog/product_catalog_screen.dart,2751,Method/Function,_SmartToolTile.SizedBox,const,Public,STATICALLY_VALID,Params: (height: 4)
lib/screens/catalog/product_catalog_screen.dart,2764,Method/Function,_SmartToolTile.SizedBox,const,Public,STATICALLY_VALID,Params: (width: 8)
lib/screens/catalog/product_catalog_screen.dart,2774,Class,_SimilarProductsMergeSheet,StatefulWidget,Private,STATICALLY_VALID,Extends StatefulWidget
lib/screens/catalog/product_catalog_screen.dart,2776,Method/Function,_SimilarProductsMergeSheet._SimilarProductsMergeSheet,const,Private,STATICALLY_VALID,Params: ({required this.ctrl})
lib/screens/catalog/product_catalog_screen.dart,2779,Method/Function,_SimilarProductsMergeSheet.createState,State<_SimilarProductsMergeSheet>,Public,STATICALLY_VALID,Params: ()
lib/screens/catalog/product_catalog_screen.dart,2782,Class,_SimilarProductsMergeSheetState,State,Private,STATICALLY_VALID,Extends State
lib/screens/catalog/product_catalog_screen.dart,2789,Method/Function,_SimilarProductsMergeSheetState.initState,void,Public,STATICALLY_VALID,Params: ()
lib/screens/catalog/product_catalog_screen.dart,2794,Method/Function,_SimilarProductsMergeSheetState._refreshGroups,void,Private,STATICALLY_VALID,Params: ()
lib/screens/catalog/product_catalog_screen.dart,2814,Method/Function,_SimilarProductsMergeSheetState._mergeSingleGroup,Future<void>,Private,STATICALLY_VALID,Params: (int groupIndex)
lib/screens/catalog/product_catalog_screen.dart,2841,Method/Function,_SimilarProductsMergeSheetState._mergeAllGroups,Future<void>,Private,STATICALLY_VALID,Params: ()
lib/screens/catalog/product_catalog_screen.dart,2897,Method/Function,_SimilarProductsMergeSheetState.build,Widget,Public,STATICALLY_VALID,Params: (BuildContext context)
lib/screens/catalog/product_catalog_screen.dart,2932,Method/Function,_SimilarProductsMergeSheetState.SizedBox,const,Public,STATICALLY_VALID,Params: (width: 10)
lib/screens/catalog/product_catalog_screen.dart,3042,Method/Function,_SimilarProductsMergeSheetState.SizedBox,const,Public,STATICALLY_VALID,Params: (height: 6)
lib/screens/catalog/product_catalog_screen.dart,3052,Method/Function,_SimilarProductsMergeSheetState.SizedBox,const,Public,STATICALLY_VALID,Params: (height: 12)
lib/screens/catalog/product_catalog_screen.dart,3057,Method/Function,_SimilarProductsMergeSheetState.SizedBox,const,Public,STATICALLY_VALID,Params: (height: 4)
lib/screens/catalog/product_catalog_screen.dart,3100,Method/Function,_SimilarProductsMergeSheetState.SizedBox,const,Public,STATICALLY_VALID,Params: (width: 8)
lib/screens/catalog/product_catalog_screen.dart,3121,Method/Function,_SimilarProductsMergeSheetState.Divider,const,Public,STATICALLY_VALID,"Params: (color: Colors.white10, height: 16)"
lib/screens/catalog/product_catalog_screen.dart,3159,Method/Function,_SimilarProductsMergeSheetState.SizedBox,const,Public,STATICALLY_VALID,Params: (width: 8)
lib/screens/catalog/product_catalog_screen.dart,3175,Method/Function,_SimilarProductsMergeSheetState.SizedBox,const,Public,STATICALLY_VALID,Params: (width: 10)
lib/screens/catalog/product_catalog_screen.dart,3212,Method/Function,_SimilarProductsMergeSheetState.SizedBox,const,Public,STATICALLY_VALID,Params: (height: 4)
lib/screens/catalog/product_catalog_screen.dart,3219,Method/Function,_SimilarProductsMergeSheetState.SizedBox,const,Public,STATICALLY_VALID,Params: (width: 8)
lib/screens/catalog/product_catalog_screen.dart,3224,Method/Function,_SimilarProductsMergeSheetState.SizedBox,const,Public,STATICALLY_VALID,Params: (width: 8)
lib/screens/catalog/product_catalog_screen.dart,3234,Method/Function,_SimilarProductsMergeSheetState.SizedBox,const,Public,STATICALLY_VALID,Params: (width: 6)
lib/screens/catalog/product_catalog_screen.dart,3237,Method/Function,_SimilarProductsMergeSheetState.Icon,const,Public,STATICALLY_VALID,"Params: (Icons.photo_library_rounded, color: Colo...)"
lib/screens/catalog/product_catalog_screen.dart,3238,Method/Function,_SimilarProductsMergeSheetState.SizedBox,const,Public,STATICALLY_VALID,Params: (width: 2)
lib/screens/catalog/product_form_screen.dart,22,Class,ProductFormScreen,StatefulWidget,Public,STATICALLY_VALID,Extends StatefulWidget
lib/screens/catalog/product_form_screen.dart,24,Method/Function,ProductFormScreen.ProductFormScreen,const,Public,STATICALLY_VALID,"Params: ({super.key, this.editProduct})"
lib/screens/catalog/product_form_screen.dart,27,Method/Function,ProductFormScreen.createState,State<ProductFormScreen>,Public,STATICALLY_VALID,Params: ()
lib/screens/catalog/product_form_screen.dart,30,Class,_ProductFormScreenState,State,Private,STATICALLY_VALID,Extends State
lib/screens/catalog/product_form_screen.dart,59,Method/Function,_ProductFormScreenState.initState,void,Public,STATICALLY_VALID,Params: ()
lib/screens/catalog/product_form_screen.dart,81,Method/Function,_ProductFormScreenState.dispose,void,Public,STATICALLY_VALID,Params: ()
lib/screens/catalog/product_form_screen.dart,94,Method/Function,_ProductFormScreenState.build,Widget,Public,STATICALLY_VALID,Params: (BuildContext context)
lib/screens/catalog/product_form_screen.dart,138,Method/Function,_ProductFormScreenState._SectionTitle,const,Private,STATICALLY_VALID,Params: (title: '📷 صور المنتج')
lib/screens/catalog/product_form_screen.dart,139,Method/Function,_ProductFormScreenState.SizedBox,const,Public,STATICALLY_VALID,Params: (height: 12)
lib/screens/catalog/product_form_screen.dart,141,Method/Function,_ProductFormScreenState.SizedBox,const,Public,STATICALLY_VALID,Params: (height: 20)
lib/screens/catalog/product_form_screen.dart,144,Method/Function,_ProductFormScreenState._SectionTitle,const,Private,STATICALLY_VALID,Params: (title: '🎥 فيديو المنتج (اختياري)
lib/screens/catalog/product_form_screen.dart,145,Method/Function,_ProductFormScreenState.SizedBox,const,Public,STATICALLY_VALID,Params: (height: 12)
lib/screens/catalog/product_form_screen.dart,147,Method/Function,_ProductFormScreenState.SizedBox,const,Public,STATICALLY_VALID,Params: (height: 20)
lib/screens/catalog/product_form_screen.dart,151,Method/Function,_ProductFormScreenState.SizedBox,const,Public,STATICALLY_VALID,Params: (height: 20)
lib/screens/catalog/product_form_screen.dart,155,Method/Function,_ProductFormScreenState._SectionTitle,const,Private,STATICALLY_VALID,Params: (title: '🛡️ اعتماد المنتج (للمشرفين)
lib/screens/catalog/product_form_screen.dart,156,Method/Function,_ProductFormScreenState.SizedBox,const,Public,STATICALLY_VALID,Params: (height: 12)
lib/screens/catalog/product_form_screen.dart,163,Method/Function,_ProductFormScreenState.SizedBox,const,Public,STATICALLY_VALID,Params: (height: 20)
lib/screens/catalog/product_form_screen.dart,167,Method/Function,_ProductFormScreenState._SectionTitle,const,Private,STATICALLY_VALID,Params: (title: '🗂️ فئة المنتج')
lib/screens/catalog/product_form_screen.dart,168,Method/Function,_ProductFormScreenState.SizedBox,const,Public,STATICALLY_VALID,Params: (height: 12)
lib/screens/catalog/product_form_screen.dart,212,Method/Function,_ProductFormScreenState.SizedBox,const,Public,STATICALLY_VALID,Params: (height: 4)
lib/screens/catalog/product_form_screen.dart,234,Method/Function,_ProductFormScreenState.SizedBox,const,Public,STATICALLY_VALID,Params: (height: 12)
lib/screens/catalog/product_form_screen.dart,237,Method/Function,_ProductFormScreenState._SectionTitle,const,Private,STATICALLY_VALID,Params: (title: '📌 معلومات المنتج')
lib/screens/catalog/product_form_screen.dart,238,Method/Function,_ProductFormScreenState.SizedBox,const,Public,STATICALLY_VALID,Params: (height: 12)
lib/screens/catalog/product_form_screen.dart,245,Method/Function,_ProductFormScreenState.SizedBox,const,Public,STATICALLY_VALID,Params: (height: 12)
lib/screens/catalog/product_form_screen.dart,249,Method/Function,_ProductFormScreenState._SectionTitle,const,Private,STATICALLY_VALID,Params: (title: '📝 وصف المنتج *')
lib/screens/catalog/product_form_screen.dart,274,Method/Function,_ProductFormScreenState.SizedBox,const,Public,STATICALLY_VALID,Params: (height: 8)
lib/screens/catalog/product_form_screen.dart,282,Method/Function,_ProductFormScreenState.SizedBox,const,Public,STATICALLY_VALID,Params: (height: 12)
lib/screens/catalog/product_form_screen.dart,288,Method/Function,_ProductFormScreenState.SizedBox,const,Public,STATICALLY_VALID,Params: (height: 20)
lib/screens/catalog/product_form_screen.dart,291,Method/Function,_ProductFormScreenState._SectionTitle,const,Private,STATICALLY_VALID,Params: (title: '💰 السعر والتوفر')
lib/screens/catalog/product_form_screen.dart,292,Method/Function,_ProductFormScreenState.SizedBox,const,Public,STATICALLY_VALID,Params: (height: 12)
lib/screens/catalog/product_form_screen.dart,309,Method/Function,_ProductFormScreenState.SizedBox,const,Public,STATICALLY_VALID,Params: (width: 12)
lib/screens/catalog/product_form_screen.dart,320,Method/Function,_ProductFormScreenState.SizedBox,const,Public,STATICALLY_VALID,Params: (height: 12)
lib/screens/catalog/product_form_screen.dart,331,Method/Function,_ProductFormScreenState.SizedBox,const,Public,STATICALLY_VALID,Params: (width: 12)
lib/screens/catalog/product_form_screen.dart,342,Method/Function,_ProductFormScreenState.SizedBox,const,Public,STATICALLY_VALID,Params: (height: 12)
lib/screens/catalog/product_form_screen.dart,355,Method/Function,_ProductFormScreenState.SizedBox,const,Public,STATICALLY_VALID,Params: (width: 8)
lib/screens/catalog/product_form_screen.dart,358,Method/Function,_ProductFormScreenState.SizedBox,const,Public,STATICALLY_VALID,Params: (height: 2)
lib/screens/catalog/product_form_screen.dart,376,Method/Function,_ProductFormScreenState.SizedBox,const,Public,STATICALLY_VALID,Params: (height: 6)
lib/screens/catalog/product_form_screen.dart,398,Method/Function,_ProductFormScreenState.SizedBox,const,Public,STATICALLY_VALID,Params: (height: 20)
lib/screens/catalog/product_form_screen.dart,401,Method/Function,_ProductFormScreenState._SectionTitle,const,Private,STATICALLY_VALID,Params: (title: '📂 تفاصيل إضافية')
lib/screens/catalog/product_form_screen.dart,402,Method/Function,_ProductFormScreenState.SizedBox,const,Public,STATICALLY_VALID,Params: (height: 12)
lib/screens/catalog/product_form_screen.dart,408,Method/Function,_ProductFormScreenState.SizedBox,const,Public,STATICALLY_VALID,Params: (height: 12)
lib/screens/catalog/product_form_screen.dart,414,Method/Function,_ProductFormScreenState.SizedBox,const,Public,STATICALLY_VALID,Params: (height: 12)
lib/screens/catalog/product_form_screen.dart,424,Method/Function,_ProductFormScreenState.SizedBox,const,Public,STATICALLY_VALID,Params: (width: 12)
lib/screens/catalog/product_form_screen.dart,434,Method/Function,_ProductFormScreenState.SizedBox,const,Public,STATICALLY_VALID,Params: (height: 12)
lib/screens/catalog/product_form_screen.dart,441,Method/Function,_ProductFormScreenState.SizedBox,const,Public,STATICALLY_VALID,Params: (height: 20)
lib/screens/catalog/product_form_screen.dart,445,Method/Function,_ProductFormScreenState._SectionTitle,const,Private,STATICALLY_VALID,Params: (title: '📤 مشاركة المنتج')
lib/screens/catalog/product_form_screen.dart,446,Method/Function,_ProductFormScreenState.SizedBox,const,Public,STATICALLY_VALID,Params: (height: 12)
lib/screens/catalog/product_form_screen.dart,449,Method/Function,_ProductFormScreenState.SizedBox,const,Public,STATICALLY_VALID,Params: (height: 80)
lib/screens/catalog/product_form_screen.dart,482,Method/Function,_ProductFormScreenState._buildShareSection,Widget,Private,STATICALLY_VALID,Params: ()
lib/screens/catalog/product_form_screen.dart,488,Method/Function,_ProductFormScreenState.Color,const,Public,STATICALLY_VALID,Params: (0xFF1A1A2E)
lib/screens/catalog/product_form_screen.dart,489,Method/Function,_ProductFormScreenState.Color,const,Public,STATICALLY_VALID,Params: (0xFF16213E)
lib/screens/catalog/product_form_screen.dart,510,Method/Function,_ProductFormScreenState.SizedBox,const,Public,STATICALLY_VALID,Params: (height: 14)
lib/screens/catalog/product_form_screen.dart,522,Method/Function,_ProductFormScreenState.SizedBox,const,Public,STATICALLY_VALID,Params: (width: 10)
lib/screens/catalog/product_form_screen.dart,545,Method/Function,_ProductFormScreenState.SizedBox,const,Public,STATICALLY_VALID,Params: (width: 10)
lib/screens/catalog/product_form_screen.dart,562,Method/Function,_ProductFormScreenState._shareToWhatsApp,Future<void>,Private,STATICALLY_VALID,Params: ()
lib/screens/catalog/product_form_screen.dart,582,Method/Function,_ProductFormScreenState.launchUrl,await,Public,STATICALLY_VALID,Params: (Uri.parse(waUrl)
lib/screens/catalog/product_form_screen.dart,590,Method/Function,_ProductFormScreenState._shareToInstagram,Future<void>,Private,STATICALLY_VALID,Params: ()
lib/screens/catalog/product_form_screen.dart,607,Method/Function,_ProductFormScreenState._shareProductFromForm,Future<void>,Private,STATICALLY_VALID,"Params: (CatalogProduct product, {String platform...)"
lib/screens/catalog/product_form_screen.dart,732,Method/Function,_ProductFormScreenState._buildImagesSection,Widget,Private,STATICALLY_VALID,Params: ()
lib/screens/catalog/product_form_screen.dart,755,Method/Function,_ProductFormScreenState.SizedBox,const,Public,STATICALLY_VALID,Params: (width: 10)
lib/screens/catalog/product_form_screen.dart,868,Method/Function,_ProductFormScreenState._buildVideoSection,Widget,Private,STATICALLY_VALID,Params: ()
lib/screens/catalog/product_form_screen.dart,955,Method/Function,_ProductFormScreenState.SizedBox,const,Public,STATICALLY_VALID,Params: (width: 12)
lib/screens/catalog/product_form_screen.dart,973,Method/Function,_ProductFormScreenState.SizedBox,const,Public,STATICALLY_VALID,Params: (height: 4)
lib/screens/catalog/product_form_screen.dart,1000,Method/Function,_ProductFormScreenState.SizedBox,const,Public,STATICALLY_VALID,Params: (height: 8)
lib/screens/catalog/product_form_screen.dart,1022,Method/Function,_ProductFormScreenState.SizedBox,const,Public,STATICALLY_VALID,Params: (width: 8)
lib/screens/catalog/product_form_screen.dart,1053,Method/Function,_ProductFormScreenState.SizedBox,const,Public,STATICALLY_VALID,Params: (height: 4)
lib/screens/catalog/product_form_screen.dart,1075,Method/Function,_ProductFormScreenState._buildAiSection,Widget,Private,STATICALLY_VALID,Params: ()
lib/screens/catalog/product_form_screen.dart,1093,Method/Function,_ProductFormScreenState.Icon,const,Public,STATICALLY_VALID,"Params: (Icons.auto_awesome_rounded, color: AppTh...)"
lib/screens/catalog/product_form_screen.dart,1094,Method/Function,_ProductFormScreenState.SizedBox,const,Public,STATICALLY_VALID,Params: (width: 8)
lib/screens/catalog/product_form_screen.dart,1106,Method/Function,_ProductFormScreenState.SizedBox,const,Public,STATICALLY_VALID,Params: (height: 8)
lib/screens/catalog/product_form_screen.dart,1115,Method/Function,_ProductFormScreenState.SizedBox,const,Public,STATICALLY_VALID,Params: (height: 12)
lib/screens/catalog/product_form_screen.dart,1126,Method/Function,_ProductFormScreenState.SizedBox,const,Public,STATICALLY_VALID,Params: (width: 10)
lib/screens/catalog/product_form_screen.dart,1142,Method/Function,_ProductFormScreenState._analyzeWithAi,Future<void>,Private,STATICALLY_VALID,Params: (ImageSource source)
lib/screens/catalog/product_form_screen.dart,1250,Method/Function,_ProductFormScreenState._populateFields,void,Private,STATICALLY_VALID,"Params: (Map<String, String> parsed)"
lib/screens/catalog/product_form_screen.dart,1305,Method/Function,_ProductFormScreenState._showMatchingDecisionDialog,void,Private,STATICALLY_VALID,"Params: (ProductMatchingResult match, Map<String,...)"
lib/screens/catalog/product_form_screen.dart,1321,Method/Function,_ProductFormScreenState.SizedBox,const,Public,STATICALLY_VALID,Params: (width: 8)
lib/screens/catalog/product_form_screen.dart,1347,Method/Function,_ProductFormScreenState.SizedBox,const,Public,STATICALLY_VALID,Params: (height: 8)
lib/screens/catalog/product_form_screen.dart,1356,Method/Function,_ProductFormScreenState.SizedBox,const,Public,STATICALLY_VALID,Params: (height: 16)
lib/screens/catalog/product_form_screen.dart,1365,Method/Function,_ProductFormScreenState.SizedBox,const,Public,STATICALLY_VALID,Params: (height: 6)
lib/screens/catalog/product_form_screen.dart,1396,Method/Function,_ProductFormScreenState.SizedBox,const,Public,STATICALLY_VALID,Params: (width: 12)
lib/screens/catalog/product_form_screen.dart,1412,Method/Function,_ProductFormScreenState.SizedBox,const,Public,STATICALLY_VALID,Params: (height: 4)
lib/screens/catalog/product_form_screen.dart,1428,Method/Function,_ProductFormScreenState.SizedBox,const,Public,STATICALLY_VALID,Params: (height: 16)
lib/screens/catalog/product_form_screen.dart,1515,Method/Function,_ProductFormScreenState._optimizeDescriptionWithAi,Future<void>,Private,STATICALLY_VALID,Params: ()
lib/screens/catalog/product_form_screen.dart,1793,Method/Function,_ProductFormScreenState._cleanCategory,String,Private,STATICALLY_VALID,Params: (String s)
lib/screens/catalog/product_form_screen.dart,1801,Method/Function,_ProductFormScreenState._saveProduct,Future<void>,Private,STATICALLY_VALID,Params: ()
lib/screens/catalog/product_form_screen.dart,1948,Method/Function,_ProductFormScreenState._showManageCategoriesDialog,void,Private,STATICALLY_VALID,Params: ()
lib/screens/catalog/product_form_screen.dart,1978,Method/Function,_ProductFormScreenState.Divider,const,Public,STATICALLY_VALID,Params: (color: Colors.white24)
lib/screens/catalog/product_form_screen.dart,1979,Method/Function,_ProductFormScreenState.SizedBox,const,Public,STATICALLY_VALID,Params: (height: 8)
lib/screens/catalog/product_form_screen.dart,1997,Method/Function,_ProductFormScreenState.SizedBox,const,Public,STATICALLY_VALID,Params: (height: 12)
lib/screens/catalog/product_form_screen.dart,2064,Method/Function,_ProductFormScreenState._showAddEditCategoryDialog,void,Private,STATICALLY_VALID,Params: (ProductCategoryInfo? existingCat)
lib/screens/catalog/product_form_screen.dart,2093,Method/Function,_ProductFormScreenState.Divider,const,Public,STATICALLY_VALID,Params: (color: Colors.white24)
lib/screens/catalog/product_form_screen.dart,2094,Method/Function,_ProductFormScreenState.SizedBox,const,Public,STATICALLY_VALID,Params: (height: 12)
lib/screens/catalog/product_form_screen.dart,2096,Method/Function,_ProductFormScreenState.SizedBox,const,Public,STATICALLY_VALID,Params: (height: 12)
lib/screens/catalog/product_form_screen.dart,2098,Method/Function,_ProductFormScreenState.SizedBox,const,Public,STATICALLY_VALID,Params: (height: 12)
lib/screens/catalog/product_form_screen.dart,2100,Method/Function,_ProductFormScreenState.SizedBox,const,Public,STATICALLY_VALID,Params: (height: 20)
lib/screens/catalog/product_form_screen.dart,2108,Method/Function,_ProductFormScreenState.SizedBox,const,Public,STATICALLY_VALID,Params: (width: 8)
lib/screens/catalog/product_form_screen.dart,2175,Method/Function,_ProductFormScreenState.SizedBox,const,Public,STATICALLY_VALID,Params: (height: 6)
lib/screens/catalog/product_form_screen.dart,2195,Method/Function,_ProductFormScreenState._confirmDeleteCategory,void,Private,STATICALLY_VALID,Params: (ProductCategoryInfo cat)
lib/screens/catalog/product_form_screen.dart,2228,Class,_SectionTitle,StatelessWidget,Private,STATICALLY_VALID,Extends StatelessWidget
lib/screens/catalog/product_form_screen.dart,2230,Method/Function,_SectionTitle._SectionTitle,const,Private,STATICALLY_VALID,Params: ({required this.title})
lib/screens/catalog/product_form_screen.dart,2233,Method/Function,_SectionTitle.build,Widget,Public,STATICALLY_VALID,Params: (BuildContext context)
lib/screens/catalog/product_form_screen.dart,2246,Class,_AddMediaButton,StatelessWidget,Private,STATICALLY_VALID,Extends StatelessWidget
lib/screens/catalog/product_form_screen.dart,2248,Method/Function,_AddMediaButton._AddMediaButton,const,Private,STATICALLY_VALID,Params: ({required this.icon})
lib/screens/catalog/product_form_screen.dart,2251,Method/Function,_AddMediaButton.build,Widget,Public,STATICALLY_VALID,Params: (BuildContext context)
lib/screens/catalog/product_form_screen.dart,2270,Class,_AiButton,StatelessWidget,Private,STATICALLY_VALID,Extends StatelessWidget
lib/screens/catalog/product_form_screen.dart,2284,Method/Function,_AiButton.build,Widget,Public,STATICALLY_VALID,Params: (BuildContext context)
lib/screens/catalog/product_form_screen.dart,2304,Method/Function,_AiButton.SizedBox,const,Public,STATICALLY_VALID,Params: (width: 6)
lib/screens/catalog/product_form_screen.dart,2320,Class,_ShareButton,StatelessWidget,Private,STATICALLY_VALID,Extends StatelessWidget
lib/screens/catalog/product_form_screen.dart,2334,Method/Function,_ShareButton.build,Widget,Public,STATICALLY_VALID,Params: (BuildContext context)
lib/screens/catalog/product_form_screen.dart,2348,Method/Function,_ShareButton.SizedBox,const,Public,STATICALLY_VALID,Params: (height: 5)
lib/screens/catalog/whatsapp/whatsapp_media_sync_screen.dart,10,Class,WhatsAppMediaSyncScreen,StatelessWidget,Public,STATICALLY_VALID,Extends StatelessWidget
lib/screens/catalog/whatsapp/whatsapp_media_sync_screen.dart,11,Method/Function,WhatsAppMediaSyncScreen.WhatsAppMediaSyncScreen,const,Public,STATICALLY_VALID,Params: ({super.key})
lib/screens/catalog/whatsapp/whatsapp_media_sync_screen.dart,14,Method/Function,WhatsAppMediaSyncScreen.build,Widget,Public,STATICALLY_VALID,Params: (BuildContext context)
lib/screens/catalog/whatsapp/whatsapp_media_sync_screen.dart,49,Method/Function,WhatsAppMediaSyncScreen.SizedBox,const,Public,STATICALLY_VALID,Params: (width: 4)
lib/screens/catalog/whatsapp/whatsapp_media_sync_screen.dart,66,Method/Function,WhatsAppMediaSyncScreen.SizedBox,const,Public,STATICALLY_VALID,Params: (height: 20)
lib/screens/catalog/whatsapp/whatsapp_media_sync_screen.dart,70,Method/Function,WhatsAppMediaSyncScreen.SizedBox,const,Public,STATICALLY_VALID,Params: (height: 20)
lib/screens/catalog/whatsapp/whatsapp_media_sync_screen.dart,74,Method/Function,WhatsAppMediaSyncScreen.SizedBox,const,Public,STATICALLY_VALID,Params: (height: 20)
lib/screens/catalog/whatsapp/whatsapp_media_sync_screen.dart,78,Method/Function,WhatsAppMediaSyncScreen.SizedBox,const,Public,STATICALLY_VALID,Params: (height: 20)
lib/screens/catalog/whatsapp/whatsapp_media_sync_screen.dart,82,Method/Function,WhatsAppMediaSyncScreen.SizedBox,const,Public,STATICALLY_VALID,Params: (height: 20)
lib/screens/catalog/whatsapp/whatsapp_media_sync_screen.dart,86,Method/Function,WhatsAppMediaSyncScreen.SizedBox,const,Public,STATICALLY_VALID,Params: (height: 40)
lib/screens/catalog/whatsapp/whatsapp_media_sync_screen.dart,94,Method/Function,WhatsAppMediaSyncScreen._buildOverviewCards,Widget,Private,STATICALLY_VALID,Params: (WhatsAppSyncConfig cfg)
lib/screens/catalog/whatsapp/whatsapp_media_sync_screen.dart,170,Method/Function,WhatsAppMediaSyncScreen.SizedBox,const,Public,STATICALLY_VALID,Params: (width: 6)
lib/screens/catalog/whatsapp/whatsapp_media_sync_screen.dart,186,Method/Function,WhatsAppMediaSyncScreen._buildPipelineVisualizer,Widget,Private,STATICALLY_VALID,Params: ()
lib/screens/catalog/whatsapp/whatsapp_media_sync_screen.dart,232,Method/Function,WhatsAppMediaSyncScreen.SizedBox,const,Public,STATICALLY_VALID,Params: (height: 12)
lib/screens/catalog/whatsapp/whatsapp_media_sync_screen.dart,258,Method/Function,WhatsAppMediaSyncScreen.SizedBox,const,Public,STATICALLY_VALID,Params: (height: 2)
lib/screens/catalog/whatsapp/whatsapp_media_sync_screen.dart,272,Method/Function,WhatsAppMediaSyncScreen._buildWabaAccountsSection,Widget,Private,STATICALLY_VALID,Params: (WhatsAppSyncConfig cfg)
lib/screens/catalog/whatsapp/whatsapp_media_sync_screen.dart,296,Method/Function,WhatsAppMediaSyncScreen.SizedBox,const,Public,STATICALLY_VALID,Params: (height: 12)
lib/screens/catalog/whatsapp/whatsapp_media_sync_screen.dart,335,Method/Function,WhatsAppMediaSyncScreen.SizedBox,const,Public,STATICALLY_VALID,Params: (height: 6)
lib/screens/catalog/whatsapp/whatsapp_media_sync_screen.dart,348,Method/Function,WhatsAppMediaSyncScreen._buildSandboxSection,Widget,Private,STATICALLY_VALID,Params: (WhatsAppSyncController ctrl)
lib/screens/catalog/whatsapp/whatsapp_media_sync_screen.dart,386,Method/Function,WhatsAppMediaSyncScreen.SizedBox,const,Public,STATICALLY_VALID,Params: (height: 12)
lib/screens/catalog/whatsapp/whatsapp_media_sync_screen.dart,399,Method/Function,WhatsAppMediaSyncScreen.SizedBox,const,Public,STATICALLY_VALID,Params: (height: 10)
lib/screens/catalog/whatsapp/whatsapp_media_sync_screen.dart,417,Method/Function,WhatsAppMediaSyncScreen.SizedBox,const,Public,STATICALLY_VALID,Params: (width: 10)
lib/screens/catalog/whatsapp/whatsapp_media_sync_screen.dart,435,Method/Function,WhatsAppMediaSyncScreen.SizedBox,const,Public,STATICALLY_VALID,Params: (height: 12)
lib/screens/catalog/whatsapp/whatsapp_media_sync_screen.dart,453,Method/Function,WhatsAppMediaSyncScreen.SizedBox,const,Public,STATICALLY_VALID,Params: (height: 14)
lib/screens/catalog/whatsapp/whatsapp_media_sync_screen.dart,461,Method/Function,WhatsAppMediaSyncScreen._buildSimulationResultCard,Widget,Private,STATICALLY_VALID,"Params: (Map<String, dynamic> result)"
lib/screens/catalog/whatsapp/whatsapp_media_sync_screen.dart,481,Method/Function,WhatsAppMediaSyncScreen.SizedBox,const,Public,STATICALLY_VALID,Params: (height: 8)
lib/screens/catalog/whatsapp/whatsapp_media_sync_screen.dart,489,Method/Function,WhatsAppMediaSyncScreen._buildPendingDraftsSection,Widget,Private,STATICALLY_VALID,Params: (WhatsAppSyncController ctrl)
lib/screens/catalog/whatsapp/whatsapp_media_sync_screen.dart,508,Method/Function,WhatsAppMediaSyncScreen.Icon,const,Public,STATICALLY_VALID,"Params: (Icons.inbox, color: Color(0xFF25D366)"
lib/screens/catalog/whatsapp/whatsapp_media_sync_screen.dart,509,Method/Function,WhatsAppMediaSyncScreen.SizedBox,const,Public,STATICALLY_VALID,Params: (width: 8)
lib/screens/catalog/whatsapp/whatsapp_media_sync_screen.dart,526,Method/Function,WhatsAppMediaSyncScreen.SizedBox,const,Public,STATICALLY_VALID,Params: (height: 10)
lib/screens/catalog/whatsapp/whatsapp_media_sync_screen.dart,562,Method/Function,WhatsAppMediaSyncScreen.SizedBox,const,Public,STATICALLY_VALID,Params: (width: 12)
lib/screens/catalog/whatsapp/whatsapp_media_sync_screen.dart,569,Method/Function,WhatsAppMediaSyncScreen.SizedBox,const,Public,STATICALLY_VALID,Params: (height: 2)
lib/screens/catalog/whatsapp/whatsapp_media_sync_screen.dart,596,Method/Function,WhatsAppMediaSyncScreen._buildCredentialsAndWebhookSection,Widget,Private,STATICALLY_VALID,"Params: (WhatsAppSyncController ctrl, WhatsAppSyn...)"
lib/screens/catalog/whatsapp/whatsapp_media_sync_screen.dart,622,Method/Function,WhatsAppMediaSyncScreen.SizedBox,const,Public,STATICALLY_VALID,Params: (height: 12)
lib/screens/catalog/whatsapp/whatsapp_media_sync_screen.dart,624,Method/Function,WhatsAppMediaSyncScreen.SizedBox,const,Public,STATICALLY_VALID,Params: (height: 10)
lib/screens/catalog/whatsapp/whatsapp_media_sync_screen.dart,626,Method/Function,WhatsAppMediaSyncScreen.SizedBox,const,Public,STATICALLY_VALID,Params: (height: 14)
lib/screens/catalog/whatsapp/whatsapp_media_sync_screen.dart,649,Method/Function,WhatsAppMediaSyncScreen._buildCopyField,Widget,Private,STATICALLY_VALID,"Params: (String label, String value)"
lib/screens/catalog/whatsapp/whatsapp_media_sync_screen.dart,654,Method/Function,WhatsAppMediaSyncScreen.SizedBox,const,Public,STATICALLY_VALID,Params: (height: 4)
lib/screens/catalog/widgets/catalog_product_image.dart,13,Class,CatalogProductImage,StatelessWidget,Public,STATICALLY_VALID,Extends StatelessWidget
lib/screens/catalog/widgets/catalog_product_image.dart,69,Method/Function,CatalogProductImage._defaultPlaceholder,Widget,Private,STATICALLY_VALID,Params: ()
lib/screens/catalog/widgets/catalog_product_image.dart,83,Method/Function,CatalogProductImage._shimmerLoading,Widget,Private,STATICALLY_VALID,Params: ()
lib/screens/catalog/widgets/catalog_product_image.dart,96,Method/Function,CatalogProductImage.build,Widget,Public,STATICALLY_VALID,Params: (BuildContext context)
lib/screens/catalog/widgets/catalog_product_image.dart,153,Method/Function,CatalogProductImage._wrapBorder,Widget,Private,STATICALLY_VALID,Params: (Widget child)
lib/screens/catalog/widgets/product_card.dart,9,Class,ProductCard,StatelessWidget,Public,STATICALLY_VALID,Extends StatelessWidget
lib/screens/catalog/widgets/product_card.dart,34,Method/Function,ProductCard.build,Widget,Public,STATICALLY_VALID,Params: (BuildContext context)
lib/screens/catalog/widgets/product_card.dart,134,Method/Function,ProductCard.SizedBox,const,Public,STATICALLY_VALID,Params: (width: 3)
lib/screens/catalog/widgets/product_card.dart,238,Method/Function,ProductCard.SizedBox,const,Public,STATICALLY_VALID,Params: (width: 8)
lib/screens/catalog/widgets/product_card.dart,250,Method/Function,ProductCard.SizedBox,const,Public,STATICALLY_VALID,Params: (width: 8)
lib/screens/catalog/widgets/product_card.dart,262,Method/Function,ProductCard.SizedBox,const,Public,STATICALLY_VALID,Params: (width: 8)
lib/screens/catalog/widgets/product_card.dart,275,Method/Function,ProductCard.SizedBox,const,Public,STATICALLY_VALID,Params: (width: 8)
lib/screens/catalog/widgets/product_card.dart,287,Method/Function,ProductCard.SizedBox,const,Public,STATICALLY_VALID,Params: (width: 8)
lib/screens/catalog/widgets/product_card.dart,332,Method/Function,ProductCard.SizedBox,const,Public,STATICALLY_VALID,Params: (height: 4)
lib/screens/catalog/widgets/product_card.dart,345,Method/Function,ProductCard.SizedBox,const,Public,STATICALLY_VALID,Params: (height: 2)
lib/screens/catalog/widgets/product_card.dart,364,Method/Function,ProductCard._placeholder,Widget,Private,STATICALLY_VALID,Params: ()
lib/screens/catalog/widgets/product_card.dart,374,Method/Function,ProductCard._showSendWhatsAppDialog,void,Private,STATICALLY_VALID,Params: (BuildContext context)
lib/screens/catalog/widgets/product_card.dart,384,Method/Function,ProductCard.SizedBox,const,Public,STATICALLY_VALID,Params: (width: 8)
lib/screens/catalog/widgets/product_card.dart,396,Method/Function,ProductCard.Text,const,Public,STATICALLY_VALID,Params: ('أدخل رقم هاتف المستلم (مع مفتاح الدولة)
lib/screens/catalog/widgets/product_card.dart,398,Method/Function,ProductCard.SizedBox,const,Public,STATICALLY_VALID,Params: (height: 8)
lib/screens/ai_chat/mixins/chat_action_mixin.dart,14,Method/Function,scrollToBottom,void,Public,STATICALLY_VALID,Params: ({bool force = false})
lib/screens/ai_chat/mixins/chat_action_mixin.dart,16,Method/Function,replyingToMessage,set,Public,STATICALLY_VALID,Params: (ChatMessage? value)
lib/screens/ai_chat/mixins/chat_action_mixin.dart,18,Method/Function,sendMessage,Future<void>,Public,STATICALLY_VALID,Params: ()
lib/screens/ai_chat/mixins/chat_action_mixin.dart,83,Method/Function,truncate,String,Public,STATICALLY_VALID,"Params: (String text, {int maxLength = 150})"
lib/screens/ai_chat/mixins/chat_action_mixin.dart,88,Method/Function,canReplyTo,bool,Public,STATICALLY_VALID,Params: (ChatMessage msg)
lib/screens/ai_chat/mixins/chat_action_mixin.dart,97,Method/Function,handleError,void,Public,STATICALLY_VALID,Params: (dynamic e)
lib/screens/ai_chat/mixins/chat_enhancement_mixin.dart,24,Method/Function,selectedVideo,set,Public,STATICALLY_VALID,Params: (File? value)
lib/screens/ai_chat/mixins/chat_enhancement_mixin.dart,25,Method/Function,scrollToBottom,void,Public,STATICALLY_VALID,Params: ({bool force = false})
lib/screens/ai_chat/mixins/chat_enhancement_mixin.dart,27,Method/Function,handleAudioEnhancement,Future<void>,Public,STATICALLY_VALID,Params: ()
lib/screens/ai_chat/mixins/chat_enhancement_mixin.dart,57,Method/Function,_buildEnhancementOptions,Widget,Private,STATICALLY_VALID,"Params: (Map<String, dynamic> analysis)"
lib/screens/ai_chat/mixins/chat_enhancement_mixin.dart,72,Method/Function,Divider,const,Public,STATICALLY_VALID,Params: (color: Colors.white12)
lib/screens/ai_chat/mixins/chat_enhancement_mixin.dart,75,Method/Function,SizedBox,const,Public,STATICALLY_VALID,Params: (height: 10)
lib/screens/ai_chat/mixins/chat_enhancement_mixin.dart,96,Method/Function,applyAudioEnhancement,Future<void>,Public,STATICALLY_VALID,"Params: (String actionId, Map<String, dynamic> an...)"
lib/screens/ai_chat/mixins/chat_enhancement_mixin.dart,140,Method/Function,Exception,throw,Public,STATICALLY_VALID,"Params: (""FFmpeg processing failed"")"
lib/screens/ai_chat/mixins/chat_media_mixin.dart,27,Method/Function,scrollToBottom,void,Public,STATICALLY_VALID,Params: ({bool force = false})
lib/screens/ai_chat/mixins/chat_media_mixin.dart,29,Method/Function,pickAnyMediaFile,Future<void>,Public,STATICALLY_VALID,Params: ()
lib/screens/ai_chat/mixins/chat_media_mixin.dart,69,Method/Function,handlePickedImages,Future<void>,Public,STATICALLY_VALID,Params: (List<File> images)
lib/screens/ai_chat/mixins/chat_media_mixin.dart,81,Method/Function,compressImages,await,Public,STATICALLY_VALID,Params: (selectedImages)
lib/screens/ai_chat/mixins/chat_media_mixin.dart,96,Method/Function,startSimulatedProgress,void,Public,STATICALLY_VALID,Params: ()
lib/screens/ai_chat/mixins/chat_media_mixin.dart,116,Method/Function,handlePickedVideo,void,Public,STATICALLY_VALID,Params: (File video)
lib/screens/ai_chat/mixins/chat_media_mixin.dart,126,Method/Function,handlePickedAudio,void,Public,STATICALLY_VALID,Params: (File audio)
lib/screens/ai_chat/mixins/chat_media_mixin.dart,133,Method/Function,compressImages,Future<void>,Public,STATICALLY_VALID,Params: (List<File> files)
lib/screens/ai_chat/mixins/chat_media_mixin.dart,136,Method/Function,compute,await,Public,STATICALLY_VALID,"Params: (ImageUtils.batchCompressAndRead, files)"
lib/screens/ai_chat/mixins/chat_media_mixin.dart,153,Method/Function,pickVideoForAudioEnhance,Future<void>,Public,STATICALLY_VALID,Params: ()
lib/screens/ai_chat/mixins/chat_media_mixin.dart,163,Method/Function,pickImage,Future<void>,Public,STATICALLY_VALID,Params: (ImageSource source)
lib/core/api/enterprise_api_client.dart,19,Class,EnterpriseApiClient,,Public,STATICALLY_VALID,Base Class
lib/core/api/enterprise_api_client.dart,118,Method/Function,EnterpriseApiClient._preRequestDelay,await,Private,STATICALLY_VALID,Params: (providerName)
lib/core/api/enterprise_api_client.dart,184,Method/Function,EnterpriseApiClient._preRequestDelay,Future<void>,Private,STATICALLY_VALID,Params: (String provider)
lib/core/api/enterprise_api_client.dart,198,Method/Function,EnterpriseApiClient._classifyError,ApiErrorType,Private,STATICALLY_VALID,Params: (dio.DioException e)
lib/core/api/enterprise_api_client.dart,237,Method/Function,EnterpriseApiClient._shouldRetry,bool,Private,STATICALLY_VALID,"Params: (ApiErrorType type, int currentRetry, {in...)"
lib/core/api/enterprise_api_client.dart,261,Method/Function,EnterpriseApiClient._getFriendlyErrorMessage,String,Private,STATICALLY_VALID,"Params: (ApiErrorType type, dio.DioException e)"
lib/core/api/enterprise_api_client.dart,300,Class,EnterpriseApiException,,Public,STATICALLY_VALID,Base Class
lib/core/api/enterprise_api_client.dart,314,Method/Function,EnterpriseApiException.toString,String,Public,STATICALLY_VALID,Params: ()
lib/core/bindings/initial_binding.dart,76,Class,InitialBinding,Bindings,Public,STATICALLY_VALID,Extends Bindings
lib/core/bindings/initial_binding.dart,78,Method/Function,InitialBinding.dependencies,void,Public,STATICALLY_VALID,Params: ()
lib/core/config/supabase_config.dart,5,Class,SupabaseConfig,,Public,STATICALLY_VALID,Base Class
lib/core/constants/firebase_prompt_template_ids.dart,7,Class,FirebasePromptTemplateIds,,Public,STATICALLY_VALID,Base Class
lib/core/data/chat_repository.dart,13,Class,ChatRepository,,Public,STATICALLY_VALID,Base Class
lib/core/data/chat_repository.dart,25,Method/Function,ChatRepository._persistAttachmentsLocally,Future<List<ChatAttachment>>,Private,STATICALLY_VALID,Params: (List<ChatAttachment> attachments)
lib/core/data/chat_repository.dart,59,Method/Function,ChatRepository.addMessage,Future<int?>,Public,STATICALLY_VALID,"Params: (ChatMessage msg, {int? sessionId})"
lib/core/data/chat_repository.dart,148,Method/Function,ChatRepository.loadSession,Future<void>,Public,STATICALLY_VALID,Params: (int sessionId)
lib/core/data/chat_repository.dart,291,Method/Function,ChatRepository.clear,void,Public,STATICALLY_VALID,Params: ()
lib/core/data/chat_repository.dart,296,Method/Function,ChatRepository.updateMessage,Future<void>,Public,STATICALLY_VALID,"Params: (String messageId, ChatMessage updatedMsg...)"
lib/core/models/api_provider.dart,289,Class,ApiProvider,,Public,STATICALLY_VALID,Base Class
lib/core/models/api_provider.dart,307,Method/Function,ApiProvider.toJson,"Map<String,",Public,STATICALLY_VALID,Params: ()
lib/core/models/api_provider.dart,334,Method/Function,ApiProvider.toMap,"Map<String,",Public,STATICALLY_VALID,Params: ()
lib/core/models/api_provider.dart,360,Method/Function,ApiProvider.toString,String,Public,STATICALLY_VALID,Params: ()
lib/core/models/api_provider.dart,376,Class,AiResult,,Public,STATICALLY_VALID,Base Class
lib/core/models/api_provider.dart,392,Method/Function,AiResult.toString,String,Public,STATICALLY_VALID,Params: ()
lib/core/models/canonical_ai_request.dart,7,Class,CanonicalAiRequest,,Public,STATICALLY_VALID,Base Class
lib/core/models/canonical_ai_request.dart,56,Method/Function,CanonicalAiRequest.toJson,"Map<String,",Public,STATICALLY_VALID,Params: ({bool includeRawBytes = false})
lib/core/models/chat_attachment.dart,25,Class,ChatAttachment,,Public,STATICALLY_VALID,Base Class
lib/core/models/chat_attachment.dart,129,Method/Function,ChatAttachment.toJson,"Map<String,",Public,STATICALLY_VALID,Params: ()
lib/core/models/chat_message.dart,30,Class,ChatMessage,,Public,STATICALLY_VALID,Base Class
lib/core/models/chat_message.dart,448,Method/Function,ChatMessage.toMap,"Map<String,",Public,STATICALLY_VALID,Params: ()
lib/core/models/manus_media_models.dart,5,Class,ManusMediaItem,,Public,STATICALLY_VALID,Base Class
lib/core/models/manus_media_models.dart,33,Method/Function,ManusMediaItem.toChatAttachment,ChatAttachment,Public,STATICALLY_VALID,Params: ()
lib/core/models/manus_media_models.dart,46,Class,ManusTaskStatus,,Public,STATICALLY_VALID,Base Class
lib/core/models/manus_media_models.dart,128,Class,ManusGatewayResponse,,Public,STATICALLY_VALID,Base Class
lib/core/models/tiktok_video.dart,1,Class,TikTokVideo,,Public,STATICALLY_VALID,Base Class
lib/core/models/tiktok_video.dart,41,Method/Function,TikTokVideo.str,String,Public,STATICALLY_VALID,Params: (dynamic value)
lib/core/models/tiktok_video.dart,65,Method/Function,TikTokVideo.numVal,int,Public,STATICALLY_VALID,Params: (dynamic val)
lib/core/models/tiktok_video.dart,131,Method/Function,TikTokVideo.toMap,"Map<String,",Public,STATICALLY_VALID,Params: ()
lib/core/models/tiktok_video.dart,150,Method/Function,TikTokVideo._extractHashtags,List<String>,Private,STATICALLY_VALID,Params: (String text)
lib/core/repositories/back4app_catalog_repository.dart,13,Class,Back4AppCatalogRepository,,Public,STATICALLY_VALID,Base Class
lib/core/repositories/back4app_catalog_repository.dart,184,Method/Function,Back4AppCatalogRepository.getProduct,Future<CatalogProduct?>,Public,STATICALLY_VALID,Params: (String productId)
lib/core/repositories/back4app_catalog_repository.dart,223,Method/Function,Back4AppCatalogRepository.saveProduct,Future<bool>,Public,STATICALLY_VALID,Params: (CatalogProduct product)
lib/core/repositories/back4app_catalog_repository.dart,325,Method/Function,Back4AppCatalogRepository.updateProduct,Future<bool>,Public,STATICALLY_VALID,Params: (CatalogProduct product)
lib/core/repositories/back4app_catalog_repository.dart,444,Method/Function,Back4AppCatalogRepository.deleteProduct,Future<bool>,Public,STATICALLY_VALID,Params: (String productId)
lib/core/repositories/back4app_catalog_repository.dart,503,Method/Function,Back4AppCatalogRepository.restoreProduct,Future<bool>,Public,STATICALLY_VALID,Params: (String productId)
lib/core/repositories/back4app_catalog_repository.dart,537,Method/Function,Back4AppCatalogRepository.syncWithServer,Future<void>,Public,STATICALLY_VALID,Params: ()
lib/core/repositories/back4app_catalog_repository.dart,539,Method/Function,Back4AppCatalogRepository._drainSyncQueue,await,Private,STATICALLY_VALID,Params: ()
lib/core/repositories/back4app_catalog_repository.dart,566,Method/Function,Back4AppCatalogRepository._drainSyncQueue,Future<void>,Private,STATICALLY_VALID,Params: ()
lib/core/repositories/back4app_catalog_repository.dart,625,Method/Function,Back4AppCatalogRepository.getProductMedia,Future<List<CatalogProductMedia>>,Public,STATICALLY_VALID,Params: (String productId)
lib/core/repositories/back4app_catalog_repository.dart,663,Method/Function,Back4AppCatalogRepository.addProductMedia,Future<bool>,Public,STATICALLY_VALID,Params: (CatalogProductMedia media)
lib/core/repositories/back4app_catalog_repository.dart,709,Method/Function,Back4AppCatalogRepository.deleteProductMedia,Future<bool>,Public,STATICALLY_VALID,Params: (String mediaId)
lib/core/repositories/back4app_catalog_repository.dart,717,Method/Function,Back4AppCatalogRepository.batchSaveProducts,Future<int>,Public,STATICALLY_VALID,"Params: (List<CatalogProduct> products, {int batc...)"
lib/core/repositories/back4app_catalog_repository.dart,735,Method/Function,Back4AppCatalogRepository.getCategories,Future<List<CatalogCategory>>,Public,STATICALLY_VALID,Params: ()
lib/core/repositories/catalog_repository.dart,7,Class,CatalogRepository,,Public,STATICALLY_VALID,Base Class
lib/core/repositories/catalog_repository.dart,19,Method/Function,CatalogRepository.getProduct,Future<CatalogProduct?>,Public,STATICALLY_VALID,Params: (String productId)
lib/core/repositories/catalog_repository.dart,22,Method/Function,CatalogRepository.saveProduct,Future<bool>,Public,STATICALLY_VALID,Params: (CatalogProduct product)
lib/core/repositories/catalog_repository.dart,25,Method/Function,CatalogRepository.updateProduct,Future<bool>,Public,STATICALLY_VALID,Params: (CatalogProduct product)
lib/core/repositories/catalog_repository.dart,28,Method/Function,CatalogRepository.deleteProduct,Future<bool>,Public,STATICALLY_VALID,Params: (String productId)
lib/core/repositories/catalog_repository.dart,31,Method/Function,CatalogRepository.restoreProduct,Future<bool>,Public,STATICALLY_VALID,Params: (String productId)
lib/core/repositories/catalog_repository.dart,34,Method/Function,CatalogRepository.syncWithServer,Future<void>,Public,STATICALLY_VALID,Params: ()
lib/core/repositories/catalog_repository.dart,37,Method/Function,CatalogRepository.getProductMedia,Future<List<CatalogProductMedia>>,Public,STATICALLY_VALID,Params: (String productId)
lib/core/repositories/catalog_repository.dart,40,Method/Function,CatalogRepository.addProductMedia,Future<bool>,Public,STATICALLY_VALID,Params: (CatalogProductMedia media)
lib/core/repositories/catalog_repository.dart,43,Method/Function,CatalogRepository.deleteProductMedia,Future<bool>,Public,STATICALLY_VALID,Params: (String mediaId)
lib/core/repositories/catalog_repository.dart,46,Method/Function,CatalogRepository.batchSaveProducts,Future<int>,Public,STATICALLY_VALID,"Params: (List<CatalogProduct> products, {int batc...)"
lib/core/repositories/catalog_repository.dart,49,Method/Function,CatalogRepository.getCategories,Future<List<CatalogCategory>>,Public,STATICALLY_VALID,Params: ()
lib/core/services/chat_brain_service.dart,6,Class,ChatBrainService,GetxService,Public,STATICALLY_VALID,Extends GetxService
lib/core/services/chat_state_service.dart,5,Class,ChatStateService,GetxService,Public,STATICALLY_VALID,Extends GetxService
lib/core/services/chat_state_service.dart,38,Method/Function,ChatStateService.resetAll,void,Public,STATICALLY_VALID,Params: ()
lib/core/services/chat_state_service.dart,41,Method/Function,ChatStateService.resetSession,void,Public,STATICALLY_VALID,Params: ()
lib/core/services/chat_state_service.dart,67,Method/Function,ChatStateService.updatePipeline,void,Public,STATICALLY_VALID,"Params: (String message, double progress)"
lib/core/services/log_service.dart,6,Class,LogService,,Public,STATICALLY_VALID,Base Class
lib/core/services/share_receiver_service.dart,11,Class,ShareReceiverService,GetxService,Public,STATICALLY_VALID,Extends GetxService
lib/core/services/share_receiver_service.dart,16,Method/Function,ShareReceiverService.onInit,void,Public,STATICALLY_VALID,Params: ()
lib/core/services/share_receiver_service.dart,21,Method/Function,ShareReceiverService._initShareListener,void,Private,STATICALLY_VALID,Params: ()
lib/core/services/share_receiver_service.dart,45,Method/Function,ShareReceiverService._processSharedMedia,Future<void>,Private,STATICALLY_VALID,Params: (List<SharedMediaFile> media)
lib/core/services/share_receiver_service.dart,97,Method/Function,ShareReceiverService._navigateToChat,Future<void>,Private,STATICALLY_VALID,Params: ()
lib/core/services/share_receiver_service.dart,126,Method/Function,ShareReceiverService.onClose,void,Public,STATICALLY_VALID,Params: ()
lib/core/storage/app_storage_service.dart,8,Class,AppStorageService,GetxService,Public,STATICALLY_VALID,Extends GetxService
lib/core/storage/app_storage_service.dart,13,Method/Function,AppStorageService.init,Future<AppStorageService>,Public,STATICALLY_VALID,Params: ()
lib/core/storage/app_storage_service.dart,19,Method/Function,AppStorageService._migrateFromSharedPreferences,await,Private,STATICALLY_VALID,Params: ()
lib/core/storage/app_storage_service.dart,25,Method/Function,AppStorageService._migrateFromSharedPreferences,Future<void>,Private,STATICALLY_VALID,Params: ()
lib/core/storage/app_storage_service.dart,66,Method/Function,AppStorageService.write,Future<void>,Public,STATICALLY_VALID,"Params: (String key, dynamic value)"
lib/core/storage/app_storage_service.dart,70,Method/Function,AppStorageService.writeString,Future<void>,Public,STATICALLY_VALID,"Params: (String key, String value)"
lib/core/storage/app_storage_service.dart,71,Method/Function,AppStorageService.writeBool,Future<void>,Public,STATICALLY_VALID,"Params: (String key, bool value)"
lib/core/storage/app_storage_service.dart,72,Method/Function,AppStorageService.writeInt,Future<void>,Public,STATICALLY_VALID,"Params: (String key, int value)"
lib/core/storage/app_storage_service.dart,74,Method/Function,AppStorageService.remove,Future<void>,Public,STATICALLY_VALID,Params: (String key)
lib/core/storage/app_storage_service.dart,82,Method/Function,AppStorageService.writeSecure,Future<void>,Public,STATICALLY_VALID,"Params: (String key, String value)"
lib/core/storage/app_storage_service.dart,86,Method/Function,AppStorageService.readSecure,Future<String>,Public,STATICALLY_VALID,Params: (String key)
lib/core/storage/app_storage_service.dart,90,Method/Function,AppStorageService.deleteSecure,Future<void>,Public,STATICALLY_VALID,Params: (String key)
lib/core/storage/app_storage_service.dart,103,Method/Function,AppStorageService.saveProviderApiKey,Future<void>,Public,STATICALLY_VALID,"Params: (String providerName, String apiKey)"
lib/core/storage/app_storage_service.dart,106,Method/Function,AppStorageService.saveProviderEndpoint,Future<void>,Public,STATICALLY_VALID,"Params: (String providerName, String endpoint)"
lib/core/storage/app_storage_service.dart,108,Method/Function,AppStorageService.saveTestResult,Future<void>,Public,STATICALLY_VALID,"Params: (String providerName, bool success)"
lib/core/storage/app_storage_service.dart,110,Method/Function,AppStorageService.writeString,await,Public,STATICALLY_VALID,Params: (StorageKeys.testTimeKey(providerName)
lib/core/storage/app_storage_service.dart,111,Method/Function,AppStorageService.writeBool,await,Public,STATICALLY_VALID,Params: (StorageKeys.testSuccessKey(providerName)
lib/core/storage/storage_keys.dart,1,Class,StorageKeys,,Public,STATICALLY_VALID,Base Class
lib/core/strings/app_strings.dart,1,Class,AppStrings,,Public,STATICALLY_VALID,Base Class
lib/core/utils/auth_validation.dart,1,Class,AuthValidation,,Public,STATICALLY_VALID,Base Class
lib/core/utils/error_handler.dart,6,Class,ErrorHandler,,Public,STATICALLY_VALID,Base Class
lib/core/utils/error_handler.dart,141,Class,SmartException,,Public,STATICALLY_VALID,Base Class
lib/core/utils/error_handler.dart,149,Method/Function,SmartException.toString,String,Public,STATICALLY_VALID,Params: ()
lib/core/utils/image_utils.dart,9,Class,CompositeResult,,Public,STATICALLY_VALID,Base Class
lib/core/utils/image_utils.dart,16,Class,CompositionInput,,Public,STATICALLY_VALID,Base Class
lib/core/utils/image_utils.dart,37,Class,ImageUtils,,Public,STATICALLY_VALID,Base Class
lib/core/utils/json_utils.dart,4,Class,JsonUtils,,Public,STATICALLY_VALID,Base Class
lib/core/utils/key_routing_helper.dart,6,Class,KeyRoutingHelper,,Public,STATICALLY_VALID,Base Class
lib/core/utils/log_service.dart,4,Class,LogService,,Public,STATICALLY_VALID,Base Class
lib/core/utils/responsive_helper.dart,4,Class,ResponsiveHelper,,Public,STATICALLY_VALID,Base Class
lib/core/utils/responsive_helper.dart,38,Class,FluidGridHelper,,Public,STATICALLY_VALID,Base Class
lib/core/utils/responsive_helper.dart,64,Method/Function,FluidGridHelper.responsiveFontSize,double,Public,STATICALLY_VALID,Params: (double fontSize)
lib/core/utils/result.dart,8,Class,Result,,Public,STATICALLY_VALID,Base Class
lib/core/utils/result.dart,9,Method/Function,Result.Result,const,Public,STATICALLY_VALID,Params: ()
lib/core/utils/result.dart,25,Class,Success,,Public,STATICALLY_VALID,Base Class
lib/core/utils/result.dart,27,Method/Function,Success.Success,const,Public,STATICALLY_VALID,Params: (this.value)
lib/core/utils/result.dart,30,Method/Function,Success.toString,String,Public,STATICALLY_VALID,Params: ()
lib/core/utils/result.dart,44,Class,Failure,,Public,STATICALLY_VALID,Base Class
lib/core/utils/result.dart,56,Method/Function,Failure.toString,String,Public,STATICALLY_VALID,Params: ()
lib/core/utils/result.dart,83,Class,NetworkFailure,,Public,STATICALLY_VALID,Base Class
lib/core/utils/result.dart,84,Method/Function,NetworkFailure.NetworkFailure,const,Public,STATICALLY_VALID,"Params: (super.message, {super.exception})"
lib/core/utils/result.dart,88,Class,AiFailure,,Public,STATICALLY_VALID,Base Class
lib/core/utils/result.dart,89,Method/Function,AiFailure.AiFailure,const,Public,STATICALLY_VALID,"Params: (super.message, {super.exception})"
lib/core/utils/result.dart,93,Class,DatabaseFailure,,Public,STATICALLY_VALID,Base Class
lib/core/utils/result.dart,94,Method/Function,DatabaseFailure.DatabaseFailure,const,Public,STATICALLY_VALID,"Params: (super.message, {super.exception})"
lib/core/utils/result.dart,98,Class,PermissionFailure,,Public,STATICALLY_VALID,Base Class
lib/core/utils/result.dart,99,Method/Function,PermissionFailure.PermissionFailure,const,Public,STATICALLY_VALID,"Params: (super.message, {super.exception})"
lib/core/utils/result.dart,103,Class,ValidationFailure,,Public,STATICALLY_VALID,Base Class
lib/core/utils/result.dart,104,Method/Function,ValidationFailure.ValidationFailure,const,Public,STATICALLY_VALID,"Params: (super.message, {super.exception})"
lib/core/utils/result.dart,108,Class,TimeoutFailure,,Public,STATICALLY_VALID,Base Class
lib/core/utils/result.dart,109,Method/Function,TimeoutFailure.TimeoutFailure,const,Public,STATICALLY_VALID,"Params: (super.message, {super.exception})"
lib/core/utils/result.dart,135,Method/Function,TimeoutFailure.StateError,throw,Public,STATICALLY_VALID,Params: ('Unknown Result type')
lib/core/utils/result.dart,168,Method/Function,TimeoutFailure.Function,Future<Result<R>>,Public,STATICALLY_VALID,Params: (T value)
lib/core/utils/result.dart,183,Method/Function,TimeoutFailure.getOrElse,T,Public,STATICALLY_VALID,Params: (T defaultValue)
lib/core/utils/result.dart,188,Method/Function,TimeoutFailure.getOrElseCompute,T,Public,STATICALLY_VALID,Params: (T Function()
lib/core/utils/result.dart,193,Method/Function,TimeoutFailure.onSuccess,Result<T>,Public,STATICALLY_VALID,Params: (void Function(T value)
lib/core/utils/result.dart,202,Method/Function,TimeoutFailure.Function,void,Public,STATICALLY_VALID,"Params: (String message, Exception? exception, Fa...)"
lib/core/utils/smart_exception.dart,1,Class,SmartUserException,,Public,STATICALLY_VALID,Base Class
lib/core/utils/smart_exception.dart,13,Method/Function,SmartUserException.toString,String,Public,STATICALLY_VALID,Params: ()
lib/core/utils/snackbar_utils.dart,5,Class,SnackBarUtils,,Public,STATICALLY_VALID,Base Class
lib/core/utils/snackbar_utils.dart,91,Method/Function,SnackBarUtils.SizedBox,const,Public,STATICALLY_VALID,Params: (width: 16)
lib/core/utils/snackbar_utils.dart,108,Method/Function,SnackBarUtils.SizedBox,const,Public,STATICALLY_VALID,Params: (height: 4)
lib/core/widgets/glass_container.dart,4,Class,GlassContainer,StatelessWidget,Public,STATICALLY_VALID,Extends StatelessWidget
lib/core/widgets/glass_container.dart,29,Method/Function,GlassContainer.build,Widget,Public,STATICALLY_VALID,Params: (BuildContext context)
lib/core/theme/animations/galactic_background_unified.dart,6,Class,GalacticBackgroundUnified,StatelessWidget,Public,STATICALLY_VALID,Extends StatelessWidget
lib/core/theme/animations/galactic_background_unified.dart,19,Method/Function,GalacticBackgroundUnified.build,Widget,Public,STATICALLY_VALID,Params: (BuildContext context)
lib/core/theme/animations/galactic_background_unified.dart,62,Class,_Nebula,StatelessWidget,Private,STATICALLY_VALID,Extends StatelessWidget
lib/core/theme/animations/galactic_background_unified.dart,65,Method/Function,_Nebula._Nebula,const,Private,STATICALLY_VALID,"Params: ({required this.color, required this.size...)"
lib/core/theme/animations/galactic_background_unified.dart,68,Method/Function,_Nebula.build,Widget,Public,STATICALLY_VALID,Params: (BuildContext context)
lib/core/theme/animations/galactic_background_unified.dart,82,Class,_StarPainter,CustomPainter,Private,STATICALLY_VALID,Extends CustomPainter
lib/core/theme/animations/galactic_background_unified.dart,87,Method/Function,_StarPainter.paint,void,Public,STATICALLY_VALID,"Params: (Canvas canvas, Size size)"
lib/core/theme/animations/galactic_background_unified.dart,98,Method/Function,_StarPainter.shouldRepaint,bool,Public,STATICALLY_VALID,Params: (covariant CustomPainter oldDelegate)
lib/core/theme/ui_kit/smart_bouncy_wrapper.dart,6,Class,SmartBouncyWrapper,StatefulWidget,Public,STATICALLY_VALID,Extends StatefulWidget
lib/core/theme/ui_kit/smart_bouncy_wrapper.dart,25,Method/Function,SmartBouncyWrapper.createState,State<SmartBouncyWrapper>,Public,STATICALLY_VALID,Params: ()
lib/core/theme/ui_kit/smart_bouncy_wrapper.dart,29,Class,_SmartBouncyWrapperState,State,Private,STATICALLY_VALID,Extends State
lib/core/theme/ui_kit/smart_bouncy_wrapper.dart,35,Method/Function,_SmartBouncyWrapperState.initState,void,Public,STATICALLY_VALID,Params: ()
lib/core/theme/ui_kit/smart_bouncy_wrapper.dart,48,Method/Function,_SmartBouncyWrapperState.dispose,void,Public,STATICALLY_VALID,Params: ()
lib/core/theme/ui_kit/smart_bouncy_wrapper.dart,53,Method/Function,_SmartBouncyWrapperState._handleTapDown,void,Private,STATICALLY_VALID,Params: (TapDownDetails details)
lib/core/theme/ui_kit/smart_bouncy_wrapper.dart,60,Method/Function,_SmartBouncyWrapperState._handleTapUp,void,Private,STATICALLY_VALID,Params: (TapUpDetails details)
lib/core/theme/ui_kit/smart_bouncy_wrapper.dart,67,Method/Function,_SmartBouncyWrapperState._handleTapCancel,void,Private,STATICALLY_VALID,Params: ()
lib/core/theme/ui_kit/smart_bouncy_wrapper.dart,74,Method/Function,_SmartBouncyWrapperState.build,Widget,Public,STATICALLY_VALID,Params: (BuildContext context)
lib/core/theme/ui_kit/smart_fluid_panel.dart,7,Class,SmartFluidPanel,StatelessWidget,Public,STATICALLY_VALID,Extends StatelessWidget
lib/core/theme/ui_kit/smart_fluid_panel.dart,26,Method/Function,SmartFluidPanel.build,Widget,Public,STATICALLY_VALID,Params: (BuildContext context)
lib/core/theme/ui_kit/smart_glass_card.dart,6,Class,SmartGlassCard,StatelessWidget,Public,STATICALLY_VALID,Extends StatelessWidget
lib/core/theme/ui_kit/smart_glass_card.dart,31,Method/Function,SmartGlassCard.build,Widget,Public,STATICALLY_VALID,Params: (BuildContext context)
lib/core/theme/ui_kit/smart_neon_button.dart,8,Class,SmartNeonButton,StatelessWidget,Public,STATICALLY_VALID,Extends StatelessWidget
lib/core/theme/ui_kit/smart_neon_button.dart,33,Method/Function,SmartNeonButton.build,Widget,Public,STATICALLY_VALID,Params: (BuildContext context)
lib/core/theme/ui_kit/smart_neon_button.dart,74,Method/Function,SmartNeonButton.SizedBox,const,Public,STATICALLY_VALID,Params: (width: 8)
lib/core/theme/ui_kit/smart_neon_text_field.dart,5,Class,SmartNeonTextField,StatelessWidget,Public,STATICALLY_VALID,Extends StatelessWidget
lib/core/theme/ui_kit/smart_neon_text_field.dart,15,Method/Function,SmartNeonTextField.Function,final,Public,STATICALLY_VALID,Params: (String)
lib/core/theme/ui_kit/smart_neon_text_field.dart,34,Method/Function,SmartNeonTextField.build,Widget,Public,STATICALLY_VALID,Params: (BuildContext context)
lib/core/theme/ui_kit/smart_soft_icon.dart,6,Class,SmartSoftIcon,StatelessWidget,Public,STATICALLY_VALID,Extends StatelessWidget
lib/core/theme/ui_kit/smart_soft_icon.dart,21,Method/Function,SmartSoftIcon.build,Widget,Public,STATICALLY_VALID,Params: (BuildContext context)
lib/core/theme/ui_kit/smart_stat_box.dart,5,Class,SmartStatBox,StatelessWidget,Public,STATICALLY_VALID,Extends StatelessWidget
lib/core/theme/ui_kit/smart_stat_box.dart,22,Method/Function,SmartStatBox.build,Widget,Public,STATICALLY_VALID,Params: (BuildContext context)
lib/core/theme/ui_kit/smart_stat_box.dart,29,Method/Function,SmartStatBox._buildDefault,Widget,Private,STATICALLY_VALID,Params: ()
lib/core/theme/ui_kit/smart_stat_box.dart,54,Method/Function,SmartStatBox.SizedBox,const,Public,STATICALLY_VALID,Params: (height: 8)
lib/core/theme/ui_kit/smart_stat_box.dart,77,Method/Function,SmartStatBox._buildSmall,Widget,Private,STATICALLY_VALID,Params: ()
lib/core/theme/ui_kit/smart_stat_box.dart,89,Method/Function,SmartStatBox.SizedBox,const,Public,STATICALLY_VALID,Params: (width: 10)
lib/ai/agents/mock_product_research_agent.dart,4,Class,MockProductResearchAgent,BaseAgent,Public,STATICALLY_VALID,Extends BaseAgent
lib/ai/agents/mock_product_research_agent.dart,11,Method/Function,MockProductResearchAgent.execute,Future<AgentResult>,Public,STATICALLY_VALID,Params: (AgentRequest request)
lib/ai/agents/mock_product_research_agent.dart,47,Method/Function,MockProductResearchAgent.canHandle,bool,Public,STATICALLY_VALID,Params: (String capability)
lib/ai/core/agent_feature_flags.dart,1,Class,AgentFeatureFlags,,Public,STATICALLY_VALID,Base Class
lib/ai/core/agent_models.dart,53,Class,ReplyModeResult,,Public,STATICALLY_VALID,Base Class
lib/ai/core/agent_models.dart,63,Class,MediaAnalysisResult,,Public,STATICALLY_VALID,Base Class
lib/ai/core/agent_models.dart,75,Class,ProductVisionResult,,Public,STATICALLY_VALID,Base Class
lib/ai/core/agent_models.dart,93,Class,ProcessedInput,,Public,STATICALLY_VALID,Base Class
lib/ai/core/agent_models.dart,113,Class,AIIntentResult,,Public,STATICALLY_VALID,Base Class
lib/ai/core/agent_models.dart,133,Method/Function,AIIntentResult.toJson,"Map<String,",Public,STATICALLY_VALID,Params: ()
lib/ai/core/agent_models.dart,161,Class,ProductGalleryData,,Public,STATICALLY_VALID,Base Class
lib/ai/core/agent_models.dart,174,Method/Function,ProductGalleryData.toJson,"Map<String,",Public,STATICALLY_VALID,Params: ()
lib/ai/core/agent_models.dart,191,Class,VideoDiscoveryData,,Public,STATICALLY_VALID,Base Class
lib/ai/core/agent_models.dart,202,Method/Function,VideoDiscoveryData.toJson,"Map<String,",Public,STATICALLY_VALID,Params: ()
lib/ai/core/agent_models.dart,217,Class,ExpertResearchData,,Public,STATICALLY_VALID,Base Class
lib/ai/core/agent_models.dart,234,Method/Function,ExpertResearchData.toJson,"Map<String,",Public,STATICALLY_VALID,Params: ()
lib/ai/core/agent_models.dart,255,Class,ImageGalleryData,,Public,STATICALLY_VALID,Base Class
lib/ai/core/agent_models.dart,266,Method/Function,ImageGalleryData.toJson,"Map<String,",Public,STATICALLY_VALID,Params: ()
lib/ai/core/agent_models.dart,282,Class,ImageItem,,Public,STATICALLY_VALID,Base Class
lib/ai/core/agent_models.dart,299,Method/Function,ImageItem.toJson,"Map<String,",Public,STATICALLY_VALID,Params: ()
lib/ai/core/agent_models.dart,319,Class,ContentPlanData,,Public,STATICALLY_VALID,Base Class
lib/ai/core/agent_models.dart,338,Method/Function,ContentPlanData.toJson,"Map<String,",Public,STATICALLY_VALID,Params: ()
lib/ai/core/agent_models.dart,359,Class,AgentRequest,,Public,STATICALLY_VALID,Base Class
lib/ai/core/agent_models.dart,379,Class,SuggestedAction,,Public,STATICALLY_VALID,Base Class
lib/ai/core/agent_models.dart,390,Method/Function,SuggestedAction.toJson,"Map<String,",Public,STATICALLY_VALID,Params: ()
lib/ai/core/agent_models.dart,404,Class,IncomingMessage,,Public,STATICALLY_VALID,Base Class
lib/ai/core/agent_models.dart,437,Class,AiTask,,Public,STATICALLY_VALID,Base Class
lib/ai/core/agent_models.dart,473,Class,AiPlan,,Public,STATICALLY_VALID,Base Class
lib/ai/core/agent_models.dart,487,Class,AiPlanStep,,Public,STATICALLY_VALID,Base Class
lib/ai/core/agent_models.dart,502,Class,AgentResult,,Public,STATICALLY_VALID,Base Class
lib/ai/core/agent_models.dart,525,Method/Function,AgentResult.toJson,"Map<String,",Public,STATICALLY_VALID,Params: ()
lib/ai/core/agent_router.dart,7,Class,AgentRouter,,Public,STATICALLY_VALID,Base Class
lib/ai/core/ai_constants.dart,7,Class,AIConstants,,Public,STATICALLY_VALID,Base Class
lib/ai/core/ai_helpers_mixin.dart,45,Method/Function,_isValidProductName,bool,Private,STATICALLY_VALID,Params: (String text)
lib/ai/core/ai_helpers_mixin.dart,50,Method/Function,isGenericBrand,bool,Public,STATICALLY_VALID,Params: (String? s)
lib/ai/core/ai_helpers_mixin.dart,63,Method/Function,cleanTikTokTitle,String,Public,STATICALLY_VALID,Params: (String title)
lib/ai/core/ai_helpers_mixin.dart,86,Method/Function,formatViews,String,Public,STATICALLY_VALID,Params: (int views)
lib/ai/core/ai_helpers_mixin.dart,101,Method/Function,isImageGenerationRequest,bool,Public,STATICALLY_VALID,Params: (String prompt)
lib/ai/core/base_agent.dart,5,Class,BaseAgent,,Public,STATICALLY_VALID,Base Class
lib/ai/core/base_agent.dart,17,Method/Function,BaseAgent.execute,Future<AgentResult>,Public,STATICALLY_VALID,Params: (AgentRequest request)
lib/ai/core/base_agent.dart,20,Method/Function,BaseAgent.canHandle,bool,Public,STATICALLY_VALID,Params: (String capability)
lib/ai/memory/agent_memory.dart,1,Class,AgentMemory,,Public,STATICALLY_VALID,Base Class
lib/ai/memory/agent_memory.dart,10,Method/Function,AgentMemory.AgentMemory,factory,Public,STATICALLY_VALID,Params: ()
lib/ai/memory/agent_memory.dart,18,Method/Function,AgentMemory.set,void,Public,STATICALLY_VALID,"Params: (String key, dynamic value)"
lib/ai/memory/agent_memory.dart,21,Method/Function,AgentMemory.clear,void,Public,STATICALLY_VALID,Params: ()
lib/ai/mixins/agent_core_mixin.dart,24,Method/Function,handleAction,Future<void>,Public,STATICALLY_VALID,"Params: (String id, {dynamic payload, dio.CancelT...)"
lib/ai/mixins/agent_core_mixin.dart,95,Method/Function,launchUrl,await,Public,STATICALLY_VALID,"Params: (Uri.parse(""https://www.instagram.com/exp...)"
lib/ai/mixins/agent_core_mixin.dart,584,Method/Function,_resolveSearchContext,ProductSearchContext,Private,STATICALLY_VALID,Params: (dynamic payload)
lib/ai/mixins/agent_core_mixin.dart,614,Method/Function,getPlatformQuery,String,Public,STATICALLY_VALID,"Params: (String platform, dynamic payload)"
lib/ai/mixins/agent_core_mixin.dart,626,Method/Function,_getRawQuery,String,Private,STATICALLY_VALID,Params: (dynamic payload)
lib/ai/mixins/agent_core_mixin.dart,657,Method/Function,getCleanSearchQuery,String,Public,STATICALLY_VALID,Params: (dynamic payload)
lib/ai/mixins/agent_core_mixin.dart,694,Method/Function,retryLastAssistantMessage,Future<void>,Public,STATICALLY_VALID,Params: ()
lib/ai/mixins/agent_core_mixin.dart,712,Method/Function,respondNormally,Future<void>,Public,STATICALLY_VALID,"Params: (String prompt, {List<File>? images, dio....)"
lib/ai/mixins/agent_core_mixin.dart,749,Method/Function,Exception,throw,Public,STATICALLY_VALID,Params: (result['error'] ?? 'Vision analysis fail...)
lib/ai/mixins/agent_core_mixin.dart,759,Method/Function,Exception,throw,Public,STATICALLY_VALID,Params: (result['error'] ?? 'Text generation fail...)
lib/ai/mixins/agent_core_mixin.dart,807,Method/Function,trackAction,void,Public,STATICALLY_VALID,"Params: (String action, {dynamic payload, String?...)"
lib/ai/mixins/agent_core_mixin.dart,846,Method/Function,stripJsonFromResponse,String,Public,STATICALLY_VALID,Params: (String text)
lib/ai/mixins/agent_media_mixin.dart,17,Method/Function,handleVisionAnalysis,Future<void>,Public,STATICALLY_VALID,"Params: (File file, {dynamic preAnalyzedResult, d...)"
lib/ai/mixins/agent_media_mixin.dart,169,Method/Function,handleBrandedAdPipeline,Future<void>,Public,STATICALLY_VALID,"Params: (File file, {dio.CancelToken? cancelToken...)"
lib/ai/mixins/agent_media_mixin.dart,212,Method/Function,handleEnhanceProductImage,Future<void>,Public,STATICALLY_VALID,Params: (File file)
lib/ai/mixins/agent_media_mixin.dart,233,Method/Function,handleAudioEnhance,Future<void>,Public,STATICALLY_VALID,Params: (String path)
lib/ai/mixins/agent_media_mixin.dart,253,Method/Function,handleVisualInspiration,Future<void>,Public,STATICALLY_VALID,"Params: (String query, {File? image, dio.CancelTo...)"
lib/ai/mixins/agent_media_mixin.dart,350,Method/Function,handleVideoGeneration,Future<void>,Public,STATICALLY_VALID,"Params: (String prompt, {dio.CancelToken? cancelT...)"
lib/ai/mixins/agent_media_mixin.dart,489,Method/Function,resumePendingVideoTasks,void,Public,STATICALLY_VALID,Params: ()
lib/ai/mixins/agent_media_mixin.dart,509,Method/Function,_handleResumeVideo,Future<void>,Private,STATICALLY_VALID,"Params: (ChatMessage placeholder, String taskId)"
lib/ai/mixins/agent_media_mixin.dart,563,Method/Function,refreshVideoTask,Future<void>,Public,STATICALLY_VALID,Params: (ChatMessage msg)
lib/ai/mixins/agent_search_mixin.dart,15,Method/Function,handleGoogleLens,Future<void>,Public,STATICALLY_VALID,"Params: (File? image, {dio.CancelToken? cancelTok...)"
lib/ai/mixins/agent_search_mixin.dart,97,Method/Function,handleGoogleTrends,Future<void>,Public,STATICALLY_VALID,"Params: (String query, {dio.CancelToken? cancelTo...)"
lib/ai/mixins/agent_search_mixin.dart,121,Method/Function,handleYoutubeSearch,Future<void>,Public,STATICALLY_VALID,"Params: (String query, {dio.CancelToken? cancelTo...)"
lib/ai/mixins/agent_search_mixin.dart,172,Method/Function,handleAmazonSearch,Future<void>,Public,STATICALLY_VALID,"Params: (String query, {dio.CancelToken? cancelTo...)"
lib/ai/mixins/agent_search_mixin.dart,210,Method/Function,handleGoogleNews,Future<void>,Public,STATICALLY_VALID,"Params: (String query, {dio.CancelToken? cancelTo...)"
lib/ai/mixins/agent_search_mixin.dart,238,Method/Function,handleGoogleShopping,Future<void>,Public,STATICALLY_VALID,"Params: (String query, {dio.CancelToken? cancelTo...)"
lib/ai/mixins/agent_search_mixin.dart,265,Method/Function,handleGoogleReverseImage,Future<void>,Public,STATICALLY_VALID,"Params: (File image, {dio.CancelToken? cancelToke...)"
lib/ai/mixins/agent_search_mixin.dart,284,Method/Function,handleGoogleShortVideos,Future<void>,Public,STATICALLY_VALID,"Params: (String rawQuery, {dio.CancelToken? cance...)"
lib/ai/mixins/agent_search_mixin.dart,323,Method/Function,handleReverseVideoSearch,Future<void>,Public,STATICALLY_VALID,Params: ({dio.CancelToken? cancelToken})
lib/ai/mixins/agent_search_mixin.dart,397,Method/Function,_refineVideoSearchQuery,String,Private,STATICALLY_VALID,Params: (String text)
lib/ai/mixins/agent_search_mixin.dart,425,Method/Function,refineSocialSearchQuery,String,Public,STATICALLY_VALID,"Params: (String original, {String platform = 'ins...)"
lib/ai/mixins/agent_search_mixin.dart,438,Method/Function,handleExpertResearch,Future<void>,Public,STATICALLY_VALID,"Params: (String query, {dio.CancelToken? cancelTo...)"
lib/ai/models/app_context.dart,6,Class,AppContext,,Public,STATICALLY_VALID,Base Class
lib/ai/models/app_context.dart,39,Method/Function,AppContext.toContextPrompt,String,Public,STATICALLY_VALID,Params: ()
lib/ai/models/app_context.dart,72,Method/Function,AppContext.toString,String,Public,STATICALLY_VALID,Params: ()
lib/ai/ui/agent_result_renderer.dart,11,Class,AgentResultRenderer,,Public,STATICALLY_VALID,Base Class
lib/ai/ui/content_plan_widget.dart,6,Class,ContentPlanWidget,StatelessWidget,Public,STATICALLY_VALID,Extends StatelessWidget
lib/ai/ui/content_plan_widget.dart,17,Method/Function,ContentPlanWidget.build,Widget,Public,STATICALLY_VALID,Params: (BuildContext context)
lib/ai/ui/content_plan_widget.dart,40,Method/Function,ContentPlanWidget.SizedBox,const,Public,STATICALLY_VALID,Params: (height: 16)
lib/ai/ui/content_plan_widget.dart,44,Method/Function,ContentPlanWidget.SizedBox,const,Public,STATICALLY_VALID,Params: (height: 16)
lib/ai/ui/content_plan_widget.dart,49,Method/Function,ContentPlanWidget.SizedBox,const,Public,STATICALLY_VALID,Params: (height: 16)
lib/ai/ui/content_plan_widget.dart,54,Method/Function,ContentPlanWidget.SizedBox,const,Public,STATICALLY_VALID,Params: (height: 16)
lib/ai/ui/content_plan_widget.dart,67,Method/Function,ContentPlanWidget._buildHeader,Widget,Private,STATICALLY_VALID,Params: ()
lib/ai/ui/content_plan_widget.dart,81,Method/Function,ContentPlanWidget.Icon,const,Public,STATICALLY_VALID,"Params: (Icons.auto_awesome, color: Colors.amber,...)"
lib/ai/ui/content_plan_widget.dart,82,Method/Function,ContentPlanWidget.SizedBox,const,Public,STATICALLY_VALID,Params: (width: 12)
lib/ai/ui/content_plan_widget.dart,98,Method/Function,ContentPlanWidget._buildSection,Widget,Private,STATICALLY_VALID,"Params: (String title, String content, {bool isIt...)"
lib/ai/ui/content_plan_widget.dart,128,Method/Function,ContentPlanWidget.SizedBox,const,Public,STATICALLY_VALID,Params: (height: 8)
lib/ai/ui/content_plan_widget.dart,150,Method/Function,ContentPlanWidget._buildHooksSection,Widget,Private,STATICALLY_VALID,Params: ()
lib/ai/ui/content_plan_widget.dart,155,Method/Function,ContentPlanWidget.SizedBox,const,Public,STATICALLY_VALID,Params: (height: 16)
lib/ai/ui/content_plan_widget.dart,164,Method/Function,ContentPlanWidget.SizedBox,const,Public,STATICALLY_VALID,Params: (height: 8)
lib/ai/ui/content_plan_widget.dart,170,Method/Function,ContentPlanWidget.Text,const,Public,STATICALLY_VALID,"Params: (""📍 "", style: TextStyle(fontSize: 14)"
lib/ai/ui/content_plan_widget.dart,184,Method/Function,ContentPlanWidget._buildActions,Widget,Private,STATICALLY_VALID,Params: (BuildContext context)
lib/ai/ui/content_plan_widget.dart,195,Method/Function,ContentPlanWidget._buildActionButton,Widget,Private,STATICALLY_VALID,"Params: (BuildContext context, SuggestedAction ac...)"
lib/ai/ui/expert_research_widget.dart,7,Class,ResearchResultWidget,StatelessWidget,Public,STATICALLY_VALID,Extends StatelessWidget
lib/ai/ui/expert_research_widget.dart,18,Method/Function,ResearchResultWidget.build,Widget,Public,STATICALLY_VALID,Params: (BuildContext context)
lib/ai/ui/expert_research_widget.dart,51,Method/Function,ResearchResultWidget._buildHeader,Widget,Private,STATICALLY_VALID,Params: (String title)
lib/ai/ui/expert_research_widget.dart,79,Method/Function,ResearchResultWidget.SizedBox,const,Public,STATICALLY_VALID,Params: (width: 12)
lib/ai/ui/expert_research_widget.dart,93,Method/Function,ResearchResultWidget.SizedBox,const,Public,STATICALLY_VALID,Params: (height: 4)
lib/ai/ui/expert_research_widget.dart,116,Method/Function,ResearchResultWidget._getSectionIcon,IconData,Private,STATICALLY_VALID,Params: (String text)
lib/ai/ui/expert_research_widget.dart,133,Method/Function,ResearchResultWidget._getSectionColor,Color,Private,STATICALLY_VALID,Params: (String text)
lib/ai/ui/expert_research_widget.dart,141,Method/Function,ResearchResultWidget._buildBlock,Widget,Private,STATICALLY_VALID,Params: (dynamic block)
lib/ai/ui/expert_research_widget.dart,156,Method/Function,ResearchResultWidget.SizedBox,const,Public,STATICALLY_VALID,Params: (width: 8)
lib/ai/ui/expert_research_widget.dart,203,Method/Function,ResearchResultWidget._buildListItem,Widget,Private,STATICALLY_VALID,Params: (dynamic item)
lib/ai/ui/expert_research_widget.dart,219,Method/Function,ResearchResultWidget.SizedBox,const,Public,STATICALLY_VALID,Params: (width: 12)
lib/ai/ui/expert_research_widget.dart,236,Method/Function,ResearchResultWidget._buildTable,Widget,Private,STATICALLY_VALID,"Params: (Map<String, dynamic> block)"
lib/ai/ui/expert_research_widget.dart,269,Method/Function,ResearchResultWidget._buildCodeBlock,Widget,Private,STATICALLY_VALID,"Params: (Map<String, dynamic> block)"
lib/ai/ui/expert_research_widget.dart,286,Method/Function,ResearchResultWidget.SizedBox,const,Public,STATICALLY_VALID,Params: (height: 8)
lib/ai/ui/expert_research_widget.dart,303,Method/Function,ResearchResultWidget._buildReferences,Widget,Private,STATICALLY_VALID,Params: ()
lib/ai/ui/expert_research_widget.dart,316,Method/Function,ResearchResultWidget.Icon,const,Public,STATICALLY_VALID,"Params: (Icons.link_rounded, color: Colors.white5...)"
lib/ai/ui/expert_research_widget.dart,317,Method/Function,ResearchResultWidget.SizedBox,const,Public,STATICALLY_VALID,Params: (width: 8)
lib/ai/ui/expert_research_widget.dart,329,Method/Function,ResearchResultWidget.SizedBox,const,Public,STATICALLY_VALID,Params: (height: 16)
lib/ai/ui/expert_research_widget.dart,349,Method/Function,ResearchResultWidget.Icon,const,Public,STATICALLY_VALID,"Params: (Icons.open_in_new_rounded, color: Colors...)"
lib/ai/ui/expert_research_widget.dart,350,Method/Function,ResearchResultWidget.SizedBox,const,Public,STATICALLY_VALID,Params: (width: 8)
lib/ai/ui/expert_research_widget.dart,371,Method/Function,ResearchResultWidget._buildActions,Widget,Private,STATICALLY_VALID,Params: ()
lib/ai/ui/expert_research_widget.dart,381,Method/Function,ResearchResultWidget._buildActionButton,Widget,Private,STATICALLY_VALID,Params: (SuggestedAction action)
lib/ai/ui/expert_research_widget.dart,395,Method/Function,ResearchResultWidget._launchUrl,void,Private,STATICALLY_VALID,Params: (String? url)
lib/ai/ui/expert_research_widget.dart,399,Method/Function,ResearchResultWidget.launchUrl,await,Public,STATICALLY_VALID,Params: (uri)
lib/ai/ui/image_gallery_widget.dart,24,Class,ImageGalleryWidget,StatelessWidget,Public,STATICALLY_VALID,Extends StatelessWidget
lib/ai/ui/image_gallery_widget.dart,35,Method/Function,ImageGalleryWidget.build,Widget,Public,STATICALLY_VALID,Params: (BuildContext context)
lib/ai/ui/image_gallery_widget.dart,80,Method/Function,ImageGalleryWidget.SizedBox,const,Public,STATICALLY_VALID,Params: (height: 12)
lib/ai/ui/image_gallery_widget.dart,87,Method/Function,ImageGalleryWidget._buildHeader,Widget,Private,STATICALLY_VALID,"Params: (BuildContext context, MarketingShareCont...)"
lib/ai/ui/image_gallery_widget.dart,109,Method/Function,ImageGalleryWidget.SmartSoftIcon,const,Public,STATICALLY_VALID,"Params: (icon: Icons.auto_awesome_outlined, size:...)"
lib/ai/ui/image_gallery_widget.dart,110,Method/Function,ImageGalleryWidget.SizedBox,const,Public,STATICALLY_VALID,Params: (width: 8)
lib/ai/ui/image_gallery_widget.dart,160,Method/Function,ImageGalleryWidget.SizedBox,const,Public,STATICALLY_VALID,Params: (width: 6)
lib/ai/ui/image_gallery_widget.dart,180,Method/Function,ImageGalleryWidget._buildImageCard,Widget,Private,STATICALLY_VALID,"Params: (BuildContext context, ImageItem item, in...)"
lib/ai/ui/image_gallery_widget.dart,231,Method/Function,ImageGalleryWidget._buildActions,Widget,Private,STATICALLY_VALID,Params: ()
lib/ai/ui/image_gallery_widget.dart,241,Method/Function,ImageGalleryWidget._buildActionButton,Widget,Private,STATICALLY_VALID,Params: (SuggestedAction action)
lib/ai/ui/image_gallery_widget.dart,263,Method/Function,ImageGalleryWidget._showPreview,void,Private,STATICALLY_VALID,"Params: (BuildContext context, int initialIndex)"
lib/ai/ui/image_gallery_widget.dart,338,Method/Function,ImageGalleryWidget.ScanningOverlay,const,Public,STATICALLY_VALID,Params: ()
lib/ai/ui/image_gallery_widget.dart,366,Method/Function,ImageGalleryWidget.SizedBox,const,Public,STATICALLY_VALID,Params: (height: 12)
lib/ai/ui/image_gallery_widget.dart,385,Method/Function,ImageGalleryWidget.SizedBox,const,Public,STATICALLY_VALID,Params: (height: 12)
lib/ai/ui/image_gallery_widget.dart,393,Method/Function,ImageGalleryWidget.SizedBox,const,Public,STATICALLY_VALID,Params: (height: 12)
lib/ai/ui/image_gallery_widget.dart,407,Method/Function,ImageGalleryWidget._shareImage,await,Private,STATICALLY_VALID,"Params: (context, currentItem)"
lib/ai/ui/image_gallery_widget.dart,416,Method/Function,ImageGalleryWidget.SizedBox,const,Public,STATICALLY_VALID,Params: (width: 12)
lib/ai/ui/image_gallery_widget.dart,423,Method/Function,ImageGalleryWidget.SizedBox,const,Public,STATICALLY_VALID,Params: (width: 12)
lib/ai/ui/image_gallery_widget.dart,430,Method/Function,ImageGalleryWidget.SizedBox,const,Public,STATICALLY_VALID,Params: (width: 12)
lib/ai/ui/image_gallery_widget.dart,448,Method/Function,ImageGalleryWidget.SizedBox,const,Public,STATICALLY_VALID,Params: (height: 16)
lib/ai/ui/image_gallery_widget.dart,464,Method/Function,ImageGalleryWidget.SizedBox,const,Public,STATICALLY_VALID,Params: (width: 10)
lib/ai/ui/image_gallery_widget.dart,510,Method/Function,ImageGalleryWidget.SizedBox,const,Public,STATICALLY_VALID,Params: (height: 6)
lib/ai/ui/image_gallery_widget.dart,520,Method/Function,ImageGalleryWidget._shareImage,Future<void>,Private,STATICALLY_VALID,"Params: (BuildContext context, ImageItem item)"
lib/ai/ui/image_gallery_widget.dart,554,Method/Function,ImageGalleryWidget.showShareOptions,void,Public,STATICALLY_VALID,"Params: (BuildContext context, ImageItem item)"
lib/ai/ui/image_gallery_widget.dart,577,Method/Function,ImageGalleryWidget.SizedBox,const,Public,STATICALLY_VALID,Params: (height: 24)
lib/ai/ui/image_gallery_widget.dart,582,Method/Function,ImageGalleryWidget.SizedBox,const,Public,STATICALLY_VALID,Params: (height: 8)
lib/ai/ui/image_gallery_widget.dart,587,Method/Function,ImageGalleryWidget.SizedBox,const,Public,STATICALLY_VALID,Params: (height: 24)
lib/ai/ui/image_gallery_widget.dart,598,Method/Function,ImageGalleryWidget.SizedBox,const,Public,STATICALLY_VALID,Params: (height: 12)
lib/ai/ui/image_gallery_widget.dart,609,Method/Function,ImageGalleryWidget.SizedBox,const,Public,STATICALLY_VALID,Params: (height: 12)
lib/ai/ui/image_gallery_widget.dart,621,Method/Function,ImageGalleryWidget.SizedBox,const,Public,STATICALLY_VALID,Params: (height: 24)
lib/ai/ui/image_gallery_widget.dart,655,Method/Function,ImageGalleryWidget._saveImage,Future<void>,Private,STATICALLY_VALID,"Params: (BuildContext context, ImageItem item)"
lib/ai/ui/image_gallery_widget.dart,694,Method/Function,ImageGalleryWidget._analyzeInChat,Future<void>,Private,STATICALLY_VALID,"Params: (BuildContext context, ImageItem item)"
lib/ai/ui/image_gallery_widget.dart,734,Method/Function,ImageGalleryWidget._lensSearch,void,Private,STATICALLY_VALID,"Params: (BuildContext context, ImageItem item)"
lib/ai/ui/image_gallery_widget.dart,745,Method/Function,ImageGalleryWidget._launchUrl,void,Private,STATICALLY_VALID,Params: (String? url)
lib/ai/ui/image_gallery_widget.dart,749,Method/Function,ImageGalleryWidget.launchUrl,await,Public,STATICALLY_VALID,Params: (uri)
lib/ai/ui/product_gallery_widget.dart,8,Class,ProductGalleryWidget,StatelessWidget,Public,STATICALLY_VALID,Extends StatelessWidget
lib/ai/ui/product_gallery_widget.dart,19,Method/Function,ProductGalleryWidget.build,Widget,Public,STATICALLY_VALID,Params: (BuildContext context)
lib/ai/ui/product_gallery_widget.dart,57,Method/Function,ProductGalleryWidget.Icon,const,Public,STATICALLY_VALID,Params: (Icons.error)
lib/ai/ui/product_gallery_widget.dart,78,Method/Function,ProductGalleryWidget.SizedBox,const,Public,STATICALLY_VALID,Params: (height: 4)
lib/ai/ui/product_gallery_widget.dart,88,Method/Function,ProductGalleryWidget.SizedBox,const,Public,STATICALLY_VALID,Params: (height: 12)
lib/ai/ui/product_gallery_widget.dart,118,Method/Function,ProductGalleryWidget._buildActionButton,Widget,Private,STATICALLY_VALID,"Params: (BuildContext context, SuggestedAction ac...)"
lib/ai/ui/video_discovery_widget.dart,9,Class,VideoDiscoveryWidget,StatelessWidget,Public,STATICALLY_VALID,Extends StatelessWidget
lib/ai/ui/video_discovery_widget.dart,20,Method/Function,VideoDiscoveryWidget.build,Widget,Public,STATICALLY_VALID,Params: (BuildContext context)
lib/ai/ui/video_discovery_widget.dart,71,Method/Function,VideoDiscoveryWidget._buildActionButton,Widget,Private,STATICALLY_VALID,"Params: (BuildContext context, SuggestedAction ac...)"
lib/ai/ui/video_discovery_widget.dart,84,Class,_VideoCard,StatelessWidget,Private,STATICALLY_VALID,Extends StatelessWidget
lib/ai/ui/video_discovery_widget.dart,87,Method/Function,_VideoCard._VideoCard,const,Private,STATICALLY_VALID,Params: ({required this.video})
lib/ai/ui/video_discovery_widget.dart,90,Method/Function,_VideoCard.build,Widget,Public,STATICALLY_VALID,Params: (BuildContext context)
lib/ai/ui/video_discovery_widget.dart,170,Method/Function,_VideoCard.SizedBox,const,Public,STATICALLY_VALID,Params: (height: 4)
lib/ai/ui/video_discovery_widget.dart,173,Method/Function,_VideoCard.Icon,const,Public,STATICALLY_VALID,"Params: (Icons.remove_red_eye_rounded, size: 10, ...)"
lib/ai/ui/video_discovery_widget.dart,174,Method/Function,_VideoCard.SizedBox,const,Public,STATICALLY_VALID,Params: (width: 4)
lib/ai/ui/video_discovery_widget.dart,195,Method/Function,_VideoCard._getPlatformInfo,_PlatformInfo,Private,STATICALLY_VALID,Params: (String url)
lib/ai/ui/video_discovery_widget.dart,207,Method/Function,_VideoCard._launchVideo,Future<void>,Private,STATICALLY_VALID,Params: (String url)
lib/ai/ui/video_discovery_widget.dart,210,Method/Function,_VideoCard.launchUrl,await,Public,STATICALLY_VALID,"Params: (uri, mode: LaunchMode.externalApplicatio...)"
lib/ai/ui/video_discovery_widget.dart,215,Class,_PlatformInfo,,Private,STATICALLY_VALID,Base Class
lib/ai/ui/video_discovery_widget.dart,218,Method/Function,_PlatformInfo._PlatformInfo,const,Private,STATICALLY_VALID,"Params: ({required this.icon, required this.color...)"
